Listing ID,PMS Name,Date,Units,No. Booked,No. Blocked,blocking_units,Bookable Units,nightly_revenue,Vacant Units
316005___633310,cloudbeds,2026-02-02T00:00:00.000000,5,3,0,0,5,229.0,2
316005___633310,cloudbeds,2026-02-03T00:00:00.000000,5,4,0,0,5,229.0,1
316005___633310,cloudbeds,2026-02-04T00:00:00.000000,5,5,0,0,5,229.0,0
316005___633310,cloudbeds,2026-02-05T00:00:00.000000,5,3,0,0,5,251.0,2
316005___633310,cloudbeds,2026-02-06T00:00:00.000000,5,5,0,0,5,787.0,0
316005___633310,cloudbeds,2026-02-07T00:00:00.000000,5,5,0,0,5,865.0,0
316005___633310,cloudbeds,2026-02-08T00:00:00.000000,5,2,0,0,5,334.0,3
316005___633310,cloudbeds,2026-02-09T00:00:00.000000,5,3,0,0,5,279.0,2
316005___633310,cloudbeds,2026-02-10T00:00:00.000000,5,0,0,0,5,279.0,5
316005___633310,cloudbeds,2026-02-11T00:00:00.000000,5,1,0,0,5,339.0,4
316005___633310,cloudbeds,2026-02-12T00:00:00.000000,5,1,0,0,5,668.0,4
316005___633310,cloudbeds,2026-02-13T00:00:00.000000,5,3,0,0,5,1376.0,2
316005___633310,cloudbeds,2026-02-14T00:00:00.000000,5,5,0,0,5,1398.0,0
316005___633310,cloudbeds,2026-02-15T00:00:00.000000,5,5,0,0,5,787.0,0
316005___633310,cloudbeds,2026-02-16T00:00:00.000000,5,2,0,0,5,622.0,3
316005___633310,cloudbeds,2026-02-17T00:00:00.000000,5,1,0,0,5,339.0,4
316005___633310,cloudbeds,2026-02-18T00:00:00.000000,5,1,0,0,5,339.0,4
316005___633310,cloudbeds,2026-02-19T00:00:00.000000,5,3,0,0,5,372.0,2
316005___633310,cloudbeds,2026-02-20T00:00:00.000000,5,5,0,0,5,787.0,0
316005___633310,cloudbeds,2026-02-21T00:00:00.000000,5,5,0,0,5,865.0,0
316005___633310,cloudbeds,2026-02-22T00:00:00.000000,5,0,0,0,5,441.0,5
316005___633310,cloudbeds,2026-02-23T00:00:00.000000,5,2,0,0,5,368.0,3
316005___633310,cloudbeds,2026-02-24T00:00:00.000000,5,2,0,0,5,368.0,3
316005___633310,cloudbeds,2026-02-25T00:00:00.000000,5,0,0,0,5,368.0,5
316005___633310,cloudbeds,2026-02-26T00:00:00.000000,5,2,0,0,5,539.0,3
316005___633310,cloudbeds,2026-02-27T00:00:00.000000,5,4,0,0,5,905.0,1
316005___633310,cloudbeds,2026-02-28T00:00:00.000000,5,5,0,0,5,905.0,0
316005___633310,cloudbeds,2026-03-01T00:00:00.000000,5,1,0,0,5,524.0,4
316005___633310,cloudbeds,2026-03-02T00:00:00.000000,5,1,0,0,5,437.0,4
316005___633310,cloudbeds,2026-03-03T00:00:00.000000,5,1,0,0,5,437.0,4
316005___633310,cloudbeds,2026-03-04T00:00:00.000000,5,1,0,0,5,437.0,4
316005___633310,cloudbeds,2026-03-05T00:00:00.000000,5,0,0,0,5,539.0,5
316005___633310,cloudbeds,2026-03-06T00:00:00.000000,5,0,0,0,5,1023.0,5
316005___633310,cloudbeds,2026-03-07T00:00:00.000000,5,1,0,0,5,1023.0,4
316005___633310,cloudbeds,2026-03-08T00:00:00.000000,5,5,0,0,5,539.0,0
316005___633310,cloudbeds,2026-03-09T00:00:00.000000,5,5,0,0,5,437.0,0
316005___633310,cloudbeds,2026-03-10T00:00:00.000000,5,2,0,0,5,437.0,3
316005___633310,cloudbeds,2026-03-11T00:00:00.000000,5,1,0,0,5,437.0,4
316005___633310,cloudbeds,2026-03-12T00:00:00.000000,5,1,0,0,5,539.0,4
316005___633310,cloudbeds,2026-03-13T00:00:00.000000,5,1,0,0,5,1172.0,4
316005___633310,cloudbeds,2026-03-14T00:00:00.000000,5,1,0,0,5,1172.0,4
316005___633310,cloudbeds,2026-03-15T00:00:00.000000,5,0,0,0,5,787.0,5
316005___633310,cloudbeds,2026-03-16T00:00:00.000000,5,1,0,0,5,698.0,4
316005___633310,cloudbeds,2026-03-17T00:00:00.000000,5,1,0,0,5,698.0,4
316005___633310,cloudbeds,2026-03-18T00:00:00.000000,5,1,0,0,5,698.0,4
316005___633310,cloudbeds,2026-03-19T00:00:00.000000,5,0,0,0,5,787.0,5
316005___633310,cloudbeds,2026-03-20T00:00:00.000000,5,4,0,0,5,1172.0,1
316005___633310,cloudbeds,2026-03-21T00:00:00.000000,5,4,0,0,5,1172.0,1
316005___633310,cloudbeds,2026-03-22T00:00:00.000000,5,1,0,0,5,787.0,4
316005___633310,cloudbeds,2026-03-23T00:00:00.000000,5,1,0,0,5,368.0,4
316005___633310,cloudbeds,2026-03-24T00:00:00.000000,5,2,0,0,5,368.0,3
316005___633310,cloudbeds,2026-03-25T00:00:00.000000,5,1,0,0,5,368.0,4
316005___633310,cloudbeds,2026-03-26T00:00:00.000000,5,0,0,0,5,539.0,5
316005___633310,cloudbeds,2026-03-27T00:00:00.000000,5,1,0,0,5,787.0,4
316005___633310,cloudbeds,2026-03-28T00:00:00.000000,5,1,0,0,5,787.0,4
316005___633310,cloudbeds,2026-03-29T00:00:00.000000,5,0,0,0,5,539.0,5
316005___633310,cloudbeds,2026-03-30T00:00:00.000000,5,1,0,0,5,417.0,4
316005___633310,cloudbeds,2026-03-31T00:00:00.000000,5,1,0,0,5,417.0,4
316005___633310,cloudbeds,2026-04-01T00:00:00.000000,5,2,0,0,5,417.0,3
316005___633310,cloudbeds,2026-04-02T00:00:00.000000,5,1,0,0,5,628.0,4
316005___633310,cloudbeds,2026-04-03T00:00:00.000000,5,0,0,0,5,1222.0,5
316005___633310,cloudbeds,2026-04-04T00:00:00.000000,5,0,0,0,5,1222.0,5
316005___633310,cloudbeds,2026-04-05T00:00:00.000000,5,0,0,0,5,628.0,5
316005___633310,cloudbeds,2026-04-06T00:00:00.000000,5,0,0,0,5,417.0,5
316005___633310,cloudbeds,2026-04-07T00:00:00.000000,5,0,0,0,5,417.0,5
316005___633310,cloudbeds,2026-04-08T00:00:00.000000,5,0,0,0,5,417.0,5
316005___633310,cloudbeds,2026-04-09T00:00:00.000000,5,0,0,0,5,628.0,5
316005___633310,cloudbeds,2026-04-10T00:00:00.000000,5,1,0,0,5,1222.0,4
316005___633310,cloudbeds,2026-04-11T00:00:00.000000,5,1,0,0,5,1222.0,4
316005___633310,cloudbeds,2026-04-12T00:00:00.000000,5,0,0,0,5,628.0,5
316005___633310,cloudbeds,2026-04-13T00:00:00.000000,5,0,0,0,5,417.0,5
316005___633310,cloudbeds,2026-04-14T00:00:00.000000,5,0,0,0,5,417.0,5
316005___633310,cloudbeds,2026-04-15T00:00:00.000000,5,1,0,0,5,417.0,4
316005___633310,cloudbeds,2026-04-16T00:00:00.000000,5,1,0,0,5,628.0,4
316005___633310,cloudbeds,2026-04-17T00:00:00.000000,5,0,0,0,5,1222.0,5
316005___633310,cloudbeds,2026-04-18T00:00:00.000000,5,0,0,0,5,1222.0,5
316005___633310,cloudbeds,2026-04-19T00:00:00.000000,5,0,0,0,5,628.0,5
316005___633310,cloudbeds,2026-04-20T00:00:00.000000,5,0,0,0,5,417.0,5
316005___633310,cloudbeds,2026-04-21T00:00:00.000000,5,0,0,0,5,417.0,5
316005___633310,cloudbeds,2026-04-22T00:00:00.000000,5,0,0,0,5,417.0,5
316005___633310,cloudbeds,2026-04-23T00:00:00.000000,5,1,0,0,5,628.0,4
316005___633310,cloudbeds,2026-04-24T00:00:00.000000,5,1,0,0,5,1222.0,4
316005___633310,cloudbeds,2026-04-25T00:00:00.000000,5,0,0,0,5,1222.0,5
316005___633310,cloudbeds,2026-04-26T00:00:00.000000,5,0,0,0,5,628.0,5
316005___633310,cloudbeds,2026-04-27T00:00:00.000000,5,0,0,0,5,417.0,5
316005___633310,cloudbeds,2026-04-28T00:00:00.000000,5,0,0,0,5,417.0,5
316005___633310,cloudbeds,2026-04-29T00:00:00.000000,5,1,0,0,5,417.0,4
316005___633310,cloudbeds,2026-04-30T00:00:00.000000,5,2,0,0,5,628.0,3
316005___633310,cloudbeds,2026-05-01T00:00:00.000000,5,1,0,0,5,1222.0,4
316005___633310,cloudbeds,2026-05-02T00:00:00.000000,5,1,0,0,5,1222.0,4
316005___633310,cloudbeds,2026-05-03T00:00:00.000000,5,0,0,0,5,628.0,5
316005___633310,cloudbeds,2026-05-04T00:00:00.000000,5,0,0,0,5,368.0,5
316005___633310,cloudbeds,2026-05-05T00:00:00.000000,5,0,0,0,5,368.0,5
316005___633310,cloudbeds,2026-05-06T00:00:00.000000,5,0,0,0,5,368.0,5
316005___633310,cloudbeds,2026-05-07T00:00:00.000000,5,0,0,0,5,628.0,5
316005___633310,cloudbeds,2026-05-08T00:00:00.000000,5,0,0,0,5,1222.0,5
316005___633310,cloudbeds,2026-05-09T00:00:00.000000,5,0,0,0,5,1222.0,5
316005___633310,cloudbeds,2026-05-10T00:00:00.000000,5,0,0,0,5,628.0,5
316005___633310,cloudbeds,2026-05-11T00:00:00.000000,5,1,0,0,5,368.0,4
316005___633310,cloudbeds,2026-05-12T00:00:00.000000,5,1,0,0,5,368.0,4
316005___633310,cloudbeds,2026-05-13T00:00:00.000000,5,1,0,0,5,368.0,4
316005___633310,cloudbeds,2026-05-14T00:00:00.000000,5,1,0,0,5,628.0,4
316005___633310,cloudbeds,2026-05-15T00:00:00.000000,5,0,0,0,5,1222.0,5
316005___633310,cloudbeds,2026-05-16T00:00:00.000000,5,0,0,0,5,1222.0,5
316005___633310,cloudbeds,2026-05-17T00:00:00.000000,5,0,0,0,5,628.0,5
316005___633310,cloudbeds,2026-05-18T00:00:00.000000,5,1,0,0,5,368.0,4
316005___633310,cloudbeds,2026-05-19T00:00:00.000000,5,1,0,0,5,368.0,4
316005___633310,cloudbeds,2026-05-20T00:00:00.000000,5,1,0,0,5,368.0,4
316005___633310,cloudbeds,2026-05-21T00:00:00.000000,5,0,0,0,5,755.0,5
316005___633310,cloudbeds,2026-05-22T00:00:00.000000,5,0,0,0,5,1344.0,5
316005___633310,cloudbeds,2026-05-23T00:00:00.000000,5,0,0,0,5,1344.0,5
316005___633310,cloudbeds,2026-05-24T00:00:00.000000,5,0,0,0,5,755.0,5
316005___633310,cloudbeds,2026-05-25T00:00:00.000000,5,0,0,0,5,515.0,5
316005___633310,cloudbeds,2026-05-26T00:00:00.000000,5,1,0,0,5,368.0,4
316005___633310,cloudbeds,2026-05-27T00:00:00.000000,5,1,0,0,5,368.0,4
316005___633310,cloudbeds,2026-05-28T00:00:00.000000,5,0,0,0,5,518.0,5
316005___633310,cloudbeds,2026-05-29T00:00:00.000000,5,0,0,0,5,766.0,5
316005___633310,cloudbeds,2026-05-30T00:00:00.000000,5,0,0,0,5,766.0,5
316005___633310,cloudbeds,2026-05-31T00:00:00.000000,5,0,0,0,5,518.0,5
316005___633310,cloudbeds,2026-06-01T00:00:00.000000,5,0,0,0,5,417.0,5
316005___633310,cloudbeds,2026-06-02T00:00:00.000000,5,0,0,0,5,417.0,5
316005___633310,cloudbeds,2026-06-03T00:00:00.000000,5,1,0,0,5,417.0,4
316005___633310,cloudbeds,2026-06-04T00:00:00.000000,5,1,0,0,5,518.0,4
316005___633310,cloudbeds,2026-06-05T00:00:00.000000,5,2,0,0,5,766.0,3
316005___633310,cloudbeds,2026-06-06T00:00:00.000000,5,1,0,0,5,766.0,4
316005___633310,cloudbeds,2026-06-07T00:00:00.000000,5,0,0,0,5,518.0,5
316005___633310,cloudbeds,2026-06-08T00:00:00.000000,5,0,0,0,5,417.0,5
316005___633310,cloudbeds,2026-06-09T00:00:00.000000,5,0,0,0,5,417.0,5
316005___633310,cloudbeds,2026-06-10T00:00:00.000000,5,0,0,0,5,417.0,5
316005___633310,cloudbeds,2026-06-11T00:00:00.000000,5,0,0,0,5,518.0,5
316005___633310,cloudbeds,2026-06-12T00:00:00.000000,5,0,0,0,5,766.0,5
316005___633310,cloudbeds,2026-06-13T00:00:00.000000,5,0,0,0,5,766.0,5
316005___633310,cloudbeds,2026-06-14T00:00:00.000000,5,0,0,0,5,518.0,5
316005___633310,cloudbeds,2026-06-15T00:00:00.000000,5,0,0,0,5,417.0,5
316005___633310,cloudbeds,2026-06-16T00:00:00.000000,5,1,0,0,5,417.0,4
316005___633310,cloudbeds,2026-06-17T00:00:00.000000,5,2,0,0,5,417.0,3
316005___633310,cloudbeds,2026-06-18T00:00:00.000000,5,0,0,0,5,518.0,5
316005___633310,cloudbeds,2026-06-19T00:00:00.000000,5,0,0,0,5,766.0,5
316005___633310,cloudbeds,2026-06-20T00:00:00.000000,5,0,0,0,5,766.0,5
316005___633310,cloudbeds,2026-06-21T00:00:00.000000,5,0,0,0,5,518.0,5
316005___633310,cloudbeds,2026-06-22T00:00:00.000000,5,0,0,0,5,417.0,5
316005___633310,cloudbeds,2026-06-23T00:00:00.000000,5,0,0,0,5,417.0,5
316005___633310,cloudbeds,2026-06-24T00:00:00.000000,5,0,0,0,5,417.0,5
316005___633310,cloudbeds,2026-06-25T00:00:00.000000,5,0,0,0,5,518.0,5
316005___633310,cloudbeds,2026-06-26T00:00:00.000000,5,0,0,0,5,766.0,5
316005___633310,cloudbeds,2026-06-27T00:00:00.000000,5,0,0,0,5,766.0,5
316005___633310,cloudbeds,2026-06-28T00:00:00.000000,5,0,0,0,5,518.0,5
316005___633310,cloudbeds,2026-06-29T00:00:00.000000,5,0,0,0,5,490.0,5
316005___633310,cloudbeds,2026-06-30T00:00:00.000000,5,0,0,0,5,490.0,5
316005___633310,cloudbeds,2026-07-01T00:00:00.000000,5,0,0,0,5,490.0,5
316005___633310,cloudbeds,2026-07-02T00:00:00.000000,5,0,0,0,5,787.0,5
316005___633310,cloudbeds,2026-07-03T00:00:00.000000,5,0,0,0,5,1398.0,5
316005___633310,cloudbeds,2026-07-04T00:00:00.000000,5,0,0,0,5,1398.0,5
316005___633310,cloudbeds,2026-07-05T00:00:00.000000,5,0,0,0,5,787.0,5
316005___633310,cloudbeds,2026-07-06T00:00:00.000000,5,0,0,0,5,417.0,5
316005___633310,cloudbeds,2026-07-07T00:00:00.000000,5,0,0,0,5,417.0,5
316005___633310,cloudbeds,2026-07-08T00:00:00.000000,5,0,0,0,5,417.0,5
316005___633310,cloudbeds,2026-07-09T00:00:00.000000,5,0,0,0,5,539.0,5
316005___633310,cloudbeds,2026-07-10T00:00:00.000000,5,0,0,0,5,1023.0,5
316005___633310,cloudbeds,2026-07-11T00:00:00.000000,5,0,0,0,5,1023.0,5
316005___633310,cloudbeds,2026-07-12T00:00:00.000000,5,0,0,0,5,539.0,5
316005___633310,cloudbeds,2026-07-13T00:00:00.000000,5,0,0,0,5,417.0,5
316005___633310,cloudbeds,2026-07-14T00:00:00.000000,5,0,0,0,5,417.0,5
316005___633310,cloudbeds,2026-07-15T00:00:00.000000,5,0,0,0,5,417.0,5
316005___633310,cloudbeds,2026-07-16T00:00:00.000000,5,0,0,0,5,539.0,5
316005___633310,cloudbeds,2026-07-17T00:00:00.000000,5,0,0,0,5,1023.0,5
316005___633310,cloudbeds,2026-07-18T00:00:00.000000,5,0,0,0,5,1023.0,5
316005___633310,cloudbeds,2026-07-19T00:00:00.000000,5,0,0,0,5,539.0,5
316005___633310,cloudbeds,2026-07-20T00:00:00.000000,5,0,0,0,5,417.0,5
316005___633310,cloudbeds,2026-07-21T00:00:00.000000,5,0,0,0,5,417.0,5
316005___633310,cloudbeds,2026-07-22T00:00:00.000000,5,0,0,0,5,417.0,5
316005___633310,cloudbeds,2026-07-23T00:00:00.000000,5,0,0,0,5,539.0,5
316005___633310,cloudbeds,2026-07-24T00:00:00.000000,5,0,0,0,5,1023.0,5
316005___633310,cloudbeds,2026-07-25T00:00:00.000000,5,0,0,0,5,1023.0,5
316005___633310,cloudbeds,2026-07-26T00:00:00.000000,5,0,0,0,5,539.0,5
316005___633310,cloudbeds,2026-07-27T00:00:00.000000,5,0,0,0,5,417.0,5
316005___633310,cloudbeds,2026-07-28T00:00:00.000000,5,0,0,0,5,417.0,5
316005___633310,cloudbeds,2026-07-29T00:00:00.000000,5,0,0,0,5,417.0,5
316005___633310,cloudbeds,2026-07-30T00:00:00.000000,5,0,0,0,5,698.0,5
316005___633310,cloudbeds,2026-07-31T00:00:00.000000,5,0,0,0,5,1193.0,5
316005___633310,cloudbeds,2026-08-01T00:00:00.000000,5,0,0,0,5,1193.0,5
316005___633310,cloudbeds,2026-08-02T00:00:00.000000,5,0,0,0,5,698.0,5
316005___633310,cloudbeds,2026-08-03T00:00:00.000000,5,0,0,0,5,417.0,5
316005___633310,cloudbeds,2026-08-04T00:00:00.000000,5,0,0,0,5,417.0,5
316005___633310,cloudbeds,2026-08-05T00:00:00.000000,5,0,0,0,5,417.0,5
316005___633310,cloudbeds,2026-08-06T00:00:00.000000,5,0,0,0,5,698.0,5
316005___633310,cloudbeds,2026-08-07T00:00:00.000000,5,0,0,0,5,1193.0,5
316005___633310,cloudbeds,2026-08-08T00:00:00.000000,5,0,0,0,5,1193.0,5
316005___633310,cloudbeds,2026-08-09T00:00:00.000000,5,0,0,0,5,698.0,5
316005___633310,cloudbeds,2026-08-10T00:00:00.000000,5,1,0,0,5,417.0,4
316005___633310,cloudbeds,2026-08-11T00:00:00.000000,5,1,0,0,5,417.0,4
316005___633310,cloudbeds,2026-08-12T00:00:00.000000,5,0,0,0,5,417.0,5
316005___633310,cloudbeds,2026-08-13T00:00:00.000000,5,0,0,0,5,698.0,5
316005___633310,cloudbeds,2026-08-14T00:00:00.000000,5,0,0,0,5,1193.0,5
316005___633310,cloudbeds,2026-08-15T00:00:00.000000,5,0,0,0,5,1193.0,5
316005___633310,cloudbeds,2026-08-16T00:00:00.000000,5,0,0,0,5,698.0,5
316005___633310,cloudbeds,2026-08-17T00:00:00.000000,5,0,0,0,5,417.0,5
316005___633310,cloudbeds,2026-08-18T00:00:00.000000,5,0,0,0,5,417.0,5
316005___633310,cloudbeds,2026-08-19T00:00:00.000000,5,0,0,0,5,417.0,5
316005___633310,cloudbeds,2026-08-20T00:00:00.000000,5,0,0,0,5,698.0,5
316005___633310,cloudbeds,2026-08-21T00:00:00.000000,5,0,0,0,5,1193.0,5
316005___633310,cloudbeds,2026-08-22T00:00:00.000000,5,0,0,0,5,1193.0,5
316005___633310,cloudbeds,2026-08-23T00:00:00.000000,5,0,0,0,5,698.0,5
316005___633310,cloudbeds,2026-08-24T00:00:00.000000,5,0,0,0,5,417.0,5
316005___633310,cloudbeds,2026-08-25T00:00:00.000000,5,0,0,0,5,417.0,5
316005___633310,cloudbeds,2026-08-26T00:00:00.000000,5,0,0,0,5,417.0,5
316005___633310,cloudbeds,2026-08-27T00:00:00.000000,5,0,0,0,5,698.0,5
316005___633310,cloudbeds,2026-08-28T00:00:00.000000,5,0,0,0,5,1193.0,5
316005___633310,cloudbeds,2026-08-29T00:00:00.000000,5,0,0,0,5,1193.0,5
316005___633310,cloudbeds,2026-08-30T00:00:00.000000,5,0,0,0,5,698.0,5
316005___633310,cloudbeds,2026-08-31T00:00:00.000000,5,0,0,0,5,417.0,5
316005___633310,cloudbeds,2026-09-01T00:00:00.000000,5,0,0,0,5,417.0,5
316005___633310,cloudbeds,2026-09-02T00:00:00.000000,5,0,0,0,5,417.0,5
316005___633310,cloudbeds,2026-09-03T00:00:00.000000,5,0,0,0,5,698.0,5
316005___633310,cloudbeds,2026-09-04T00:00:00.000000,5,0,0,0,5,1322.0,5
316005___633310,cloudbeds,2026-09-05T00:00:00.000000,5,0,0,0,5,1322.0,5
316005___633310,cloudbeds,2026-09-06T00:00:00.000000,5,0,0,0,5,766.0,5
316005___633310,cloudbeds,2026-09-07T00:00:00.000000,5,0,0,0,5,582.0,5
316005___633310,cloudbeds,2026-09-08T00:00:00.000000,5,0,0,0,5,417.0,5
316005___633310,cloudbeds,2026-09-09T00:00:00.000000,5,0,0,0,5,417.0,5
316005___633310,cloudbeds,2026-09-10T00:00:00.000000,5,0,0,0,5,539.0,5
316005___633310,cloudbeds,2026-09-11T00:00:00.000000,5,0,0,0,5,955.0,5
316005___633310,cloudbeds,2026-09-12T00:00:00.000000,5,0,0,0,5,955.0,5
316005___633310,cloudbeds,2026-09-13T00:00:00.000000,5,0,0,0,5,539.0,5
316005___633310,cloudbeds,2026-09-14T00:00:00.000000,5,0,0,0,5,417.0,5
316005___633310,cloudbeds,2026-09-15T00:00:00.000000,5,0,0,0,5,417.0,5
316005___633310,cloudbeds,2026-09-16T00:00:00.000000,5,0,0,0,5,417.0,5
316005___633310,cloudbeds,2026-09-17T00:00:00.000000,5,0,0,0,5,539.0,5
316005___633310,cloudbeds,2026-09-18T00:00:00.000000,5,0,0,0,5,955.0,5
316005___633310,cloudbeds,2026-09-19T00:00:00.000000,5,0,0,0,5,955.0,5
316005___633310,cloudbeds,2026-09-20T00:00:00.000000,5,0,0,0,5,539.0,5
316005___633310,cloudbeds,2026-09-21T00:00:00.000000,5,0,0,0,5,417.0,5
316005___633310,cloudbeds,2026-09-22T00:00:00.000000,5,0,0,0,5,417.0,5
316005___633310,cloudbeds,2026-09-23T00:00:00.000000,5,0,0,0,5,417.0,5
316005___633310,cloudbeds,2026-09-24T00:00:00.000000,5,0,0,0,5,539.0,5
316005___633310,cloudbeds,2026-09-25T00:00:00.000000,5,0,0,0,5,955.0,5
316005___633310,cloudbeds,2026-09-26T00:00:00.000000,5,0,0,0,5,955.0,5
316005___633310,cloudbeds,2026-09-27T00:00:00.000000,5,0,0,0,5,539.0,5
316005___633310,cloudbeds,2026-09-28T00:00:00.000000,5,0,0,0,5,417.0,5
316005___633310,cloudbeds,2026-09-29T00:00:00.000000,5,0,0,0,5,417.0,5
316005___633310,cloudbeds,2026-09-30T00:00:00.000000,5,0,0,0,5,417.0,5
316005___633310,cloudbeds,2026-10-01T00:00:00.000000,5,0,0,0,5,539.0,5
316005___633310,cloudbeds,2026-10-02T00:00:00.000000,5,0,0,0,5,955.0,5
316005___633310,cloudbeds,2026-10-03T00:00:00.000000,5,0,0,0,5,955.0,5
316005___633310,cloudbeds,2026-10-04T00:00:00.000000,5,0,0,0,5,539.0,5
316005___633310,cloudbeds,2026-10-05T00:00:00.000000,5,0,0,0,5,459.0,5
316005___633310,cloudbeds,2026-10-06T00:00:00.000000,5,0,0,0,5,459.0,5
316005___633310,cloudbeds,2026-10-07T00:00:00.000000,5,0,0,0,5,459.0,5
316005___633310,cloudbeds,2026-10-08T00:00:00.000000,5,0,0,0,5,593.0,5
316005___633310,cloudbeds,2026-10-09T00:00:00.000000,5,0,0,0,5,1051.0,5
316005___633310,cloudbeds,2026-10-10T00:00:00.000000,5,0,0,0,5,1051.0,5
316005___633310,cloudbeds,2026-10-11T00:00:00.000000,5,0,0,0,5,718.0,5
316005___633310,cloudbeds,2026-10-12T00:00:00.000000,5,0,0,0,5,556.0,5
316005___633310,cloudbeds,2026-10-13T00:00:00.000000,5,0,0,0,5,459.0,5
316005___633310,cloudbeds,2026-10-14T00:00:00.000000,5,0,0,0,5,459.0,5
316005___633310,cloudbeds,2026-10-15T00:00:00.000000,5,0,0,0,5,593.0,5
316005___633310,cloudbeds,2026-10-16T00:00:00.000000,5,0,0,0,5,1008.0,5
316005___633310,cloudbeds,2026-10-17T00:00:00.000000,5,0,0,0,5,1008.0,5
316005___633310,cloudbeds,2026-10-18T00:00:00.000000,5,0,0,0,5,593.0,5
316005___633310,cloudbeds,2026-10-19T00:00:00.000000,5,0,0,0,5,459.0,5
316005___633310,cloudbeds,2026-10-20T00:00:00.000000,5,0,0,0,5,459.0,5
316005___633310,cloudbeds,2026-10-21T00:00:00.000000,5,0,0,0,5,459.0,5
316005___633310,cloudbeds,2026-10-22T00:00:00.000000,5,0,0,0,5,593.0,5
316005___633310,cloudbeds,2026-10-23T00:00:00.000000,5,0,0,0,5,1008.0,5
316005___633310,cloudbeds,2026-10-24T00:00:00.000000,5,0,0,0,5,1008.0,5
316005___633310,cloudbeds,2026-10-25T00:00:00.000000,5,0,0,0,5,593.0,5
316005___633310,cloudbeds,2026-10-26T00:00:00.000000,5,0,0,0,5,459.0,5
316005___633310,cloudbeds,2026-10-27T00:00:00.000000,5,0,0,0,5,459.0,5
316005___633310,cloudbeds,2026-10-28T00:00:00.000000,5,0,0,0,5,459.0,5
316005___633310,cloudbeds,2026-10-29T00:00:00.000000,5,0,0,0,5,593.0,5
316005___633310,cloudbeds,2026-10-30T00:00:00.000000,5,0,0,0,5,1008.0,5
316005___633310,cloudbeds,2026-10-31T00:00:00.000000,5,0,0,0,5,1008.0,5
316005___633310,cloudbeds,2026-11-01T00:00:00.000000,5,0,0,0,5,593.0,5
316005___633310,cloudbeds,2026-11-02T00:00:00.000000,5,0,0,0,5,490.0,5
316005___633310,cloudbeds,2026-11-03T00:00:00.000000,5,0,0,0,5,490.0,5
316005___633310,cloudbeds,2026-11-04T00:00:00.000000,5,0,0,0,5,490.0,5
316005___633310,cloudbeds,2026-11-05T00:00:00.000000,5,0,0,0,5,654.0,5
316005___633310,cloudbeds,2026-11-06T00:00:00.000000,5,0,0,0,5,998.0,5
316005___633310,cloudbeds,2026-11-07T00:00:00.000000,5,0,0,0,5,998.0,5
316005___633310,cloudbeds,2026-11-08T00:00:00.000000,5,0,0,0,5,654.0,5
316005___633310,cloudbeds,2026-11-09T00:00:00.000000,5,0,0,0,5,490.0,5
316005___633310,cloudbeds,2026-11-10T00:00:00.000000,5,0,0,0,5,490.0,5
316005___633310,cloudbeds,2026-11-11T00:00:00.000000,5,0,0,0,5,490.0,5
316005___633310,cloudbeds,2026-11-12T00:00:00.000000,5,0,0,0,5,654.0,5
316005___633310,cloudbeds,2026-11-13T00:00:00.000000,5,0,0,0,5,998.0,5
316005___633310,cloudbeds,2026-11-14T00:00:00.000000,5,0,0,0,5,998.0,5
316005___633310,cloudbeds,2026-11-15T00:00:00.000000,5,0,0,0,5,654.0,5
316005___633310,cloudbeds,2026-11-16T00:00:00.000000,5,0,0,0,5,490.0,5
316005___633310,cloudbeds,2026-11-17T00:00:00.000000,5,0,0,0,5,490.0,5
316005___633310,cloudbeds,2026-11-18T00:00:00.000000,5,0,0,0,5,490.0,5
316005___633310,cloudbeds,2026-11-19T00:00:00.000000,5,0,0,0,5,654.0,5
316005___633310,cloudbeds,2026-11-20T00:00:00.000000,5,0,0,0,5,998.0,5
316005___633310,cloudbeds,2026-11-21T00:00:00.000000,5,0,0,0,5,998.0,5
316005___633310,cloudbeds,2026-11-22T00:00:00.000000,5,0,0,0,5,654.0,5
316005___633310,cloudbeds,2026-11-23T00:00:00.000000,5,1,0,0,5,490.0,4
316005___633310,cloudbeds,2026-11-24T00:00:00.000000,5,1,0,0,5,490.0,4
316005___633310,cloudbeds,2026-11-25T00:00:00.000000,5,0,0,0,5,490.0,5
316005___633310,cloudbeds,2026-11-26T00:00:00.000000,5,0,0,0,5,1162.0,5
316005___633310,cloudbeds,2026-11-27T00:00:00.000000,5,0,0,0,5,863.0,5
316005___633310,cloudbeds,2026-11-28T00:00:00.000000,5,0,0,0,5,863.0,5
316005___633310,cloudbeds,2026-11-29T00:00:00.000000,5,0,0,0,5,539.0,5
316005___633310,cloudbeds,2026-11-30T00:00:00.000000,5,0,0,0,5,368.0,5
316005___633310,cloudbeds,2026-12-01T00:00:00.000000,5,0,0,0,5,368.0,5
316005___633310,cloudbeds,2026-12-02T00:00:00.000000,5,0,0,0,5,368.0,5
316005___633310,cloudbeds,2026-12-03T00:00:00.000000,5,0,0,0,5,539.0,5
316005___633310,cloudbeds,2026-12-04T00:00:00.000000,5,0,0,0,5,787.0,5
316005___633310,cloudbeds,2026-12-05T00:00:00.000000,5,0,0,0,5,787.0,5
316005___633310,cloudbeds,2026-12-06T00:00:00.000000,5,0,0,0,5,539.0,5
316005___633310,cloudbeds,2026-12-07T00:00:00.000000,5,0,0,0,5,368.0,5
316005___633310,cloudbeds,2026-12-08T00:00:00.000000,5,0,0,0,5,368.0,5
316005___633310,cloudbeds,2026-12-09T00:00:00.000000,5,0,0,0,5,368.0,5
316005___633310,cloudbeds,2026-12-10T00:00:00.000000,5,0,0,0,5,539.0,5
316005___633310,cloudbeds,2026-12-11T00:00:00.000000,5,0,0,0,5,787.0,5
316005___633310,cloudbeds,2026-12-12T00:00:00.000000,5,0,0,0,5,787.0,5
316005___633310,cloudbeds,2026-12-13T00:00:00.000000,5,0,0,0,5,539.0,5
316005___633310,cloudbeds,2026-12-14T00:00:00.000000,5,0,0,0,5,417.0,5
316005___633310,cloudbeds,2026-12-15T00:00:00.000000,5,0,0,0,5,417.0,5
316005___633310,cloudbeds,2026-12-16T00:00:00.000000,5,0,0,0,5,417.0,5
316005___633310,cloudbeds,2026-12-17T00:00:00.000000,5,0,0,0,5,702.0,5
316005___633310,cloudbeds,2026-12-18T00:00:00.000000,5,0,0,0,5,1150.0,5
316005___633310,cloudbeds,2026-12-19T00:00:00.000000,5,0,0,0,5,1150.0,5
316005___633310,cloudbeds,2026-12-20T00:00:00.000000,5,0,0,0,5,702.0,5
316005___633310,cloudbeds,2026-12-21T00:00:00.000000,5,0,0,0,5,417.0,5
316005___633310,cloudbeds,2026-12-22T00:00:00.000000,5,0,0,0,5,651.0,5
316005___633310,cloudbeds,2026-12-23T00:00:00.000000,5,0,0,0,5,651.0,5
316005___633310,cloudbeds,2026-12-24T00:00:00.000000,5,0,0,0,5,1403.0,5
316005___633310,cloudbeds,2026-12-25T00:00:00.000000,5,0,0,0,5,1403.0,5
316005___633310,cloudbeds,2026-12-26T00:00:00.000000,5,0,0,0,5,1403.0,5
316005___633310,cloudbeds,2026-12-27T00:00:00.000000,5,0,0,0,5,863.0,5
316005___633310,cloudbeds,2026-12-28T00:00:00.000000,5,0,0,0,5,607.0,5
316005___633310,cloudbeds,2026-12-29T00:00:00.000000,5,0,0,0,5,955.0,5
316005___633310,cloudbeds,2026-12-30T00:00:00.000000,5,0,0,0,5,1744.0,5
316005___633310,cloudbeds,2026-12-31T00:00:00.000000,5,0,0,0,5,1744.0,5
316005___633310,cloudbeds,2027-01-01T00:00:00.000000,5,0,0,0,5,944.0,5
316005___633310,cloudbeds,2027-01-02T00:00:00.000000,5,0,0,0,5,944.0,5
316005___633310,cloudbeds,2027-01-03T00:00:00.000000,5,0,0,0,5,539.0,5
316005___633307,cloudbeds,2026-02-02T00:00:00.000000,1,0,0,0,1,189.0,1
316005___633307,cloudbeds,2026-02-03T00:00:00.000000,1,0,0,0,1,189.0,1
316005___633307,cloudbeds,2026-02-04T00:00:00.000000,1,0,0,0,1,189.0,1
316005___633307,cloudbeds,2026-02-05T00:00:00.000000,1,0,0,0,1,309.0,1
316005___633307,cloudbeds,2026-02-06T00:00:00.000000,1,0,0,0,1,444.0,1
316005___633307,cloudbeds,2026-02-07T00:00:00.000000,1,0,0,0,1,509.0,1
316005___633307,cloudbeds,2026-02-08T00:00:00.000000,1,0,0,0,1,309.0,1
316005___633307,cloudbeds,2026-02-09T00:00:00.000000,1,0,0,0,1,259.0,1
316005___633307,cloudbeds,2026-02-10T00:00:00.000000,1,0,0,0,1,259.0,1
316005___633307,cloudbeds,2026-02-11T00:00:00.000000,1,0,0,0,1,284.0,1
316005___633307,cloudbeds,2026-02-12T00:00:00.000000,1,0,0,0,1,514.0,1
316005___633307,cloudbeds,2026-02-13T00:00:00.000000,1,0,0,0,1,1178.0,1
316005___633307,cloudbeds,2026-02-14T00:00:00.000000,1,0,0,0,1,1309.0,1
316005___633307,cloudbeds,2026-02-15T00:00:00.000000,1,0,0,0,1,605.0,1
316005___633307,cloudbeds,2026-02-16T00:00:00.000000,1,0,0,0,1,478.0,1
316005___633307,cloudbeds,2026-02-17T00:00:00.000000,1,0,0,0,1,284.0,1
316005___633307,cloudbeds,2026-02-18T00:00:00.000000,1,0,0,0,1,284.0,1
316005___633307,cloudbeds,2026-02-19T00:00:00.000000,1,1,0,0,1,377.0,0
316005___633307,cloudbeds,2026-02-20T00:00:00.000000,1,0,0,0,1,605.0,1
316005___633307,cloudbeds,2026-02-21T00:00:00.000000,1,0,0,0,1,665.0,1
316005___633307,cloudbeds,2026-02-22T00:00:00.000000,1,0,0,0,1,336.0,1
316005___633307,cloudbeds,2026-02-23T00:00:00.000000,1,0,0,0,1,280.0,1
316005___633307,cloudbeds,2026-02-24T00:00:00.000000,1,0,0,0,1,280.0,1
316005___633307,cloudbeds,2026-02-25T00:00:00.000000,1,0,0,0,1,280.0,1
316005___633307,cloudbeds,2026-02-26T00:00:00.000000,1,0,0,0,1,413.0,1
316005___633307,cloudbeds,2026-02-27T00:00:00.000000,1,0,0,0,1,695.0,1
316005___633307,cloudbeds,2026-02-28T00:00:00.000000,1,0,0,0,1,695.0,1
316005___633307,cloudbeds,2026-03-01T00:00:00.000000,1,0,0,0,1,413.0,1
316005___633307,cloudbeds,2026-03-02T00:00:00.000000,1,0,0,0,1,343.0,1
316005___633307,cloudbeds,2026-03-03T00:00:00.000000,1,0,0,0,1,343.0,1
316005___633307,cloudbeds,2026-03-04T00:00:00.000000,1,0,0,0,1,343.0,1
316005___633307,cloudbeds,2026-03-05T00:00:00.000000,1,0,0,0,1,413.0,1
316005___633307,cloudbeds,2026-03-06T00:00:00.000000,1,0,0,0,1,787.0,1
316005___633307,cloudbeds,2026-03-07T00:00:00.000000,1,0,0,0,1,787.0,1
316005___633307,cloudbeds,2026-03-08T00:00:00.000000,1,0,0,0,1,413.0,1
316005___633307,cloudbeds,2026-03-09T00:00:00.000000,1,0,0,0,1,343.0,1
316005___633307,cloudbeds,2026-03-10T00:00:00.000000,1,0,0,0,1,343.0,1
316005___633307,cloudbeds,2026-03-11T00:00:00.000000,1,0,0,0,1,343.0,1
316005___633307,cloudbeds,2026-03-12T00:00:00.000000,1,0,0,0,1,413.0,1
316005___633307,cloudbeds,2026-03-13T00:00:00.000000,1,0,0,0,1,904.0,1
316005___633307,cloudbeds,2026-03-14T00:00:00.000000,1,0,0,0,1,904.0,1
316005___633307,cloudbeds,2026-03-15T00:00:00.000000,1,0,0,0,1,605.0,1
316005___633307,cloudbeds,2026-03-16T00:00:00.000000,1,0,0,0,1,538.0,1
316005___633307,cloudbeds,2026-03-17T00:00:00.000000,1,0,0,0,1,538.0,1
316005___633307,cloudbeds,2026-03-18T00:00:00.000000,1,0,0,0,1,538.0,1
316005___633307,cloudbeds,2026-03-19T00:00:00.000000,1,0,0,0,1,605.0,1
316005___633307,cloudbeds,2026-03-20T00:00:00.000000,1,0,0,0,1,904.0,1
316005___633307,cloudbeds,2026-03-21T00:00:00.000000,1,0,0,0,1,904.0,1
316005___633307,cloudbeds,2026-03-22T00:00:00.000000,1,0,0,0,1,605.0,1
316005___633307,cloudbeds,2026-03-23T00:00:00.000000,1,0,0,0,1,280.0,1
316005___633307,cloudbeds,2026-03-24T00:00:00.000000,1,0,0,0,1,280.0,1
316005___633307,cloudbeds,2026-03-25T00:00:00.000000,1,0,0,0,1,280.0,1
316005___633307,cloudbeds,2026-03-26T00:00:00.000000,1,0,0,0,1,308.0,1
316005___633307,cloudbeds,2026-03-27T00:00:00.000000,1,1,0,0,1,605.0,0
316005___633307,cloudbeds,2026-03-28T00:00:00.000000,1,1,0,0,1,605.0,0
316005___633307,cloudbeds,2026-03-29T00:00:00.000000,1,0,0,0,1,390.0,1
316005___633307,cloudbeds,2026-03-30T00:00:00.000000,1,0,0,0,1,325.0,1
316005___633307,cloudbeds,2026-03-31T00:00:00.000000,1,0,0,0,1,325.0,1
316005___633307,cloudbeds,2026-04-01T00:00:00.000000,1,0,0,0,1,325.0,1
316005___633307,cloudbeds,2026-04-02T00:00:00.000000,1,0,0,0,1,481.0,1
316005___633307,cloudbeds,2026-04-03T00:00:00.000000,1,0,0,0,1,943.0,1
316005___633307,cloudbeds,2026-04-04T00:00:00.000000,1,0,0,0,1,943.0,1
316005___633307,cloudbeds,2026-04-05T00:00:00.000000,1,0,0,0,1,481.0,1
316005___633307,cloudbeds,2026-04-06T00:00:00.000000,1,0,0,0,1,325.0,1
316005___633307,cloudbeds,2026-04-07T00:00:00.000000,1,0,0,0,1,325.0,1
316005___633307,cloudbeds,2026-04-08T00:00:00.000000,1,0,0,0,1,325.0,1
316005___633307,cloudbeds,2026-04-09T00:00:00.000000,1,0,0,0,1,481.0,1
316005___633307,cloudbeds,2026-04-10T00:00:00.000000,1,0,0,0,1,943.0,1
316005___633307,cloudbeds,2026-04-11T00:00:00.000000,1,0,0,0,1,943.0,1
316005___633307,cloudbeds,2026-04-12T00:00:00.000000,1,0,0,0,1,481.0,1
316005___633307,cloudbeds,2026-04-13T00:00:00.000000,1,0,0,0,1,325.0,1
316005___633307,cloudbeds,2026-04-14T00:00:00.000000,1,0,0,0,1,325.0,1
316005___633307,cloudbeds,2026-04-15T00:00:00.000000,1,0,0,0,1,325.0,1
316005___633307,cloudbeds,2026-04-16T00:00:00.000000,1,0,0,0,1,481.0,1
316005___633307,cloudbeds,2026-04-17T00:00:00.000000,1,0,0,0,1,943.0,1
316005___633307,cloudbeds,2026-04-18T00:00:00.000000,1,0,0,0,1,943.0,1
316005___633307,cloudbeds,2026-04-19T00:00:00.000000,1,0,0,0,1,481.0,1
316005___633307,cloudbeds,2026-04-20T00:00:00.000000,1,0,0,0,1,325.0,1
316005___633307,cloudbeds,2026-04-21T00:00:00.000000,1,0,0,0,1,325.0,1
316005___633307,cloudbeds,2026-04-22T00:00:00.000000,1,0,0,0,1,325.0,1
316005___633307,cloudbeds,2026-04-23T00:00:00.000000,1,0,0,0,1,481.0,1
316005___633307,cloudbeds,2026-04-24T00:00:00.000000,1,0,0,0,1,943.0,1
316005___633307,cloudbeds,2026-04-25T00:00:00.000000,1,0,0,0,1,943.0,1
316005___633307,cloudbeds,2026-04-26T00:00:00.000000,1,0,0,0,1,481.0,1
316005___633307,cloudbeds,2026-04-27T00:00:00.000000,1,0,0,0,1,325.0,1
316005___633307,cloudbeds,2026-04-28T00:00:00.000000,1,0,0,0,1,325.0,1
316005___633307,cloudbeds,2026-04-29T00:00:00.000000,1,0,0,0,1,325.0,1
316005___633307,cloudbeds,2026-04-30T00:00:00.000000,1,0,0,0,1,481.0,1
316005___633307,cloudbeds,2026-05-01T00:00:00.000000,1,0,0,0,1,943.0,1
316005___633307,cloudbeds,2026-05-02T00:00:00.000000,1,0,0,0,1,943.0,1
316005___633307,cloudbeds,2026-05-03T00:00:00.000000,1,0,0,0,1,481.0,1
316005___633307,cloudbeds,2026-05-04T00:00:00.000000,1,0,0,0,1,280.0,1
316005___633307,cloudbeds,2026-05-05T00:00:00.000000,1,0,0,0,1,280.0,1
316005___633307,cloudbeds,2026-05-06T00:00:00.000000,1,0,0,0,1,280.0,1
316005___633307,cloudbeds,2026-05-07T00:00:00.000000,1,0,0,0,1,481.0,1
316005___633307,cloudbeds,2026-05-08T00:00:00.000000,1,0,0,0,1,943.0,1
316005___633307,cloudbeds,2026-05-09T00:00:00.000000,1,0,0,0,1,943.0,1
316005___633307,cloudbeds,2026-05-10T00:00:00.000000,1,0,0,0,1,481.0,1
316005___633307,cloudbeds,2026-05-11T00:00:00.000000,1,0,0,0,1,280.0,1
316005___633307,cloudbeds,2026-05-12T00:00:00.000000,1,0,0,0,1,280.0,1
316005___633307,cloudbeds,2026-05-13T00:00:00.000000,1,0,0,0,1,280.0,1
316005___633307,cloudbeds,2026-05-14T00:00:00.000000,1,0,0,0,1,481.0,1
316005___633307,cloudbeds,2026-05-15T00:00:00.000000,1,0,0,0,1,943.0,1
316005___633307,cloudbeds,2026-05-16T00:00:00.000000,1,0,0,0,1,943.0,1
316005___633307,cloudbeds,2026-05-17T00:00:00.000000,1,0,0,0,1,481.0,1
316005___633307,cloudbeds,2026-05-18T00:00:00.000000,1,0,0,0,1,280.0,1
316005___633307,cloudbeds,2026-05-19T00:00:00.000000,1,0,0,0,1,280.0,1
316005___633307,cloudbeds,2026-05-20T00:00:00.000000,1,0,0,0,1,280.0,1
316005___633307,cloudbeds,2026-05-21T00:00:00.000000,1,0,0,0,1,579.0,1
316005___633307,cloudbeds,2026-05-22T00:00:00.000000,1,0,0,0,1,1030.0,1
316005___633307,cloudbeds,2026-05-23T00:00:00.000000,1,0,0,0,1,1030.0,1
316005___633307,cloudbeds,2026-05-24T00:00:00.000000,1,0,0,0,1,579.0,1
316005___633307,cloudbeds,2026-05-25T00:00:00.000000,1,0,0,0,1,392.0,1
316005___633307,cloudbeds,2026-05-26T00:00:00.000000,1,0,0,0,1,280.0,1
316005___633307,cloudbeds,2026-05-27T00:00:00.000000,1,0,0,0,1,280.0,1
316005___633307,cloudbeds,2026-05-28T00:00:00.000000,1,0,0,0,1,397.0,1
316005___633307,cloudbeds,2026-05-29T00:00:00.000000,1,0,0,0,1,591.0,1
316005___633307,cloudbeds,2026-05-30T00:00:00.000000,1,0,0,0,1,591.0,1
316005___633307,cloudbeds,2026-05-31T00:00:00.000000,1,0,0,0,1,397.0,1
316005___633307,cloudbeds,2026-06-01T00:00:00.000000,1,0,0,0,1,325.0,1
316005___633307,cloudbeds,2026-06-02T00:00:00.000000,1,0,0,0,1,325.0,1
316005___633307,cloudbeds,2026-06-03T00:00:00.000000,1,0,0,0,1,325.0,1
316005___633307,cloudbeds,2026-06-04T00:00:00.000000,1,0,0,0,1,397.0,1
316005___633307,cloudbeds,2026-06-05T00:00:00.000000,1,0,0,0,1,591.0,1
316005___633307,cloudbeds,2026-06-06T00:00:00.000000,1,0,0,0,1,591.0,1
316005___633307,cloudbeds,2026-06-07T00:00:00.000000,1,0,0,0,1,397.0,1
316005___633307,cloudbeds,2026-06-08T00:00:00.000000,1,0,0,0,1,325.0,1
316005___633307,cloudbeds,2026-06-09T00:00:00.000000,1,0,0,0,1,325.0,1
316005___633307,cloudbeds,2026-06-10T00:00:00.000000,1,0,0,0,1,325.0,1
316005___633307,cloudbeds,2026-06-11T00:00:00.000000,1,0,0,0,1,397.0,1
316005___633307,cloudbeds,2026-06-12T00:00:00.000000,1,0,0,0,1,591.0,1
316005___633307,cloudbeds,2026-06-13T00:00:00.000000,1,0,0,0,1,591.0,1
316005___633307,cloudbeds,2026-06-14T00:00:00.000000,1,0,0,0,1,397.0,1
316005___633307,cloudbeds,2026-06-15T00:00:00.000000,1,0,0,0,1,325.0,1
316005___633307,cloudbeds,2026-06-16T00:00:00.000000,1,0,0,0,1,325.0,1
316005___633307,cloudbeds,2026-06-17T00:00:00.000000,1,0,0,0,1,325.0,1
316005___633307,cloudbeds,2026-06-18T00:00:00.000000,1,0,0,0,1,397.0,1
316005___633307,cloudbeds,2026-06-19T00:00:00.000000,1,0,0,0,1,591.0,1
316005___633307,cloudbeds,2026-06-20T00:00:00.000000,1,0,0,0,1,591.0,1
316005___633307,cloudbeds,2026-06-21T00:00:00.000000,1,0,0,0,1,397.0,1
316005___633307,cloudbeds,2026-06-22T00:00:00.000000,1,0,0,0,1,325.0,1
316005___633307,cloudbeds,2026-06-23T00:00:00.000000,1,0,0,0,1,325.0,1
316005___633307,cloudbeds,2026-06-24T00:00:00.000000,1,0,0,0,1,325.0,1
316005___633307,cloudbeds,2026-06-25T00:00:00.000000,1,0,0,0,1,397.0,1
316005___633307,cloudbeds,2026-06-26T00:00:00.000000,1,0,0,0,1,591.0,1
316005___633307,cloudbeds,2026-06-27T00:00:00.000000,1,0,0,0,1,591.0,1
316005___633307,cloudbeds,2026-06-28T00:00:00.000000,1,0,0,0,1,397.0,1
316005___633307,cloudbeds,2026-06-29T00:00:00.000000,1,0,0,0,1,371.0,1
316005___633307,cloudbeds,2026-06-30T00:00:00.000000,1,0,0,0,1,371.0,1
316005___633307,cloudbeds,2026-07-01T00:00:00.000000,1,0,0,0,1,371.0,1
316005___633307,cloudbeds,2026-07-02T00:00:00.000000,1,0,0,0,1,605.0,1
316005___633307,cloudbeds,2026-07-03T00:00:00.000000,1,0,0,0,1,1071.0,1
316005___633307,cloudbeds,2026-07-04T00:00:00.000000,1,0,0,0,1,1071.0,1
316005___633307,cloudbeds,2026-07-05T00:00:00.000000,1,0,0,0,1,605.0,1
316005___633307,cloudbeds,2026-07-06T00:00:00.000000,1,0,0,0,1,325.0,1
316005___633307,cloudbeds,2026-07-07T00:00:00.000000,1,0,0,0,1,325.0,1
316005___633307,cloudbeds,2026-07-08T00:00:00.000000,1,0,0,0,1,325.0,1
316005___633307,cloudbeds,2026-07-09T00:00:00.000000,1,0,0,0,1,413.0,1
316005___633307,cloudbeds,2026-07-10T00:00:00.000000,1,0,0,0,1,785.0,1
316005___633307,cloudbeds,2026-07-11T00:00:00.000000,1,0,0,0,1,785.0,1
316005___633307,cloudbeds,2026-07-12T00:00:00.000000,1,0,0,0,1,413.0,1
316005___633307,cloudbeds,2026-07-13T00:00:00.000000,1,0,0,0,1,325.0,1
316005___633307,cloudbeds,2026-07-14T00:00:00.000000,1,0,0,0,1,325.0,1
316005___633307,cloudbeds,2026-07-15T00:00:00.000000,1,0,0,0,1,325.0,1
316005___633307,cloudbeds,2026-07-16T00:00:00.000000,1,0,0,0,1,413.0,1
316005___633307,cloudbeds,2026-07-17T00:00:00.000000,1,0,0,0,1,785.0,1
316005___633307,cloudbeds,2026-07-18T00:00:00.000000,1,0,0,0,1,785.0,1
316005___633307,cloudbeds,2026-07-19T00:00:00.000000,1,0,0,0,1,413.0,1
316005___633307,cloudbeds,2026-07-20T00:00:00.000000,1,0,0,0,1,325.0,1
316005___633307,cloudbeds,2026-07-21T00:00:00.000000,1,0,0,0,1,325.0,1
316005___633307,cloudbeds,2026-07-22T00:00:00.000000,1,0,0,0,1,325.0,1
316005___633307,cloudbeds,2026-07-23T00:00:00.000000,1,0,0,0,1,413.0,1
316005___633307,cloudbeds,2026-07-24T00:00:00.000000,1,0,0,0,1,785.0,1
316005___633307,cloudbeds,2026-07-25T00:00:00.000000,1,0,0,0,1,785.0,1
316005___633307,cloudbeds,2026-07-26T00:00:00.000000,1,0,0,0,1,413.0,1
316005___633307,cloudbeds,2026-07-27T00:00:00.000000,1,0,0,0,1,325.0,1
316005___633307,cloudbeds,2026-07-28T00:00:00.000000,1,0,0,0,1,325.0,1
316005___633307,cloudbeds,2026-07-29T00:00:00.000000,1,0,0,0,1,325.0,1
316005___633307,cloudbeds,2026-07-30T00:00:00.000000,1,0,0,0,1,538.0,1
316005___633307,cloudbeds,2026-07-31T00:00:00.000000,1,0,0,0,1,918.0,1
316005___633307,cloudbeds,2026-08-01T00:00:00.000000,1,0,0,0,1,918.0,1
316005___633307,cloudbeds,2026-08-02T00:00:00.000000,1,0,0,0,1,538.0,1
316005___633307,cloudbeds,2026-08-03T00:00:00.000000,1,0,0,0,1,325.0,1
316005___633307,cloudbeds,2026-08-04T00:00:00.000000,1,0,0,0,1,325.0,1
316005___633307,cloudbeds,2026-08-05T00:00:00.000000,1,0,0,0,1,325.0,1
316005___633307,cloudbeds,2026-08-06T00:00:00.000000,1,0,0,0,1,538.0,1
316005___633307,cloudbeds,2026-08-07T00:00:00.000000,1,0,0,0,1,918.0,1
316005___633307,cloudbeds,2026-08-08T00:00:00.000000,1,0,0,0,1,918.0,1
316005___633307,cloudbeds,2026-08-09T00:00:00.000000,1,0,0,0,1,538.0,1
316005___633307,cloudbeds,2026-08-10T00:00:00.000000,1,0,0,0,1,325.0,1
316005___633307,cloudbeds,2026-08-11T00:00:00.000000,1,0,0,0,1,325.0,1
316005___633307,cloudbeds,2026-08-12T00:00:00.000000,1,0,0,0,1,325.0,1
316005___633307,cloudbeds,2026-08-13T00:00:00.000000,1,0,0,0,1,538.0,1
316005___633307,cloudbeds,2026-08-14T00:00:00.000000,1,0,0,0,1,918.0,1
316005___633307,cloudbeds,2026-08-15T00:00:00.000000,1,0,0,0,1,918.0,1
316005___633307,cloudbeds,2026-08-16T00:00:00.000000,1,0,0,0,1,538.0,1
316005___633307,cloudbeds,2026-08-17T00:00:00.000000,1,0,0,0,1,325.0,1
316005___633307,cloudbeds,2026-08-18T00:00:00.000000,1,0,0,0,1,325.0,1
316005___633307,cloudbeds,2026-08-19T00:00:00.000000,1,0,0,0,1,325.0,1
316005___633307,cloudbeds,2026-08-20T00:00:00.000000,1,0,0,0,1,538.0,1
316005___633307,cloudbeds,2026-08-21T00:00:00.000000,1,0,0,0,1,918.0,1
316005___633307,cloudbeds,2026-08-22T00:00:00.000000,1,0,0,0,1,918.0,1
316005___633307,cloudbeds,2026-08-23T00:00:00.000000,1,0,0,0,1,538.0,1
316005___633307,cloudbeds,2026-08-24T00:00:00.000000,1,0,0,0,1,325.0,1
316005___633307,cloudbeds,2026-08-25T00:00:00.000000,1,0,0,0,1,325.0,1
316005___633307,cloudbeds,2026-08-26T00:00:00.000000,1,0,0,0,1,325.0,1
316005___633307,cloudbeds,2026-08-27T00:00:00.000000,1,0,0,0,1,538.0,1
316005___633307,cloudbeds,2026-08-28T00:00:00.000000,1,0,0,0,1,918.0,1
316005___633307,cloudbeds,2026-08-29T00:00:00.000000,1,0,0,0,1,918.0,1
316005___633307,cloudbeds,2026-08-30T00:00:00.000000,1,0,0,0,1,538.0,1
316005___633307,cloudbeds,2026-08-31T00:00:00.000000,1,0,0,0,1,325.0,1
316005___633307,cloudbeds,2026-09-01T00:00:00.000000,1,0,0,0,1,325.0,1
316005___633307,cloudbeds,2026-09-02T00:00:00.000000,1,0,0,0,1,325.0,1
316005___633307,cloudbeds,2026-09-03T00:00:00.000000,1,0,0,0,1,538.0,1
316005___633307,cloudbeds,2026-09-04T00:00:00.000000,1,0,0,0,1,1009.0,1
316005___633307,cloudbeds,2026-09-05T00:00:00.000000,1,0,0,0,1,1009.0,1
316005___633307,cloudbeds,2026-09-06T00:00:00.000000,1,0,0,0,1,589.0,1
316005___633307,cloudbeds,2026-09-07T00:00:00.000000,1,0,0,0,1,450.0,1
316005___633307,cloudbeds,2026-09-08T00:00:00.000000,1,0,0,0,1,325.0,1
316005___633307,cloudbeds,2026-09-09T00:00:00.000000,1,0,0,0,1,325.0,1
316005___633307,cloudbeds,2026-09-10T00:00:00.000000,1,0,0,0,1,413.0,1
316005___633307,cloudbeds,2026-09-11T00:00:00.000000,1,0,0,0,1,743.0,1
316005___633307,cloudbeds,2026-09-12T00:00:00.000000,1,0,0,0,1,743.0,1
316005___633307,cloudbeds,2026-09-13T00:00:00.000000,1,0,0,0,1,413.0,1
316005___633307,cloudbeds,2026-09-14T00:00:00.000000,1,0,0,0,1,325.0,1
316005___633307,cloudbeds,2026-09-15T00:00:00.000000,1,0,0,0,1,325.0,1
316005___633307,cloudbeds,2026-09-16T00:00:00.000000,1,0,0,0,1,325.0,1
316005___633307,cloudbeds,2026-09-17T00:00:00.000000,1,0,0,0,1,413.0,1
316005___633307,cloudbeds,2026-09-18T00:00:00.000000,1,0,0,0,1,743.0,1
316005___633307,cloudbeds,2026-09-19T00:00:00.000000,1,0,0,0,1,743.0,1
316005___633307,cloudbeds,2026-09-20T00:00:00.000000,1,0,0,0,1,413.0,1
316005___633307,cloudbeds,2026-09-21T00:00:00.000000,1,0,0,0,1,325.0,1
316005___633307,cloudbeds,2026-09-22T00:00:00.000000,1,0,0,0,1,325.0,1
316005___633307,cloudbeds,2026-09-23T00:00:00.000000,1,0,0,0,1,325.0,1
316005___633307,cloudbeds,2026-09-24T00:00:00.000000,1,0,0,0,1,413.0,1
316005___633307,cloudbeds,2026-09-25T00:00:00.000000,1,0,0,0,1,743.0,1
316005___633307,cloudbeds,2026-09-26T00:00:00.000000,1,0,0,0,1,743.0,1
316005___633307,cloudbeds,2026-09-27T00:00:00.000000,1,0,0,0,1,413.0,1
316005___633307,cloudbeds,2026-09-28T00:00:00.000000,1,0,0,0,1,325.0,1
316005___633307,cloudbeds,2026-09-29T00:00:00.000000,1,0,0,0,1,325.0,1
316005___633307,cloudbeds,2026-09-30T00:00:00.000000,1,0,0,0,1,325.0,1
316005___633307,cloudbeds,2026-10-01T00:00:00.000000,1,0,0,0,1,413.0,1
316005___633307,cloudbeds,2026-10-02T00:00:00.000000,1,0,0,0,1,743.0,1
316005___633307,cloudbeds,2026-10-03T00:00:00.000000,1,0,0,0,1,743.0,1
316005___633307,cloudbeds,2026-10-04T00:00:00.000000,1,0,0,0,1,413.0,1
316005___633307,cloudbeds,2026-10-05T00:00:00.000000,1,0,0,0,1,351.0,1
316005___633307,cloudbeds,2026-10-06T00:00:00.000000,1,0,0,0,1,351.0,1
316005___633307,cloudbeds,2026-10-07T00:00:00.000000,1,0,0,0,1,351.0,1
316005___633307,cloudbeds,2026-10-08T00:00:00.000000,1,0,0,0,1,458.0,1
316005___633307,cloudbeds,2026-10-09T00:00:00.000000,1,0,0,0,1,812.0,1
316005___633307,cloudbeds,2026-10-10T00:00:00.000000,1,1,0,0,1,812.0,0
316005___633307,cloudbeds,2026-10-11T00:00:00.000000,1,1,0,0,1,547.0,0
316005___633307,cloudbeds,2026-10-12T00:00:00.000000,1,0,0,0,1,424.0,1
316005___633307,cloudbeds,2026-10-13T00:00:00.000000,1,0,0,0,1,351.0,1
316005___633307,cloudbeds,2026-10-14T00:00:00.000000,1,0,0,0,1,351.0,1
316005___633307,cloudbeds,2026-10-15T00:00:00.000000,1,0,0,0,1,458.0,1
316005___633307,cloudbeds,2026-10-16T00:00:00.000000,1,0,0,0,1,771.0,1
316005___633307,cloudbeds,2026-10-17T00:00:00.000000,1,0,0,0,1,771.0,1
316005___633307,cloudbeds,2026-10-18T00:00:00.000000,1,0,0,0,1,458.0,1
316005___633307,cloudbeds,2026-10-19T00:00:00.000000,1,0,0,0,1,351.0,1
316005___633307,cloudbeds,2026-10-20T00:00:00.000000,1,0,0,0,1,351.0,1
316005___633307,cloudbeds,2026-10-21T00:00:00.000000,1,0,0,0,1,351.0,1
316005___633307,cloudbeds,2026-10-22T00:00:00.000000,1,0,0,0,1,458.0,1
316005___633307,cloudbeds,2026-10-23T00:00:00.000000,1,0,0,0,1,771.0,1
316005___633307,cloudbeds,2026-10-24T00:00:00.000000,1,0,0,0,1,771.0,1
316005___633307,cloudbeds,2026-10-25T00:00:00.000000,1,0,0,0,1,458.0,1
316005___633307,cloudbeds,2026-10-26T00:00:00.000000,1,0,0,0,1,351.0,1
316005___633307,cloudbeds,2026-10-27T00:00:00.000000,1,0,0,0,1,351.0,1
316005___633307,cloudbeds,2026-10-28T00:00:00.000000,1,0,0,0,1,351.0,1
316005___633307,cloudbeds,2026-10-29T00:00:00.000000,1,0,0,0,1,458.0,1
316005___633307,cloudbeds,2026-10-30T00:00:00.000000,1,0,0,0,1,771.0,1
316005___633307,cloudbeds,2026-10-31T00:00:00.000000,1,0,0,0,1,771.0,1
316005___633307,cloudbeds,2026-11-01T00:00:00.000000,1,0,0,0,1,458.0,1
316005___633307,cloudbeds,2026-11-02T00:00:00.000000,1,0,0,0,1,371.0,1
316005___633307,cloudbeds,2026-11-03T00:00:00.000000,1,0,0,0,1,371.0,1
316005___633307,cloudbeds,2026-11-04T00:00:00.000000,1,0,0,0,1,371.0,1
316005___633307,cloudbeds,2026-11-05T00:00:00.000000,1,0,0,0,1,499.0,1
316005___633307,cloudbeds,2026-11-06T00:00:00.000000,1,0,0,0,1,766.0,1
316005___633307,cloudbeds,2026-11-07T00:00:00.000000,1,0,0,0,1,766.0,1
316005___633307,cloudbeds,2026-11-08T00:00:00.000000,1,0,0,0,1,499.0,1
316005___633307,cloudbeds,2026-11-09T00:00:00.000000,1,0,0,0,1,371.0,1
316005___633307,cloudbeds,2026-11-10T00:00:00.000000,1,0,0,0,1,371.0,1
316005___633307,cloudbeds,2026-11-11T00:00:00.000000,1,0,0,0,1,371.0,1
316005___633307,cloudbeds,2026-11-12T00:00:00.000000,1,0,0,0,1,499.0,1
316005___633307,cloudbeds,2026-11-13T00:00:00.000000,1,0,0,0,1,766.0,1
316005___633307,cloudbeds,2026-11-14T00:00:00.000000,1,0,0,0,1,766.0,1
316005___633307,cloudbeds,2026-11-15T00:00:00.000000,1,0,0,0,1,499.0,1
316005___633307,cloudbeds,2026-11-16T00:00:00.000000,1,0,0,0,1,371.0,1
316005___633307,cloudbeds,2026-11-17T00:00:00.000000,1,0,0,0,1,371.0,1
316005___633307,cloudbeds,2026-11-18T00:00:00.000000,1,0,0,0,1,371.0,1
316005___633307,cloudbeds,2026-11-19T00:00:00.000000,1,0,0,0,1,499.0,1
316005___633307,cloudbeds,2026-11-20T00:00:00.000000,1,0,0,0,1,766.0,1
316005___633307,cloudbeds,2026-11-21T00:00:00.000000,1,0,0,0,1,766.0,1
316005___633307,cloudbeds,2026-11-22T00:00:00.000000,1,0,0,0,1,499.0,1
316005___633307,cloudbeds,2026-11-23T00:00:00.000000,1,0,0,0,1,371.0,1
316005___633307,cloudbeds,2026-11-24T00:00:00.000000,1,0,0,0,1,371.0,1
316005___633307,cloudbeds,2026-11-25T00:00:00.000000,1,0,0,0,1,371.0,1
316005___633307,cloudbeds,2026-11-26T00:00:00.000000,1,0,0,0,1,892.0,1
316005___633307,cloudbeds,2026-11-27T00:00:00.000000,1,0,0,0,1,664.0,1
316005___633307,cloudbeds,2026-11-28T00:00:00.000000,1,0,0,0,1,664.0,1
316005___633307,cloudbeds,2026-11-29T00:00:00.000000,1,0,0,0,1,413.0,1
316005___633307,cloudbeds,2026-11-30T00:00:00.000000,1,0,0,0,1,280.0,1
316005___633307,cloudbeds,2026-12-01T00:00:00.000000,1,0,0,0,1,280.0,1
316005___633307,cloudbeds,2026-12-02T00:00:00.000000,1,0,0,0,1,280.0,1
316005___633307,cloudbeds,2026-12-03T00:00:00.000000,1,0,0,0,1,413.0,1
316005___633307,cloudbeds,2026-12-04T00:00:00.000000,1,0,0,0,1,605.0,1
316005___633307,cloudbeds,2026-12-05T00:00:00.000000,1,0,0,0,1,605.0,1
316005___633307,cloudbeds,2026-12-06T00:00:00.000000,1,0,0,0,1,413.0,1
316005___633307,cloudbeds,2026-12-07T00:00:00.000000,1,0,0,0,1,280.0,1
316005___633307,cloudbeds,2026-12-08T00:00:00.000000,1,0,0,0,1,280.0,1
316005___633307,cloudbeds,2026-12-09T00:00:00.000000,1,0,0,0,1,280.0,1
316005___633307,cloudbeds,2026-12-10T00:00:00.000000,1,0,0,0,1,413.0,1
316005___633307,cloudbeds,2026-12-11T00:00:00.000000,1,0,0,0,1,605.0,1
316005___633307,cloudbeds,2026-12-12T00:00:00.000000,1,0,0,0,1,605.0,1
316005___633307,cloudbeds,2026-12-13T00:00:00.000000,1,0,0,0,1,413.0,1
316005___633307,cloudbeds,2026-12-14T00:00:00.000000,1,0,0,0,1,325.0,1
316005___633307,cloudbeds,2026-12-15T00:00:00.000000,1,0,0,0,1,325.0,1
316005___633307,cloudbeds,2026-12-16T00:00:00.000000,1,0,0,0,1,325.0,1
316005___633307,cloudbeds,2026-12-17T00:00:00.000000,1,0,0,0,1,539.0,1
316005___633307,cloudbeds,2026-12-18T00:00:00.000000,1,0,0,0,1,885.0,1
316005___633307,cloudbeds,2026-12-19T00:00:00.000000,1,0,0,0,1,885.0,1
316005___633307,cloudbeds,2026-12-20T00:00:00.000000,1,0,0,0,1,539.0,1
316005___633307,cloudbeds,2026-12-21T00:00:00.000000,1,0,0,0,1,325.0,1
316005___633307,cloudbeds,2026-12-22T00:00:00.000000,1,0,0,0,1,499.0,1
316005___633307,cloudbeds,2026-12-23T00:00:00.000000,1,0,0,0,1,499.0,1
316005___633307,cloudbeds,2026-12-24T00:00:00.000000,1,0,0,0,1,1074.0,1
316005___633307,cloudbeds,2026-12-25T00:00:00.000000,1,0,0,0,1,1074.0,1
316005___633307,cloudbeds,2026-12-26T00:00:00.000000,1,0,0,0,1,1074.0,1
316005___633307,cloudbeds,2026-12-27T00:00:00.000000,1,0,0,0,1,664.0,1
316005___633307,cloudbeds,2026-12-28T00:00:00.000000,1,0,0,0,1,466.0,1
316005___633307,cloudbeds,2026-12-29T00:00:00.000000,1,0,0,0,1,743.0,1
316005___633307,cloudbeds,2026-12-30T00:00:00.000000,1,0,0,0,1,1344.0,1
316005___633307,cloudbeds,2026-12-31T00:00:00.000000,1,0,0,0,1,1344.0,1
316005___633307,cloudbeds,2027-01-01T00:00:00.000000,1,0,0,0,1,724.0,1
316005___633307,cloudbeds,2027-01-02T00:00:00.000000,1,0,0,0,1,724.0,1
316005___633307,cloudbeds,2027-01-03T00:00:00.000000,1,0,0,0,1,413.0,1
316005___633306,cloudbeds,2026-02-02T00:00:00.000000,9,7,0,0,9,189.0,2
316005___633306,cloudbeds,2026-02-03T00:00:00.000000,9,6,0,0,9,189.0,3
316005___633306,cloudbeds,2026-02-04T00:00:00.000000,9,2,0,0,9,189.0,7
316005___633306,cloudbeds,2026-02-05T00:00:00.000000,9,1,0,0,9,309.0,8
316005___633306,cloudbeds,2026-02-06T00:00:00.000000,9,7,0,0,9,444.0,2
316005___633306,cloudbeds,2026-02-07T00:00:00.000000,9,7,0,0,9,509.0,2
316005___633306,cloudbeds,2026-02-08T00:00:00.000000,9,0,0,0,9,309.0,9
316005___633306,cloudbeds,2026-02-09T00:00:00.000000,9,2,0,0,9,259.0,7
316005___633306,cloudbeds,2026-02-10T00:00:00.000000,9,1,0,0,9,259.0,8
316005___633306,cloudbeds,2026-02-11T00:00:00.000000,9,0,0,0,9,284.0,9
316005___633306,cloudbeds,2026-02-12T00:00:00.000000,9,1,0,0,9,514.0,8
316005___633306,cloudbeds,2026-02-13T00:00:00.000000,9,5,0,0,9,1178.0,4
316005___633306,cloudbeds,2026-02-14T00:00:00.000000,9,5,0,0,9,1309.0,4
316005___633306,cloudbeds,2026-02-15T00:00:00.000000,9,3,0,0,9,605.0,6
316005___633306,cloudbeds,2026-02-16T00:00:00.000000,9,4,0,0,9,478.0,5
316005___633306,cloudbeds,2026-02-17T00:00:00.000000,9,3,0,0,9,284.0,6
316005___633306,cloudbeds,2026-02-18T00:00:00.000000,9,1,0,0,9,284.0,8
316005___633306,cloudbeds,2026-02-19T00:00:00.000000,9,1,0,0,9,413.0,8
316005___633306,cloudbeds,2026-02-20T00:00:00.000000,9,7,0,0,9,605.0,2
316005___633306,cloudbeds,2026-02-21T00:00:00.000000,9,7,0,0,9,665.0,2
316005___633306,cloudbeds,2026-02-22T00:00:00.000000,9,4,0,0,9,413.0,5
316005___633306,cloudbeds,2026-02-23T00:00:00.000000,9,6,0,0,9,280.0,3
316005___633306,cloudbeds,2026-02-24T00:00:00.000000,9,4,0,0,9,280.0,5
316005___633306,cloudbeds,2026-02-25T00:00:00.000000,9,6,0,0,9,280.0,3
316005___633306,cloudbeds,2026-02-26T00:00:00.000000,9,3,0,0,9,413.0,6
316005___633306,cloudbeds,2026-02-27T00:00:00.000000,9,1,0,0,9,695.0,8
316005___633306,cloudbeds,2026-02-28T00:00:00.000000,9,2,0,0,9,695.0,7
316005___633306,cloudbeds,2026-03-01T00:00:00.000000,9,4,0,0,9,413.0,5
316005___633306,cloudbeds,2026-03-02T00:00:00.000000,9,2,0,0,9,343.0,7
316005___633306,cloudbeds,2026-03-03T00:00:00.000000,9,2,0,0,9,343.0,7
316005___633306,cloudbeds,2026-03-04T00:00:00.000000,9,1,0,0,9,343.0,8
316005___633306,cloudbeds,2026-03-05T00:00:00.000000,9,0,0,0,9,413.0,9
316005___633306,cloudbeds,2026-03-06T00:00:00.000000,9,1,0,0,9,787.0,8
316005___633306,cloudbeds,2026-03-07T00:00:00.000000,9,3,0,0,9,787.0,6
316005___633306,cloudbeds,2026-03-08T00:00:00.000000,9,3,0,0,9,413.0,6
316005___633306,cloudbeds,2026-03-09T00:00:00.000000,9,6,0,0,9,343.0,3
316005___633306,cloudbeds,2026-03-10T00:00:00.000000,9,5,0,0,9,343.0,4
316005___633306,cloudbeds,2026-03-11T00:00:00.000000,9,3,0,0,9,343.0,6
316005___633306,cloudbeds,2026-03-12T00:00:00.000000,9,2,0,0,9,413.0,7
316005___633306,cloudbeds,2026-03-13T00:00:00.000000,9,1,0,0,9,904.0,8
316005___633306,cloudbeds,2026-03-14T00:00:00.000000,9,2,0,0,9,904.0,7
316005___633306,cloudbeds,2026-03-15T00:00:00.000000,9,2,0,0,9,605.0,7
316005___633306,cloudbeds,2026-03-16T00:00:00.000000,9,1,0,0,9,538.0,8
316005___633306,cloudbeds,2026-03-17T00:00:00.000000,9,1,0,0,9,538.0,8
316005___633306,cloudbeds,2026-03-18T00:00:00.000000,9,1,0,0,9,538.0,8
316005___633306,cloudbeds,2026-03-19T00:00:00.000000,9,2,0,0,9,605.0,7
316005___633306,cloudbeds,2026-03-20T00:00:00.000000,9,1,0,0,9,904.0,8
316005___633306,cloudbeds,2026-03-21T00:00:00.000000,9,0,0,0,9,904.0,9
316005___633306,cloudbeds,2026-03-22T00:00:00.000000,9,0,0,0,9,605.0,9
316005___633306,cloudbeds,2026-03-23T00:00:00.000000,9,3,0,0,9,280.0,6
316005___633306,cloudbeds,2026-03-24T00:00:00.000000,9,3,0,0,9,280.0,6
316005___633306,cloudbeds,2026-03-25T00:00:00.000000,9,1,0,0,9,280.0,8
316005___633306,cloudbeds,2026-03-26T00:00:00.000000,9,1,0,0,9,413.0,8
316005___633306,cloudbeds,2026-03-27T00:00:00.000000,9,4,0,0,9,605.0,5
316005___633306,cloudbeds,2026-03-28T00:00:00.000000,9,6,0,0,9,605.0,3
316005___633306,cloudbeds,2026-03-29T00:00:00.000000,9,3,0,0,9,413.0,6
316005___633306,cloudbeds,2026-03-30T00:00:00.000000,9,1,0,0,9,325.0,8
316005___633306,cloudbeds,2026-03-31T00:00:00.000000,9,1,0,0,9,325.0,8
316005___633306,cloudbeds,2026-04-01T00:00:00.000000,9,1,0,0,9,325.0,8
316005___633306,cloudbeds,2026-04-02T00:00:00.000000,9,1,0,0,9,481.0,8
316005___633306,cloudbeds,2026-04-03T00:00:00.000000,9,0,0,0,9,943.0,9
316005___633306,cloudbeds,2026-04-04T00:00:00.000000,9,0,0,0,9,943.0,9
316005___633306,cloudbeds,2026-04-05T00:00:00.000000,9,0,0,0,9,481.0,9
316005___633306,cloudbeds,2026-04-06T00:00:00.000000,9,2,0,0,9,325.0,7
316005___633306,cloudbeds,2026-04-07T00:00:00.000000,9,2,0,0,9,325.0,7
316005___633306,cloudbeds,2026-04-08T00:00:00.000000,9,2,0,0,9,325.0,7
316005___633306,cloudbeds,2026-04-09T00:00:00.000000,9,0,0,0,9,481.0,9
316005___633306,cloudbeds,2026-04-10T00:00:00.000000,9,1,0,0,9,943.0,8
316005___633306,cloudbeds,2026-04-11T00:00:00.000000,9,1,0,0,9,943.0,8
316005___633306,cloudbeds,2026-04-12T00:00:00.000000,9,0,0,0,9,481.0,9
316005___633306,cloudbeds,2026-04-13T00:00:00.000000,9,0,0,0,9,325.0,9
316005___633306,cloudbeds,2026-04-14T00:00:00.000000,9,0,0,0,9,325.0,9
316005___633306,cloudbeds,2026-04-15T00:00:00.000000,9,0,0,0,9,325.0,9
316005___633306,cloudbeds,2026-04-16T00:00:00.000000,9,0,0,0,9,481.0,9
316005___633306,cloudbeds,2026-04-17T00:00:00.000000,9,1,0,0,9,943.0,8
316005___633306,cloudbeds,2026-04-18T00:00:00.000000,9,1,0,0,9,943.0,8
316005___633306,cloudbeds,2026-04-19T00:00:00.000000,9,3,0,0,9,481.0,6
316005___633306,cloudbeds,2026-04-20T00:00:00.000000,9,5,0,0,9,325.0,4
316005___633306,cloudbeds,2026-04-21T00:00:00.000000,9,3,0,0,9,325.0,6
316005___633306,cloudbeds,2026-04-22T00:00:00.000000,9,0,0,0,9,325.0,9
316005___633306,cloudbeds,2026-04-23T00:00:00.000000,9,0,0,0,9,481.0,9
316005___633306,cloudbeds,2026-04-24T00:00:00.000000,9,0,0,0,9,943.0,9
316005___633306,cloudbeds,2026-04-25T00:00:00.000000,9,0,0,0,9,943.0,9
316005___633306,cloudbeds,2026-04-26T00:00:00.000000,9,0,0,0,9,481.0,9
316005___633306,cloudbeds,2026-04-27T00:00:00.000000,9,0,0,0,9,325.0,9
316005___633306,cloudbeds,2026-04-28T00:00:00.000000,9,0,0,0,9,325.0,9
316005___633306,cloudbeds,2026-04-29T00:00:00.000000,9,0,0,0,9,325.0,9
316005___633306,cloudbeds,2026-04-30T00:00:00.000000,9,0,0,0,9,481.0,9
316005___633306,cloudbeds,2026-05-01T00:00:00.000000,9,0,0,0,9,943.0,9
316005___633306,cloudbeds,2026-05-02T00:00:00.000000,9,0,0,0,9,943.0,9
316005___633306,cloudbeds,2026-05-03T00:00:00.000000,9,0,0,0,9,481.0,9
316005___633306,cloudbeds,2026-05-04T00:00:00.000000,9,2,0,0,9,280.0,7
316005___633306,cloudbeds,2026-05-05T00:00:00.000000,9,2,0,0,9,280.0,7
316005___633306,cloudbeds,2026-05-06T00:00:00.000000,9,2,0,0,9,280.0,7
316005___633306,cloudbeds,2026-05-07T00:00:00.000000,9,1,0,0,9,481.0,8
316005___633306,cloudbeds,2026-05-08T00:00:00.000000,9,0,0,0,9,943.0,9
316005___633306,cloudbeds,2026-05-09T00:00:00.000000,9,0,0,0,9,943.0,9
316005___633306,cloudbeds,2026-05-10T00:00:00.000000,9,0,0,0,9,481.0,9
316005___633306,cloudbeds,2026-05-11T00:00:00.000000,9,2,0,0,9,280.0,7
316005___633306,cloudbeds,2026-05-12T00:00:00.000000,9,2,0,0,9,280.0,7
316005___633306,cloudbeds,2026-05-13T00:00:00.000000,9,1,0,0,9,280.0,8
316005___633306,cloudbeds,2026-05-14T00:00:00.000000,9,1,0,0,9,481.0,8
316005___633306,cloudbeds,2026-05-15T00:00:00.000000,9,1,0,0,9,943.0,8
316005___633306,cloudbeds,2026-05-16T00:00:00.000000,9,0,0,0,9,943.0,9
316005___633306,cloudbeds,2026-05-17T00:00:00.000000,9,0,0,0,9,481.0,9
316005___633306,cloudbeds,2026-05-18T00:00:00.000000,9,0,0,0,9,280.0,9
316005___633306,cloudbeds,2026-05-19T00:00:00.000000,9,3,0,0,9,280.0,6
316005___633306,cloudbeds,2026-05-20T00:00:00.000000,9,3,0,0,9,280.0,6
316005___633306,cloudbeds,2026-05-21T00:00:00.000000,9,0,0,0,9,579.0,9
316005___633306,cloudbeds,2026-05-22T00:00:00.000000,9,0,0,0,9,1030.0,9
316005___633306,cloudbeds,2026-05-23T00:00:00.000000,9,0,0,0,9,1030.0,9
316005___633306,cloudbeds,2026-05-24T00:00:00.000000,9,0,0,0,9,579.0,9
316005___633306,cloudbeds,2026-05-25T00:00:00.000000,9,0,0,0,9,392.0,9
316005___633306,cloudbeds,2026-05-26T00:00:00.000000,9,0,0,0,9,280.0,9
316005___633306,cloudbeds,2026-05-27T00:00:00.000000,9,0,0,0,9,280.0,9
316005___633306,cloudbeds,2026-05-28T00:00:00.000000,9,0,0,0,9,397.0,9
316005___633306,cloudbeds,2026-05-29T00:00:00.000000,9,0,0,0,9,591.0,9
316005___633306,cloudbeds,2026-05-30T00:00:00.000000,9,0,0,0,9,591.0,9
316005___633306,cloudbeds,2026-05-31T00:00:00.000000,9,2,0,0,9,397.0,7
316005___633306,cloudbeds,2026-06-01T00:00:00.000000,9,3,0,0,9,325.0,6
316005___633306,cloudbeds,2026-06-02T00:00:00.000000,9,2,0,0,9,325.0,7
316005___633306,cloudbeds,2026-06-03T00:00:00.000000,9,0,0,0,9,325.0,9
316005___633306,cloudbeds,2026-06-04T00:00:00.000000,9,0,0,0,9,397.0,9
316005___633306,cloudbeds,2026-06-05T00:00:00.000000,9,0,0,0,9,591.0,9
316005___633306,cloudbeds,2026-06-06T00:00:00.000000,9,0,0,0,9,591.0,9
316005___633306,cloudbeds,2026-06-07T00:00:00.000000,9,0,0,0,9,397.0,9
316005___633306,cloudbeds,2026-06-08T00:00:00.000000,9,0,0,0,9,325.0,9
316005___633306,cloudbeds,2026-06-09T00:00:00.000000,9,0,0,0,9,325.0,9
316005___633306,cloudbeds,2026-06-10T00:00:00.000000,9,0,0,0,9,325.0,9
316005___633306,cloudbeds,2026-06-11T00:00:00.000000,9,0,0,0,9,397.0,9
316005___633306,cloudbeds,2026-06-12T00:00:00.000000,9,0,0,0,9,591.0,9
316005___633306,cloudbeds,2026-06-13T00:00:00.000000,9,0,0,0,9,591.0,9
316005___633306,cloudbeds,2026-06-14T00:00:00.000000,9,0,0,0,9,397.0,9
316005___633306,cloudbeds,2026-06-15T00:00:00.000000,9,0,0,0,9,325.0,9
316005___633306,cloudbeds,2026-06-16T00:00:00.000000,9,0,0,0,9,325.0,9
316005___633306,cloudbeds,2026-06-17T00:00:00.000000,9,0,0,0,9,325.0,9
316005___633306,cloudbeds,2026-06-18T00:00:00.000000,9,0,0,0,9,397.0,9
316005___633306,cloudbeds,2026-06-19T00:00:00.000000,9,0,0,0,9,591.0,9
316005___633306,cloudbeds,2026-06-20T00:00:00.000000,9,0,0,0,9,591.0,9
316005___633306,cloudbeds,2026-06-21T00:00:00.000000,9,0,0,0,9,397.0,9
316005___633306,cloudbeds,2026-06-22T00:00:00.000000,9,0,0,0,9,325.0,9
316005___633306,cloudbeds,2026-06-23T00:00:00.000000,9,0,0,0,9,325.0,9
316005___633306,cloudbeds,2026-06-24T00:00:00.000000,9,0,0,0,9,325.0,9
316005___633306,cloudbeds,2026-06-25T00:00:00.000000,9,0,0,0,9,397.0,9
316005___633306,cloudbeds,2026-06-26T00:00:00.000000,9,0,0,0,9,591.0,9
316005___633306,cloudbeds,2026-06-27T00:00:00.000000,9,0,0,0,9,591.0,9
316005___633306,cloudbeds,2026-06-28T00:00:00.000000,9,0,0,0,9,397.0,9
316005___633306,cloudbeds,2026-06-29T00:00:00.000000,9,1,0,0,9,371.0,8
316005___633306,cloudbeds,2026-06-30T00:00:00.000000,9,1,0,0,9,371.0,8
316005___633306,cloudbeds,2026-07-01T00:00:00.000000,9,1,0,0,9,371.0,8
316005___633306,cloudbeds,2026-07-02T00:00:00.000000,9,0,0,0,9,605.0,9
316005___633306,cloudbeds,2026-07-03T00:00:00.000000,9,0,0,0,9,1071.0,9
316005___633306,cloudbeds,2026-07-04T00:00:00.000000,9,0,0,0,9,1071.0,9
316005___633306,cloudbeds,2026-07-05T00:00:00.000000,9,0,0,0,9,605.0,9
316005___633306,cloudbeds,2026-07-06T00:00:00.000000,9,0,0,0,9,325.0,9
316005___633306,cloudbeds,2026-07-07T00:00:00.000000,9,0,0,0,9,325.0,9
316005___633306,cloudbeds,2026-07-08T00:00:00.000000,9,0,0,0,9,325.0,9
316005___633306,cloudbeds,2026-07-09T00:00:00.000000,9,0,0,0,9,413.0,9
316005___633306,cloudbeds,2026-07-10T00:00:00.000000,9,0,0,0,9,785.0,9
316005___633306,cloudbeds,2026-07-11T00:00:00.000000,9,0,0,0,9,785.0,9
316005___633306,cloudbeds,2026-07-12T00:00:00.000000,9,0,0,0,9,413.0,9
316005___633306,cloudbeds,2026-07-13T00:00:00.000000,9,0,0,0,9,325.0,9
316005___633306,cloudbeds,2026-07-14T00:00:00.000000,9,0,0,0,9,325.0,9
316005___633306,cloudbeds,2026-07-15T00:00:00.000000,9,0,0,0,9,325.0,9
316005___633306,cloudbeds,2026-07-16T00:00:00.000000,9,0,0,0,9,413.0,9
316005___633306,cloudbeds,2026-07-17T00:00:00.000000,9,0,0,0,9,785.0,9
316005___633306,cloudbeds,2026-07-18T00:00:00.000000,9,0,0,0,9,785.0,9
316005___633306,cloudbeds,2026-07-19T00:00:00.000000,9,0,0,0,9,413.0,9
316005___633306,cloudbeds,2026-07-20T00:00:00.000000,9,0,0,0,9,325.0,9
316005___633306,cloudbeds,2026-07-21T00:00:00.000000,9,0,0,0,9,325.0,9
316005___633306,cloudbeds,2026-07-22T00:00:00.000000,9,0,0,0,9,325.0,9
316005___633306,cloudbeds,2026-07-23T00:00:00.000000,9,0,0,0,9,413.0,9
316005___633306,cloudbeds,2026-07-24T00:00:00.000000,9,0,0,0,9,785.0,9
316005___633306,cloudbeds,2026-07-25T00:00:00.000000,9,0,0,0,9,785.0,9
316005___633306,cloudbeds,2026-07-26T00:00:00.000000,9,0,0,0,9,413.0,9
316005___633306,cloudbeds,2026-07-27T00:00:00.000000,9,0,0,0,9,325.0,9
316005___633306,cloudbeds,2026-07-28T00:00:00.000000,9,0,0,0,9,325.0,9
316005___633306,cloudbeds,2026-07-29T00:00:00.000000,9,0,0,0,9,325.0,9
316005___633306,cloudbeds,2026-07-30T00:00:00.000000,9,0,0,0,9,538.0,9
316005___633306,cloudbeds,2026-07-31T00:00:00.000000,9,0,0,0,9,918.0,9
316005___633306,cloudbeds,2026-08-01T00:00:00.000000,9,0,0,0,9,918.0,9
316005___633306,cloudbeds,2026-08-02T00:00:00.000000,9,0,0,0,9,538.0,9
316005___633306,cloudbeds,2026-08-03T00:00:00.000000,9,0,0,0,9,325.0,9
316005___633306,cloudbeds,2026-08-04T00:00:00.000000,9,0,0,0,9,325.0,9
316005___633306,cloudbeds,2026-08-05T00:00:00.000000,9,0,0,0,9,325.0,9
316005___633306,cloudbeds,2026-08-06T00:00:00.000000,9,0,0,0,9,538.0,9
316005___633306,cloudbeds,2026-08-07T00:00:00.000000,9,0,0,0,9,918.0,9
316005___633306,cloudbeds,2026-08-08T00:00:00.000000,9,0,0,0,9,918.0,9
316005___633306,cloudbeds,2026-08-09T00:00:00.000000,9,0,0,0,9,538.0,9
316005___633306,cloudbeds,2026-08-10T00:00:00.000000,9,0,0,0,9,325.0,9
316005___633306,cloudbeds,2026-08-11T00:00:00.000000,9,0,0,0,9,325.0,9
316005___633306,cloudbeds,2026-08-12T00:00:00.000000,9,0,0,0,9,325.0,9
316005___633306,cloudbeds,2026-08-13T00:00:00.000000,9,0,0,0,9,538.0,9
316005___633306,cloudbeds,2026-08-14T00:00:00.000000,9,0,0,0,9,918.0,9
316005___633306,cloudbeds,2026-08-15T00:00:00.000000,9,0,0,0,9,918.0,9
316005___633306,cloudbeds,2026-08-16T00:00:00.000000,9,0,0,0,9,538.0,9
316005___633306,cloudbeds,2026-08-17T00:00:00.000000,9,0,0,0,9,325.0,9
316005___633306,cloudbeds,2026-08-18T00:00:00.000000,9,0,0,0,9,325.0,9
316005___633306,cloudbeds,2026-08-19T00:00:00.000000,9,0,0,0,9,325.0,9
316005___633306,cloudbeds,2026-08-20T00:00:00.000000,9,0,0,0,9,538.0,9
316005___633306,cloudbeds,2026-08-21T00:00:00.000000,9,0,0,0,9,918.0,9
316005___633306,cloudbeds,2026-08-22T00:00:00.000000,9,0,0,0,9,918.0,9
316005___633306,cloudbeds,2026-08-23T00:00:00.000000,9,0,0,0,9,538.0,9
316005___633306,cloudbeds,2026-08-24T00:00:00.000000,9,0,0,0,9,325.0,9
316005___633306,cloudbeds,2026-08-25T00:00:00.000000,9,0,0,0,9,325.0,9
316005___633306,cloudbeds,2026-08-26T00:00:00.000000,9,0,0,0,9,325.0,9
316005___633306,cloudbeds,2026-08-27T00:00:00.000000,9,0,0,0,9,538.0,9
316005___633306,cloudbeds,2026-08-28T00:00:00.000000,9,0,0,0,9,918.0,9
316005___633306,cloudbeds,2026-08-29T00:00:00.000000,9,0,0,0,9,918.0,9
316005___633306,cloudbeds,2026-08-30T00:00:00.000000,9,0,0,0,9,538.0,9
316005___633306,cloudbeds,2026-08-31T00:00:00.000000,9,0,0,0,9,325.0,9
316005___633306,cloudbeds,2026-09-01T00:00:00.000000,9,0,0,0,9,325.0,9
316005___633306,cloudbeds,2026-09-02T00:00:00.000000,9,0,0,0,9,325.0,9
316005___633306,cloudbeds,2026-09-03T00:00:00.000000,9,0,0,0,9,538.0,9
316005___633306,cloudbeds,2026-09-04T00:00:00.000000,9,0,0,0,9,1009.0,9
316005___633306,cloudbeds,2026-09-05T00:00:00.000000,9,0,0,0,9,1009.0,9
316005___633306,cloudbeds,2026-09-06T00:00:00.000000,9,0,0,0,9,589.0,9
316005___633306,cloudbeds,2026-09-07T00:00:00.000000,9,0,0,0,9,450.0,9
316005___633306,cloudbeds,2026-09-08T00:00:00.000000,9,0,0,0,9,325.0,9
316005___633306,cloudbeds,2026-09-09T00:00:00.000000,9,0,0,0,9,325.0,9
316005___633306,cloudbeds,2026-09-10T00:00:00.000000,9,0,0,0,9,413.0,9
316005___633306,cloudbeds,2026-09-11T00:00:00.000000,9,1,0,0,9,743.0,8
316005___633306,cloudbeds,2026-09-12T00:00:00.000000,9,1,0,0,9,743.0,8
316005___633306,cloudbeds,2026-09-13T00:00:00.000000,9,0,0,0,9,413.0,9
316005___633306,cloudbeds,2026-09-14T00:00:00.000000,9,0,0,0,9,325.0,9
316005___633306,cloudbeds,2026-09-15T00:00:00.000000,9,0,0,0,9,325.0,9
316005___633306,cloudbeds,2026-09-16T00:00:00.000000,9,0,0,0,9,325.0,9
316005___633306,cloudbeds,2026-09-17T00:00:00.000000,9,0,0,0,9,413.0,9
316005___633306,cloudbeds,2026-09-18T00:00:00.000000,9,0,0,0,9,743.0,9
316005___633306,cloudbeds,2026-09-19T00:00:00.000000,9,0,0,0,9,743.0,9
316005___633306,cloudbeds,2026-09-20T00:00:00.000000,9,0,0,0,9,413.0,9
316005___633306,cloudbeds,2026-09-21T00:00:00.000000,9,0,0,0,9,325.0,9
316005___633306,cloudbeds,2026-09-22T00:00:00.000000,9,0,0,0,9,325.0,9
316005___633306,cloudbeds,2026-09-23T00:00:00.000000,9,0,0,0,9,325.0,9
316005___633306,cloudbeds,2026-09-24T00:00:00.000000,9,0,0,0,9,413.0,9
316005___633306,cloudbeds,2026-09-25T00:00:00.000000,9,0,0,0,9,743.0,9
316005___633306,cloudbeds,2026-09-26T00:00:00.000000,9,0,0,0,9,743.0,9
316005___633306,cloudbeds,2026-09-27T00:00:00.000000,9,0,0,0,9,413.0,9
316005___633306,cloudbeds,2026-09-28T00:00:00.000000,9,0,0,0,9,325.0,9
316005___633306,cloudbeds,2026-09-29T00:00:00.000000,9,0,0,0,9,325.0,9
316005___633306,cloudbeds,2026-09-30T00:00:00.000000,9,0,0,0,9,325.0,9
316005___633306,cloudbeds,2026-10-01T00:00:00.000000,9,0,0,0,9,413.0,9
316005___633306,cloudbeds,2026-10-02T00:00:00.000000,9,0,0,0,9,743.0,9
316005___633306,cloudbeds,2026-10-03T00:00:00.000000,9,0,0,0,9,743.0,9
316005___633306,cloudbeds,2026-10-04T00:00:00.000000,9,0,0,0,9,413.0,9
316005___633306,cloudbeds,2026-10-05T00:00:00.000000,9,0,0,0,9,351.0,9
316005___633306,cloudbeds,2026-10-06T00:00:00.000000,9,1,0,0,9,351.0,8
316005___633306,cloudbeds,2026-10-07T00:00:00.000000,9,1,0,0,9,351.0,8
316005___633306,cloudbeds,2026-10-08T00:00:00.000000,9,0,0,0,9,458.0,9
316005___633306,cloudbeds,2026-10-09T00:00:00.000000,9,0,0,0,9,812.0,9
316005___633306,cloudbeds,2026-10-10T00:00:00.000000,9,0,0,0,9,812.0,9
316005___633306,cloudbeds,2026-10-11T00:00:00.000000,9,0,0,0,9,547.0,9
316005___633306,cloudbeds,2026-10-12T00:00:00.000000,9,0,0,0,9,424.0,9
316005___633306,cloudbeds,2026-10-13T00:00:00.000000,9,0,0,0,9,351.0,9
316005___633306,cloudbeds,2026-10-14T00:00:00.000000,9,0,0,0,9,351.0,9
316005___633306,cloudbeds,2026-10-15T00:00:00.000000,9,0,0,0,9,458.0,9
316005___633306,cloudbeds,2026-10-16T00:00:00.000000,9,0,0,0,9,771.0,9
316005___633306,cloudbeds,2026-10-17T00:00:00.000000,9,0,0,0,9,771.0,9
316005___633306,cloudbeds,2026-10-18T00:00:00.000000,9,0,0,0,9,458.0,9
316005___633306,cloudbeds,2026-10-19T00:00:00.000000,9,0,0,0,9,351.0,9
316005___633306,cloudbeds,2026-10-20T00:00:00.000000,9,0,0,0,9,351.0,9
316005___633306,cloudbeds,2026-10-21T00:00:00.000000,9,0,0,0,9,351.0,9
316005___633306,cloudbeds,2026-10-22T00:00:00.000000,9,0,0,0,9,458.0,9
316005___633306,cloudbeds,2026-10-23T00:00:00.000000,9,0,0,0,9,771.0,9
316005___633306,cloudbeds,2026-10-24T00:00:00.000000,9,0,0,0,9,771.0,9
316005___633306,cloudbeds,2026-10-25T00:00:00.000000,9,0,0,0,9,458.0,9
316005___633306,cloudbeds,2026-10-26T00:00:00.000000,9,0,0,0,9,351.0,9
316005___633306,cloudbeds,2026-10-27T00:00:00.000000,9,0,0,0,9,351.0,9
316005___633306,cloudbeds,2026-10-28T00:00:00.000000,9,0,0,0,9,351.0,9
316005___633306,cloudbeds,2026-10-29T00:00:00.000000,9,0,0,0,9,458.0,9
316005___633306,cloudbeds,2026-10-30T00:00:00.000000,9,0,0,0,9,771.0,9
316005___633306,cloudbeds,2026-10-31T00:00:00.000000,9,0,0,0,9,771.0,9
316005___633306,cloudbeds,2026-11-01T00:00:00.000000,9,0,0,0,9,458.0,9
316005___633306,cloudbeds,2026-11-02T00:00:00.000000,9,0,0,0,9,371.0,9
316005___633306,cloudbeds,2026-11-03T00:00:00.000000,9,0,0,0,9,371.0,9
316005___633306,cloudbeds,2026-11-04T00:00:00.000000,9,0,0,0,9,371.0,9
316005___633306,cloudbeds,2026-11-05T00:00:00.000000,9,0,0,0,9,499.0,9
316005___633306,cloudbeds,2026-11-06T00:00:00.000000,9,0,0,0,9,766.0,9
316005___633306,cloudbeds,2026-11-07T00:00:00.000000,9,0,0,0,9,766.0,9
316005___633306,cloudbeds,2026-11-08T00:00:00.000000,9,0,0,0,9,499.0,9
316005___633306,cloudbeds,2026-11-09T00:00:00.000000,9,0,0,0,9,371.0,9
316005___633306,cloudbeds,2026-11-10T00:00:00.000000,9,0,0,0,9,371.0,9
316005___633306,cloudbeds,2026-11-11T00:00:00.000000,9,0,0,0,9,371.0,9
316005___633306,cloudbeds,2026-11-12T00:00:00.000000,9,0,0,0,9,499.0,9
316005___633306,cloudbeds,2026-11-13T00:00:00.000000,9,0,0,0,9,766.0,9
316005___633306,cloudbeds,2026-11-14T00:00:00.000000,9,0,0,0,9,766.0,9
316005___633306,cloudbeds,2026-11-15T00:00:00.000000,9,1,0,0,9,499.0,8
316005___633306,cloudbeds,2026-11-16T00:00:00.000000,9,1,0,0,9,371.0,8
316005___633306,cloudbeds,2026-11-17T00:00:00.000000,9,0,0,0,9,371.0,9
316005___633306,cloudbeds,2026-11-18T00:00:00.000000,9,0,0,0,9,371.0,9
316005___633306,cloudbeds,2026-11-19T00:00:00.000000,9,0,0,0,9,499.0,9
316005___633306,cloudbeds,2026-11-20T00:00:00.000000,9,0,0,0,9,766.0,9
316005___633306,cloudbeds,2026-11-21T00:00:00.000000,9,0,0,0,9,766.0,9
316005___633306,cloudbeds,2026-11-22T00:00:00.000000,9,0,0,0,9,499.0,9
316005___633306,cloudbeds,2026-11-23T00:00:00.000000,9,0,0,0,9,371.0,9
316005___633306,cloudbeds,2026-11-24T00:00:00.000000,9,0,0,0,9,371.0,9
316005___633306,cloudbeds,2026-11-25T00:00:00.000000,9,0,0,0,9,371.0,9
316005___633306,cloudbeds,2026-11-26T00:00:00.000000,9,0,0,0,9,892.0,9
316005___633306,cloudbeds,2026-11-27T00:00:00.000000,9,0,0,0,9,664.0,9
316005___633306,cloudbeds,2026-11-28T00:00:00.000000,9,0,0,0,9,664.0,9
316005___633306,cloudbeds,2026-11-29T00:00:00.000000,9,0,0,0,9,413.0,9
316005___633306,cloudbeds,2026-11-30T00:00:00.000000,9,0,0,0,9,280.0,9
316005___633306,cloudbeds,2026-12-01T00:00:00.000000,9,0,0,0,9,280.0,9
316005___633306,cloudbeds,2026-12-02T00:00:00.000000,9,0,0,0,9,280.0,9
316005___633306,cloudbeds,2026-12-03T00:00:00.000000,9,0,0,0,9,413.0,9
316005___633306,cloudbeds,2026-12-04T00:00:00.000000,9,0,0,0,9,605.0,9
316005___633306,cloudbeds,2026-12-05T00:00:00.000000,9,0,0,0,9,605.0,9
316005___633306,cloudbeds,2026-12-06T00:00:00.000000,9,0,0,0,9,413.0,9
316005___633306,cloudbeds,2026-12-07T00:00:00.000000,9,0,0,0,9,280.0,9
316005___633306,cloudbeds,2026-12-08T00:00:00.000000,9,0,0,0,9,280.0,9
316005___633306,cloudbeds,2026-12-09T00:00:00.000000,9,0,0,0,9,280.0,9
316005___633306,cloudbeds,2026-12-10T00:00:00.000000,9,0,0,0,9,413.0,9
316005___633306,cloudbeds,2026-12-11T00:00:00.000000,9,0,0,0,9,605.0,9
316005___633306,cloudbeds,2026-12-12T00:00:00.000000,9,0,0,0,9,605.0,9
316005___633306,cloudbeds,2026-12-13T00:00:00.000000,9,0,0,0,9,413.0,9
316005___633306,cloudbeds,2026-12-14T00:00:00.000000,9,0,0,0,9,325.0,9
316005___633306,cloudbeds,2026-12-15T00:00:00.000000,9,0,0,0,9,325.0,9
316005___633306,cloudbeds,2026-12-16T00:00:00.000000,9,0,0,0,9,325.0,9
316005___633306,cloudbeds,2026-12-17T00:00:00.000000,9,0,0,0,9,539.0,9
316005___633306,cloudbeds,2026-12-18T00:00:00.000000,9,0,0,0,9,885.0,9
316005___633306,cloudbeds,2026-12-19T00:00:00.000000,9,0,0,0,9,885.0,9
316005___633306,cloudbeds,2026-12-20T00:00:00.000000,9,0,0,0,9,539.0,9
316005___633306,cloudbeds,2026-12-21T00:00:00.000000,9,0,0,0,9,325.0,9
316005___633306,cloudbeds,2026-12-22T00:00:00.000000,9,0,0,0,9,499.0,9
316005___633306,cloudbeds,2026-12-23T00:00:00.000000,9,0,0,0,9,499.0,9
316005___633306,cloudbeds,2026-12-24T00:00:00.000000,9,0,0,0,9,1074.0,9
316005___633306,cloudbeds,2026-12-25T00:00:00.000000,9,0,0,0,9,1074.0,9
316005___633306,cloudbeds,2026-12-26T00:00:00.000000,9,0,0,0,9,1074.0,9
316005___633306,cloudbeds,2026-12-27T00:00:00.000000,9,0,0,0,9,664.0,9
316005___633306,cloudbeds,2026-12-28T00:00:00.000000,9,0,0,0,9,466.0,9
316005___633306,cloudbeds,2026-12-29T00:00:00.000000,9,0,0,0,9,743.0,9
316005___633306,cloudbeds,2026-12-30T00:00:00.000000,9,0,0,0,9,1344.0,9
316005___633306,cloudbeds,2026-12-31T00:00:00.000000,9,0,0,0,9,1344.0,9
316005___633306,cloudbeds,2027-01-01T00:00:00.000000,9,0,0,0,9,724.0,9
316005___633306,cloudbeds,2027-01-02T00:00:00.000000,9,0,0,0,9,724.0,9
316005___633306,cloudbeds,2027-01-03T00:00:00.000000,9,0,0,0,9,413.0,9
316005___633311,cloudbeds,2026-02-02T00:00:00.000000,1,0,0,0,1,229.0,1
316005___633311,cloudbeds,2026-02-03T00:00:00.000000,1,0,0,0,1,229.0,1
316005___633311,cloudbeds,2026-02-04T00:00:00.000000,1,0,0,0,1,229.0,1
316005___633311,cloudbeds,2026-02-05T00:00:00.000000,1,0,0,0,1,251.0,1
316005___633311,cloudbeds,2026-02-06T00:00:00.000000,1,1,0,0,1,787.0,0
316005___633311,cloudbeds,2026-02-07T00:00:00.000000,1,1,0,0,1,865.0,0
316005___633311,cloudbeds,2026-02-08T00:00:00.000000,1,0,0,0,1,334.0,1
316005___633311,cloudbeds,2026-02-09T00:00:00.000000,1,0,0,0,1,279.0,1
316005___633311,cloudbeds,2026-02-10T00:00:00.000000,1,0,0,0,1,279.0,1
316005___633311,cloudbeds,2026-02-11T00:00:00.000000,1,0,0,0,1,339.0,1
316005___633311,cloudbeds,2026-02-12T00:00:00.000000,1,0,0,0,1,372.0,1
316005___633311,cloudbeds,2026-02-13T00:00:00.000000,1,1,0,0,1,1529.0,0
316005___633311,cloudbeds,2026-02-14T00:00:00.000000,1,1,0,0,1,1529.0,0
316005___633311,cloudbeds,2026-02-15T00:00:00.000000,1,1,0,0,1,787.0,0
316005___633311,cloudbeds,2026-02-16T00:00:00.000000,1,1,0,0,1,622.0,0
316005___633311,cloudbeds,2026-02-17T00:00:00.000000,1,1,0,0,1,339.0,0
316005___633311,cloudbeds,2026-02-18T00:00:00.000000,1,1,0,0,1,339.0,0
316005___633311,cloudbeds,2026-02-19T00:00:00.000000,1,0,0,0,1,372.0,1
316005___633311,cloudbeds,2026-02-20T00:00:00.000000,1,1,0,0,1,787.0,0
316005___633311,cloudbeds,2026-02-21T00:00:00.000000,1,1,0,0,1,865.0,0
316005___633311,cloudbeds,2026-02-22T00:00:00.000000,1,0,0,0,1,441.0,1
316005___633311,cloudbeds,2026-02-23T00:00:00.000000,1,0,0,0,1,368.0,1
316005___633311,cloudbeds,2026-02-24T00:00:00.000000,1,0,0,0,1,368.0,1
316005___633311,cloudbeds,2026-02-25T00:00:00.000000,1,0,0,0,1,368.0,1
316005___633311,cloudbeds,2026-02-26T00:00:00.000000,1,1,0,0,1,539.0,0
316005___633311,cloudbeds,2026-02-27T00:00:00.000000,1,1,0,0,1,905.0,0
316005___633311,cloudbeds,2026-02-28T00:00:00.000000,1,1,0,0,1,905.0,0
316005___633311,cloudbeds,2026-03-01T00:00:00.000000,1,0,0,0,1,524.0,1
316005___633311,cloudbeds,2026-03-02T00:00:00.000000,1,0,0,0,1,437.0,1
316005___633311,cloudbeds,2026-03-03T00:00:00.000000,1,0,0,0,1,437.0,1
316005___633311,cloudbeds,2026-03-04T00:00:00.000000,1,0,0,0,1,437.0,1
316005___633311,cloudbeds,2026-03-05T00:00:00.000000,1,0,0,0,1,539.0,1
316005___633311,cloudbeds,2026-03-06T00:00:00.000000,1,0,0,0,1,1023.0,1
316005___633311,cloudbeds,2026-03-07T00:00:00.000000,1,1,0,0,1,1023.0,0
316005___633311,cloudbeds,2026-03-08T00:00:00.000000,1,1,0,0,1,539.0,0
316005___633311,cloudbeds,2026-03-09T00:00:00.000000,1,0,0,0,1,437.0,1
316005___633311,cloudbeds,2026-03-10T00:00:00.000000,1,0,0,0,1,437.0,1
316005___633311,cloudbeds,2026-03-11T00:00:00.000000,1,0,0,0,1,437.0,1
316005___633311,cloudbeds,2026-03-12T00:00:00.000000,1,0,0,0,1,539.0,1
316005___633311,cloudbeds,2026-03-13T00:00:00.000000,1,0,0,0,1,1172.0,1
316005___633311,cloudbeds,2026-03-14T00:00:00.000000,1,0,0,0,1,1172.0,1
316005___633311,cloudbeds,2026-03-15T00:00:00.000000,1,0,0,0,1,787.0,1
316005___633311,cloudbeds,2026-03-16T00:00:00.000000,1,0,0,0,1,698.0,1
316005___633311,cloudbeds,2026-03-17T00:00:00.000000,1,0,0,0,1,698.0,1
316005___633311,cloudbeds,2026-03-18T00:00:00.000000,1,0,0,0,1,698.0,1
316005___633311,cloudbeds,2026-03-19T00:00:00.000000,1,0,0,0,1,787.0,1
316005___633311,cloudbeds,2026-03-20T00:00:00.000000,1,0,0,0,1,1172.0,1
316005___633311,cloudbeds,2026-03-21T00:00:00.000000,1,0,0,0,1,1172.0,1
316005___633311,cloudbeds,2026-03-22T00:00:00.000000,1,0,0,0,1,787.0,1
316005___633311,cloudbeds,2026-03-23T00:00:00.000000,1,0,0,0,1,368.0,1
316005___633311,cloudbeds,2026-03-24T00:00:00.000000,1,0,0,0,1,368.0,1
316005___633311,cloudbeds,2026-03-25T00:00:00.000000,1,0,0,0,1,368.0,1
316005___633311,cloudbeds,2026-03-26T00:00:00.000000,1,0,0,0,1,404.0,1
316005___633311,cloudbeds,2026-03-27T00:00:00.000000,1,1,0,0,1,787.0,0
316005___633311,cloudbeds,2026-03-28T00:00:00.000000,1,1,0,0,1,787.0,0
316005___633311,cloudbeds,2026-03-29T00:00:00.000000,1,0,0,0,1,500.0,1
316005___633311,cloudbeds,2026-03-30T00:00:00.000000,1,0,0,0,1,417.0,1
316005___633311,cloudbeds,2026-03-31T00:00:00.000000,1,0,0,0,1,417.0,1
316005___633311,cloudbeds,2026-04-01T00:00:00.000000,1,0,0,0,1,417.0,1
316005___633311,cloudbeds,2026-04-02T00:00:00.000000,1,0,0,0,1,628.0,1
316005___633311,cloudbeds,2026-04-03T00:00:00.000000,1,0,0,0,1,1222.0,1
316005___633311,cloudbeds,2026-04-04T00:00:00.000000,1,0,0,0,1,1222.0,1
316005___633311,cloudbeds,2026-04-05T00:00:00.000000,1,0,0,0,1,628.0,1
316005___633311,cloudbeds,2026-04-06T00:00:00.000000,1,0,0,0,1,417.0,1
316005___633311,cloudbeds,2026-04-07T00:00:00.000000,1,0,0,0,1,417.0,1
316005___633311,cloudbeds,2026-04-08T00:00:00.000000,1,0,0,0,1,417.0,1
316005___633311,cloudbeds,2026-04-09T00:00:00.000000,1,0,0,0,1,628.0,1
316005___633311,cloudbeds,2026-04-10T00:00:00.000000,1,0,0,0,1,1222.0,1
316005___633311,cloudbeds,2026-04-11T00:00:00.000000,1,0,0,0,1,1222.0,1
316005___633311,cloudbeds,2026-04-12T00:00:00.000000,1,0,0,0,1,628.0,1
316005___633311,cloudbeds,2026-04-13T00:00:00.000000,1,0,0,0,1,417.0,1
316005___633311,cloudbeds,2026-04-14T00:00:00.000000,1,0,0,0,1,417.0,1
316005___633311,cloudbeds,2026-04-15T00:00:00.000000,1,1,0,0,1,417.0,0
316005___633311,cloudbeds,2026-04-16T00:00:00.000000,1,1,0,0,1,628.0,0
316005___633311,cloudbeds,2026-04-17T00:00:00.000000,1,0,0,0,1,1222.0,1
316005___633311,cloudbeds,2026-04-18T00:00:00.000000,1,0,0,0,1,1222.0,1
316005___633311,cloudbeds,2026-04-19T00:00:00.000000,1,0,0,0,1,628.0,1
316005___633311,cloudbeds,2026-04-20T00:00:00.000000,1,1,0,0,1,417.0,0
316005___633311,cloudbeds,2026-04-21T00:00:00.000000,1,1,0,0,1,417.0,0
316005___633311,cloudbeds,2026-04-22T00:00:00.000000,1,0,0,0,1,417.0,1
316005___633311,cloudbeds,2026-04-23T00:00:00.000000,1,0,0,0,1,628.0,1
316005___633311,cloudbeds,2026-04-24T00:00:00.000000,1,0,0,0,1,1222.0,1
316005___633311,cloudbeds,2026-04-25T00:00:00.000000,1,0,0,0,1,1222.0,1
316005___633311,cloudbeds,2026-04-26T00:00:00.000000,1,0,0,0,1,628.0,1
316005___633311,cloudbeds,2026-04-27T00:00:00.000000,1,0,0,0,1,417.0,1
316005___633311,cloudbeds,2026-04-28T00:00:00.000000,1,0,0,0,1,417.0,1
316005___633311,cloudbeds,2026-04-29T00:00:00.000000,1,0,0,0,1,417.0,1
316005___633311,cloudbeds,2026-04-30T00:00:00.000000,1,0,0,0,1,628.0,1
316005___633311,cloudbeds,2026-05-01T00:00:00.000000,1,0,0,0,1,1222.0,1
316005___633311,cloudbeds,2026-05-02T00:00:00.000000,1,0,0,0,1,1222.0,1
316005___633311,cloudbeds,2026-05-03T00:00:00.000000,1,0,0,0,1,628.0,1
316005___633311,cloudbeds,2026-05-04T00:00:00.000000,1,0,0,0,1,368.0,1
316005___633311,cloudbeds,2026-05-05T00:00:00.000000,1,0,0,0,1,368.0,1
316005___633311,cloudbeds,2026-05-06T00:00:00.000000,1,0,0,0,1,368.0,1
316005___633311,cloudbeds,2026-05-07T00:00:00.000000,1,0,0,0,1,628.0,1
316005___633311,cloudbeds,2026-05-08T00:00:00.000000,1,0,0,0,1,1222.0,1
316005___633311,cloudbeds,2026-05-09T00:00:00.000000,1,0,0,0,1,1222.0,1
316005___633311,cloudbeds,2026-05-10T00:00:00.000000,1,0,0,0,1,628.0,1
316005___633311,cloudbeds,2026-05-11T00:00:00.000000,1,0,0,0,1,368.0,1
316005___633311,cloudbeds,2026-05-12T00:00:00.000000,1,0,0,0,1,368.0,1
316005___633311,cloudbeds,2026-05-13T00:00:00.000000,1,0,0,0,1,368.0,1
316005___633311,cloudbeds,2026-05-14T00:00:00.000000,1,0,0,0,1,628.0,1
316005___633311,cloudbeds,2026-05-15T00:00:00.000000,1,0,0,0,1,1222.0,1
316005___633311,cloudbeds,2026-05-16T00:00:00.000000,1,0,0,0,1,1222.0,1
316005___633311,cloudbeds,2026-05-17T00:00:00.000000,1,0,0,0,1,628.0,1
316005___633311,cloudbeds,2026-05-18T00:00:00.000000,1,0,0,0,1,368.0,1
316005___633311,cloudbeds,2026-05-19T00:00:00.000000,1,0,0,0,1,368.0,1
316005___633311,cloudbeds,2026-05-20T00:00:00.000000,1,0,0,0,1,368.0,1
316005___633311,cloudbeds,2026-05-21T00:00:00.000000,1,0,0,0,1,755.0,1
316005___633311,cloudbeds,2026-05-22T00:00:00.000000,1,0,0,0,1,1344.0,1
316005___633311,cloudbeds,2026-05-23T00:00:00.000000,1,0,0,0,1,1344.0,1
316005___633311,cloudbeds,2026-05-24T00:00:00.000000,1,0,0,0,1,755.0,1
316005___633311,cloudbeds,2026-05-25T00:00:00.000000,1,0,0,0,1,515.0,1
316005___633311,cloudbeds,2026-05-26T00:00:00.000000,1,0,0,0,1,368.0,1
316005___633311,cloudbeds,2026-05-27T00:00:00.000000,1,0,0,0,1,368.0,1
316005___633311,cloudbeds,2026-05-28T00:00:00.000000,1,0,0,0,1,518.0,1
316005___633311,cloudbeds,2026-05-29T00:00:00.000000,1,0,0,0,1,766.0,1
316005___633311,cloudbeds,2026-05-30T00:00:00.000000,1,0,0,0,1,766.0,1
316005___633311,cloudbeds,2026-05-31T00:00:00.000000,1,0,0,0,1,518.0,1
316005___633311,cloudbeds,2026-06-01T00:00:00.000000,1,0,0,0,1,417.0,1
316005___633311,cloudbeds,2026-06-02T00:00:00.000000,1,0,0,0,1,417.0,1
316005___633311,cloudbeds,2026-06-03T00:00:00.000000,1,0,0,0,1,417.0,1
316005___633311,cloudbeds,2026-06-04T00:00:00.000000,1,0,0,0,1,518.0,1
316005___633311,cloudbeds,2026-06-05T00:00:00.000000,1,0,0,0,1,766.0,1
316005___633311,cloudbeds,2026-06-06T00:00:00.000000,1,0,0,0,1,766.0,1
316005___633311,cloudbeds,2026-06-07T00:00:00.000000,1,0,0,0,1,518.0,1
316005___633311,cloudbeds,2026-06-08T00:00:00.000000,1,0,0,0,1,417.0,1
316005___633311,cloudbeds,2026-06-09T00:00:00.000000,1,0,0,0,1,417.0,1
316005___633311,cloudbeds,2026-06-10T00:00:00.000000,1,0,0,0,1,417.0,1
316005___633311,cloudbeds,2026-06-11T00:00:00.000000,1,0,0,0,1,518.0,1
316005___633311,cloudbeds,2026-06-12T00:00:00.000000,1,0,0,0,1,766.0,1
316005___633311,cloudbeds,2026-06-13T00:00:00.000000,1,0,0,0,1,766.0,1
316005___633311,cloudbeds,2026-06-14T00:00:00.000000,1,0,0,0,1,518.0,1
316005___633311,cloudbeds,2026-06-15T00:00:00.000000,1,0,0,0,1,417.0,1
316005___633311,cloudbeds,2026-06-16T00:00:00.000000,1,0,0,0,1,417.0,1
316005___633311,cloudbeds,2026-06-17T00:00:00.000000,1,0,0,0,1,417.0,1
316005___633311,cloudbeds,2026-06-18T00:00:00.000000,1,0,0,0,1,518.0,1
316005___633311,cloudbeds,2026-06-19T00:00:00.000000,1,0,0,0,1,766.0,1
316005___633311,cloudbeds,2026-06-20T00:00:00.000000,1,0,0,0,1,766.0,1
316005___633311,cloudbeds,2026-06-21T00:00:00.000000,1,0,0,0,1,518.0,1
316005___633311,cloudbeds,2026-06-22T00:00:00.000000,1,0,0,0,1,417.0,1
316005___633311,cloudbeds,2026-06-23T00:00:00.000000,1,0,0,0,1,417.0,1
316005___633311,cloudbeds,2026-06-24T00:00:00.000000,1,0,0,0,1,417.0,1
316005___633311,cloudbeds,2026-06-25T00:00:00.000000,1,0,0,0,1,518.0,1
316005___633311,cloudbeds,2026-06-26T00:00:00.000000,1,0,0,0,1,766.0,1
316005___633311,cloudbeds,2026-06-27T00:00:00.000000,1,0,0,0,1,766.0,1
316005___633311,cloudbeds,2026-06-28T00:00:00.000000,1,0,0,0,1,518.0,1
316005___633311,cloudbeds,2026-06-29T00:00:00.000000,1,0,0,0,1,490.0,1
316005___633311,cloudbeds,2026-06-30T00:00:00.000000,1,0,0,0,1,490.0,1
316005___633311,cloudbeds,2026-07-01T00:00:00.000000,1,0,0,0,1,490.0,1
316005___633311,cloudbeds,2026-07-02T00:00:00.000000,1,0,0,0,1,787.0,1
316005___633311,cloudbeds,2026-07-03T00:00:00.000000,1,0,0,0,1,1398.0,1
316005___633311,cloudbeds,2026-07-04T00:00:00.000000,1,0,0,0,1,1398.0,1
316005___633311,cloudbeds,2026-07-05T00:00:00.000000,1,0,0,0,1,787.0,1
316005___633311,cloudbeds,2026-07-06T00:00:00.000000,1,0,0,0,1,417.0,1
316005___633311,cloudbeds,2026-07-07T00:00:00.000000,1,0,0,0,1,417.0,1
316005___633311,cloudbeds,2026-07-08T00:00:00.000000,1,0,0,0,1,417.0,1
316005___633311,cloudbeds,2026-07-09T00:00:00.000000,1,0,0,0,1,539.0,1
316005___633311,cloudbeds,2026-07-10T00:00:00.000000,1,0,0,0,1,1023.0,1
316005___633311,cloudbeds,2026-07-11T00:00:00.000000,1,0,0,0,1,1023.0,1
316005___633311,cloudbeds,2026-07-12T00:00:00.000000,1,0,0,0,1,539.0,1
316005___633311,cloudbeds,2026-07-13T00:00:00.000000,1,0,0,0,1,417.0,1
316005___633311,cloudbeds,2026-07-14T00:00:00.000000,1,0,0,0,1,417.0,1
316005___633311,cloudbeds,2026-07-15T00:00:00.000000,1,0,0,0,1,417.0,1
316005___633311,cloudbeds,2026-07-16T00:00:00.000000,1,0,0,0,1,539.0,1
316005___633311,cloudbeds,2026-07-17T00:00:00.000000,1,0,0,0,1,1023.0,1
316005___633311,cloudbeds,2026-07-18T00:00:00.000000,1,0,0,0,1,1023.0,1
316005___633311,cloudbeds,2026-07-19T00:00:00.000000,1,0,0,0,1,539.0,1
316005___633311,cloudbeds,2026-07-20T00:00:00.000000,1,0,0,0,1,417.0,1
316005___633311,cloudbeds,2026-07-21T00:00:00.000000,1,0,0,0,1,417.0,1
316005___633311,cloudbeds,2026-07-22T00:00:00.000000,1,0,0,0,1,417.0,1
316005___633311,cloudbeds,2026-07-23T00:00:00.000000,1,0,0,0,1,539.0,1
316005___633311,cloudbeds,2026-07-24T00:00:00.000000,1,0,0,0,1,1023.0,1
316005___633311,cloudbeds,2026-07-25T00:00:00.000000,1,0,0,0,1,1023.0,1
316005___633311,cloudbeds,2026-07-26T00:00:00.000000,1,0,0,0,1,539.0,1
316005___633311,cloudbeds,2026-07-27T00:00:00.000000,1,0,0,0,1,417.0,1
316005___633311,cloudbeds,2026-07-28T00:00:00.000000,1,0,0,0,1,417.0,1
316005___633311,cloudbeds,2026-07-29T00:00:00.000000,1,0,0,0,1,417.0,1
316005___633311,cloudbeds,2026-07-30T00:00:00.000000,1,0,0,0,1,698.0,1
316005___633311,cloudbeds,2026-07-31T00:00:00.000000,1,0,0,0,1,1193.0,1
316005___633311,cloudbeds,2026-08-01T00:00:00.000000,1,0,0,0,1,1193.0,1
316005___633311,cloudbeds,2026-08-02T00:00:00.000000,1,0,0,0,1,698.0,1
316005___633311,cloudbeds,2026-08-03T00:00:00.000000,1,0,0,0,1,417.0,1
316005___633311,cloudbeds,2026-08-04T00:00:00.000000,1,0,0,0,1,417.0,1
316005___633311,cloudbeds,2026-08-05T00:00:00.000000,1,0,0,0,1,417.0,1
316005___633311,cloudbeds,2026-08-06T00:00:00.000000,1,0,0,0,1,698.0,1
316005___633311,cloudbeds,2026-08-07T00:00:00.000000,1,0,0,0,1,1193.0,1
316005___633311,cloudbeds,2026-08-08T00:00:00.000000,1,0,0,0,1,1193.0,1
316005___633311,cloudbeds,2026-08-09T00:00:00.000000,1,0,0,0,1,698.0,1
316005___633311,cloudbeds,2026-08-10T00:00:00.000000,1,0,0,0,1,417.0,1
316005___633311,cloudbeds,2026-08-11T00:00:00.000000,1,0,0,0,1,417.0,1
316005___633311,cloudbeds,2026-08-12T00:00:00.000000,1,0,0,0,1,417.0,1
316005___633311,cloudbeds,2026-08-13T00:00:00.000000,1,0,0,0,1,698.0,1
316005___633311,cloudbeds,2026-08-14T00:00:00.000000,1,0,0,0,1,1193.0,1
316005___633311,cloudbeds,2026-08-15T00:00:00.000000,1,0,0,0,1,1193.0,1
316005___633311,cloudbeds,2026-08-16T00:00:00.000000,1,0,0,0,1,698.0,1
316005___633311,cloudbeds,2026-08-17T00:00:00.000000,1,0,0,0,1,417.0,1
316005___633311,cloudbeds,2026-08-18T00:00:00.000000,1,0,0,0,1,417.0,1
316005___633311,cloudbeds,2026-08-19T00:00:00.000000,1,0,0,0,1,417.0,1
316005___633311,cloudbeds,2026-08-20T00:00:00.000000,1,0,0,0,1,698.0,1
316005___633311,cloudbeds,2026-08-21T00:00:00.000000,1,0,0,0,1,1193.0,1
316005___633311,cloudbeds,2026-08-22T00:00:00.000000,1,0,0,0,1,1193.0,1
316005___633311,cloudbeds,2026-08-23T00:00:00.000000,1,0,0,0,1,698.0,1
316005___633311,cloudbeds,2026-08-24T00:00:00.000000,1,0,0,0,1,417.0,1
316005___633311,cloudbeds,2026-08-25T00:00:00.000000,1,0,0,0,1,417.0,1
316005___633311,cloudbeds,2026-08-26T00:00:00.000000,1,0,0,0,1,417.0,1
316005___633311,cloudbeds,2026-08-27T00:00:00.000000,1,0,0,0,1,698.0,1
316005___633311,cloudbeds,2026-08-28T00:00:00.000000,1,0,0,0,1,1193.0,1
316005___633311,cloudbeds,2026-08-29T00:00:00.000000,1,0,0,0,1,1193.0,1
316005___633311,cloudbeds,2026-08-30T00:00:00.000000,1,0,0,0,1,698.0,1
316005___633311,cloudbeds,2026-08-31T00:00:00.000000,1,0,0,0,1,417.0,1
316005___633311,cloudbeds,2026-09-01T00:00:00.000000,1,0,0,0,1,417.0,1
316005___633311,cloudbeds,2026-09-02T00:00:00.000000,1,0,0,0,1,417.0,1
316005___633311,cloudbeds,2026-09-03T00:00:00.000000,1,0,0,0,1,698.0,1
316005___633311,cloudbeds,2026-09-04T00:00:00.000000,1,0,0,0,1,1322.0,1
316005___633311,cloudbeds,2026-09-05T00:00:00.000000,1,0,0,0,1,1322.0,1
316005___633311,cloudbeds,2026-09-06T00:00:00.000000,1,0,0,0,1,766.0,1
316005___633311,cloudbeds,2026-09-07T00:00:00.000000,1,0,0,0,1,582.0,1
316005___633311,cloudbeds,2026-09-08T00:00:00.000000,1,0,0,0,1,417.0,1
316005___633311,cloudbeds,2026-09-09T00:00:00.000000,1,0,0,0,1,417.0,1
316005___633311,cloudbeds,2026-09-10T00:00:00.000000,1,0,0,0,1,539.0,1
316005___633311,cloudbeds,2026-09-11T00:00:00.000000,1,0,0,0,1,955.0,1
316005___633311,cloudbeds,2026-09-12T00:00:00.000000,1,0,0,0,1,955.0,1
316005___633311,cloudbeds,2026-09-13T00:00:00.000000,1,0,0,0,1,539.0,1
316005___633311,cloudbeds,2026-09-14T00:00:00.000000,1,0,0,0,1,417.0,1
316005___633311,cloudbeds,2026-09-15T00:00:00.000000,1,0,0,0,1,417.0,1
316005___633311,cloudbeds,2026-09-16T00:00:00.000000,1,0,0,0,1,417.0,1
316005___633311,cloudbeds,2026-09-17T00:00:00.000000,1,0,0,0,1,539.0,1
316005___633311,cloudbeds,2026-09-18T00:00:00.000000,1,0,0,0,1,955.0,1
316005___633311,cloudbeds,2026-09-19T00:00:00.000000,1,0,0,0,1,955.0,1
316005___633311,cloudbeds,2026-09-20T00:00:00.000000,1,0,0,0,1,539.0,1
316005___633311,cloudbeds,2026-09-21T00:00:00.000000,1,0,0,0,1,417.0,1
316005___633311,cloudbeds,2026-09-22T00:00:00.000000,1,0,0,0,1,417.0,1
316005___633311,cloudbeds,2026-09-23T00:00:00.000000,1,0,0,0,1,417.0,1
316005___633311,cloudbeds,2026-09-24T00:00:00.000000,1,0,0,0,1,539.0,1
316005___633311,cloudbeds,2026-09-25T00:00:00.000000,1,0,0,0,1,955.0,1
316005___633311,cloudbeds,2026-09-26T00:00:00.000000,1,0,0,0,1,955.0,1
316005___633311,cloudbeds,2026-09-27T00:00:00.000000,1,0,0,0,1,539.0,1
316005___633311,cloudbeds,2026-09-28T00:00:00.000000,1,0,0,0,1,417.0,1
316005___633311,cloudbeds,2026-09-29T00:00:00.000000,1,0,0,0,1,417.0,1
316005___633311,cloudbeds,2026-09-30T00:00:00.000000,1,0,0,0,1,417.0,1
316005___633311,cloudbeds,2026-10-01T00:00:00.000000,1,0,0,0,1,539.0,1
316005___633311,cloudbeds,2026-10-02T00:00:00.000000,1,0,0,0,1,955.0,1
316005___633311,cloudbeds,2026-10-03T00:00:00.000000,1,0,0,0,1,955.0,1
316005___633311,cloudbeds,2026-10-04T00:00:00.000000,1,0,0,0,1,539.0,1
316005___633311,cloudbeds,2026-10-05T00:00:00.000000,1,0,0,0,1,459.0,1
316005___633311,cloudbeds,2026-10-06T00:00:00.000000,1,0,0,0,1,459.0,1
316005___633311,cloudbeds,2026-10-07T00:00:00.000000,1,0,0,0,1,459.0,1
316005___633311,cloudbeds,2026-10-08T00:00:00.000000,1,0,0,0,1,593.0,1
316005___633311,cloudbeds,2026-10-09T00:00:00.000000,1,0,0,0,1,1051.0,1
316005___633311,cloudbeds,2026-10-10T00:00:00.000000,1,0,0,0,1,1051.0,1
316005___633311,cloudbeds,2026-10-11T00:00:00.000000,1,0,0,0,1,718.0,1
316005___633311,cloudbeds,2026-10-12T00:00:00.000000,1,0,0,0,1,556.0,1
316005___633311,cloudbeds,2026-10-13T00:00:00.000000,1,0,0,0,1,459.0,1
316005___633311,cloudbeds,2026-10-14T00:00:00.000000,1,0,0,0,1,459.0,1
316005___633311,cloudbeds,2026-10-15T00:00:00.000000,1,0,0,0,1,593.0,1
316005___633311,cloudbeds,2026-10-16T00:00:00.000000,1,0,0,0,1,1008.0,1
316005___633311,cloudbeds,2026-10-17T00:00:00.000000,1,0,0,0,1,1008.0,1
316005___633311,cloudbeds,2026-10-18T00:00:00.000000,1,0,0,0,1,593.0,1
316005___633311,cloudbeds,2026-10-19T00:00:00.000000,1,0,0,0,1,459.0,1
316005___633311,cloudbeds,2026-10-20T00:00:00.000000,1,0,0,0,1,459.0,1
316005___633311,cloudbeds,2026-10-21T00:00:00.000000,1,0,0,0,1,459.0,1
316005___633311,cloudbeds,2026-10-22T00:00:00.000000,1,0,0,0,1,593.0,1
316005___633311,cloudbeds,2026-10-23T00:00:00.000000,1,0,0,0,1,1008.0,1
316005___633311,cloudbeds,2026-10-24T00:00:00.000000,1,0,0,0,1,1008.0,1
316005___633311,cloudbeds,2026-10-25T00:00:00.000000,1,0,0,0,1,593.0,1
316005___633311,cloudbeds,2026-10-26T00:00:00.000000,1,0,0,0,1,459.0,1
316005___633311,cloudbeds,2026-10-27T00:00:00.000000,1,0,0,0,1,459.0,1
316005___633311,cloudbeds,2026-10-28T00:00:00.000000,1,0,0,0,1,459.0,1
316005___633311,cloudbeds,2026-10-29T00:00:00.000000,1,0,0,0,1,593.0,1
316005___633311,cloudbeds,2026-10-30T00:00:00.000000,1,0,0,0,1,1008.0,1
316005___633311,cloudbeds,2026-10-31T00:00:00.000000,1,0,0,0,1,1008.0,1
316005___633311,cloudbeds,2026-11-01T00:00:00.000000,1,0,0,0,1,593.0,1
316005___633311,cloudbeds,2026-11-02T00:00:00.000000,1,0,0,0,1,490.0,1
316005___633311,cloudbeds,2026-11-03T00:00:00.000000,1,0,0,0,1,490.0,1
316005___633311,cloudbeds,2026-11-04T00:00:00.000000,1,0,0,0,1,490.0,1
316005___633311,cloudbeds,2026-11-05T00:00:00.000000,1,0,0,0,1,654.0,1
316005___633311,cloudbeds,2026-11-06T00:00:00.000000,1,0,0,0,1,998.0,1
316005___633311,cloudbeds,2026-11-07T00:00:00.000000,1,0,0,0,1,998.0,1
316005___633311,cloudbeds,2026-11-08T00:00:00.000000,1,0,0,0,1,654.0,1
316005___633311,cloudbeds,2026-11-09T00:00:00.000000,1,0,0,0,1,490.0,1
316005___633311,cloudbeds,2026-11-10T00:00:00.000000,1,0,0,0,1,490.0,1
316005___633311,cloudbeds,2026-11-11T00:00:00.000000,1,0,0,0,1,490.0,1
316005___633311,cloudbeds,2026-11-12T00:00:00.000000,1,0,0,0,1,654.0,1
316005___633311,cloudbeds,2026-11-13T00:00:00.000000,1,0,0,0,1,998.0,1
316005___633311,cloudbeds,2026-11-14T00:00:00.000000,1,0,0,0,1,998.0,1
316005___633311,cloudbeds,2026-11-15T00:00:00.000000,1,0,0,0,1,654.0,1
316005___633311,cloudbeds,2026-11-16T00:00:00.000000,1,0,0,0,1,490.0,1
316005___633311,cloudbeds,2026-11-17T00:00:00.000000,1,0,0,0,1,490.0,1
316005___633311,cloudbeds,2026-11-18T00:00:00.000000,1,0,0,0,1,490.0,1
316005___633311,cloudbeds,2026-11-19T00:00:00.000000,1,0,0,0,1,654.0,1
316005___633311,cloudbeds,2026-11-20T00:00:00.000000,1,0,0,0,1,998.0,1
316005___633311,cloudbeds,2026-11-21T00:00:00.000000,1,0,0,0,1,998.0,1
316005___633311,cloudbeds,2026-11-22T00:00:00.000000,1,0,0,0,1,654.0,1
316005___633311,cloudbeds,2026-11-23T00:00:00.000000,1,0,0,0,1,490.0,1
316005___633311,cloudbeds,2026-11-24T00:00:00.000000,1,0,0,0,1,490.0,1
316005___633311,cloudbeds,2026-11-25T00:00:00.000000,1,0,0,0,1,490.0,1
316005___633311,cloudbeds,2026-11-26T00:00:00.000000,1,0,0,0,1,1162.0,1
316005___633311,cloudbeds,2026-11-27T00:00:00.000000,1,0,0,0,1,863.0,1
316005___633311,cloudbeds,2026-11-28T00:00:00.000000,1,0,0,0,1,863.0,1
316005___633311,cloudbeds,2026-11-29T00:00:00.000000,1,0,0,0,1,539.0,1
316005___633311,cloudbeds,2026-11-30T00:00:00.000000,1,0,0,0,1,368.0,1
316005___633311,cloudbeds,2026-12-01T00:00:00.000000,1,0,0,0,1,368.0,1
316005___633311,cloudbeds,2026-12-02T00:00:00.000000,1,0,0,0,1,368.0,1
316005___633311,cloudbeds,2026-12-03T00:00:00.000000,1,0,0,0,1,539.0,1
316005___633311,cloudbeds,2026-12-04T00:00:00.000000,1,0,0,0,1,787.0,1
316005___633311,cloudbeds,2026-12-05T00:00:00.000000,1,0,0,0,1,787.0,1
316005___633311,cloudbeds,2026-12-06T00:00:00.000000,1,0,0,0,1,539.0,1
316005___633311,cloudbeds,2026-12-07T00:00:00.000000,1,0,0,0,1,368.0,1
316005___633311,cloudbeds,2026-12-08T00:00:00.000000,1,0,0,0,1,368.0,1
316005___633311,cloudbeds,2026-12-09T00:00:00.000000,1,0,0,0,1,368.0,1
316005___633311,cloudbeds,2026-12-10T00:00:00.000000,1,0,0,0,1,539.0,1
316005___633311,cloudbeds,2026-12-11T00:00:00.000000,1,0,0,0,1,787.0,1
316005___633311,cloudbeds,2026-12-12T00:00:00.000000,1,0,0,0,1,787.0,1
316005___633311,cloudbeds,2026-12-13T00:00:00.000000,1,0,0,0,1,539.0,1
316005___633311,cloudbeds,2026-12-14T00:00:00.000000,1,0,0,0,1,417.0,1
316005___633311,cloudbeds,2026-12-15T00:00:00.000000,1,0,0,0,1,417.0,1
316005___633311,cloudbeds,2026-12-16T00:00:00.000000,1,0,0,0,1,417.0,1
316005___633311,cloudbeds,2026-12-17T00:00:00.000000,1,0,0,0,1,702.0,1
316005___633311,cloudbeds,2026-12-18T00:00:00.000000,1,0,0,0,1,1150.0,1
316005___633311,cloudbeds,2026-12-19T00:00:00.000000,1,0,0,0,1,1150.0,1
316005___633311,cloudbeds,2026-12-20T00:00:00.000000,1,0,0,0,1,702.0,1
316005___633311,cloudbeds,2026-12-21T00:00:00.000000,1,0,0,0,1,417.0,1
316005___633311,cloudbeds,2026-12-22T00:00:00.000000,1,0,0,0,1,651.0,1
316005___633311,cloudbeds,2026-12-23T00:00:00.000000,1,0,0,0,1,651.0,1
316005___633311,cloudbeds,2026-12-24T00:00:00.000000,1,0,0,0,1,1403.0,1
316005___633311,cloudbeds,2026-12-25T00:00:00.000000,1,0,0,0,1,1403.0,1
316005___633311,cloudbeds,2026-12-26T00:00:00.000000,1,0,0,0,1,1403.0,1
316005___633311,cloudbeds,2026-12-27T00:00:00.000000,1,0,0,0,1,863.0,1
316005___633311,cloudbeds,2026-12-28T00:00:00.000000,1,0,0,0,1,607.0,1
316005___633311,cloudbeds,2026-12-29T00:00:00.000000,1,0,0,0,1,955.0,1
316005___633311,cloudbeds,2026-12-30T00:00:00.000000,1,0,0,0,1,1744.0,1
316005___633311,cloudbeds,2026-12-31T00:00:00.000000,1,0,0,0,1,1744.0,1
316005___633311,cloudbeds,2027-01-01T00:00:00.000000,1,0,0,0,1,944.0,1
316005___633311,cloudbeds,2027-01-02T00:00:00.000000,1,0,0,0,1,944.0,1
316005___633311,cloudbeds,2027-01-03T00:00:00.000000,1,0,0,0,1,539.0,1
316005___633308,cloudbeds,2026-02-02T00:00:00.000000,6,1,0,0,6,189.0,5
316005___633308,cloudbeds,2026-02-03T00:00:00.000000,6,2,0,0,6,189.0,4
316005___633308,cloudbeds,2026-02-04T00:00:00.000000,6,2,0,0,6,189.0,4
316005___633308,cloudbeds,2026-02-05T00:00:00.000000,6,0,0,0,6,309.0,6
316005___633308,cloudbeds,2026-02-06T00:00:00.000000,6,4,0,0,6,444.0,2
316005___633308,cloudbeds,2026-02-07T00:00:00.000000,6,4,0,0,6,509.0,2
316005___633308,cloudbeds,2026-02-08T00:00:00.000000,6,0,0,0,6,309.0,6
316005___633308,cloudbeds,2026-02-09T00:00:00.000000,6,1,0,0,6,259.0,5
316005___633308,cloudbeds,2026-02-10T00:00:00.000000,6,1,0,0,6,259.0,5
316005___633308,cloudbeds,2026-02-11T00:00:00.000000,6,1,0,0,6,284.0,5
316005___633308,cloudbeds,2026-02-12T00:00:00.000000,6,1,0,0,6,514.0,5
316005___633308,cloudbeds,2026-02-13T00:00:00.000000,6,1,0,0,6,1178.0,5
316005___633308,cloudbeds,2026-02-14T00:00:00.000000,6,1,0,0,6,1309.0,5
316005___633308,cloudbeds,2026-02-15T00:00:00.000000,6,0,0,0,6,605.0,6
316005___633308,cloudbeds,2026-02-16T00:00:00.000000,6,0,0,0,6,478.0,6
316005___633308,cloudbeds,2026-02-17T00:00:00.000000,6,0,0,0,6,284.0,6
316005___633308,cloudbeds,2026-02-18T00:00:00.000000,6,0,0,0,6,284.0,6
316005___633308,cloudbeds,2026-02-19T00:00:00.000000,6,1,0,0,6,413.0,5
316005___633308,cloudbeds,2026-02-20T00:00:00.000000,6,2,0,0,6,605.0,4
316005___633308,cloudbeds,2026-02-21T00:00:00.000000,6,2,0,0,6,665.0,4
316005___633308,cloudbeds,2026-02-22T00:00:00.000000,6,0,0,0,6,413.0,6
316005___633308,cloudbeds,2026-02-23T00:00:00.000000,6,1,0,0,6,280.0,5
316005___633308,cloudbeds,2026-02-24T00:00:00.000000,6,1,0,0,6,280.0,5
316005___633308,cloudbeds,2026-02-25T00:00:00.000000,6,0,0,0,6,280.0,6
316005___633308,cloudbeds,2026-02-26T00:00:00.000000,6,0,0,0,6,413.0,6
316005___633308,cloudbeds,2026-02-27T00:00:00.000000,6,1,0,0,6,695.0,5
316005___633308,cloudbeds,2026-02-28T00:00:00.000000,6,1,0,0,6,695.0,5
316005___633308,cloudbeds,2026-03-01T00:00:00.000000,6,0,0,0,6,413.0,6
316005___633308,cloudbeds,2026-03-02T00:00:00.000000,6,0,0,0,6,343.0,6
316005___633308,cloudbeds,2026-03-03T00:00:00.000000,6,0,0,0,6,343.0,6
316005___633308,cloudbeds,2026-03-04T00:00:00.000000,6,0,0,0,6,343.0,6
316005___633308,cloudbeds,2026-03-05T00:00:00.000000,6,0,0,0,6,413.0,6
316005___633308,cloudbeds,2026-03-06T00:00:00.000000,6,0,0,0,6,787.0,6
316005___633308,cloudbeds,2026-03-07T00:00:00.000000,6,0,0,0,6,787.0,6
316005___633308,cloudbeds,2026-03-08T00:00:00.000000,6,0,0,0,6,413.0,6
316005___633308,cloudbeds,2026-03-09T00:00:00.000000,6,0,0,0,6,343.0,6
316005___633308,cloudbeds,2026-03-10T00:00:00.000000,6,0,0,0,6,343.0,6
316005___633308,cloudbeds,2026-03-11T00:00:00.000000,6,0,0,0,6,343.0,6
316005___633308,cloudbeds,2026-03-12T00:00:00.000000,6,0,0,0,6,413.0,6
316005___633308,cloudbeds,2026-03-13T00:00:00.000000,6,0,0,0,6,904.0,6
316005___633308,cloudbeds,2026-03-14T00:00:00.000000,6,0,0,0,6,904.0,6
316005___633308,cloudbeds,2026-03-15T00:00:00.000000,6,0,0,0,6,605.0,6
316005___633308,cloudbeds,2026-03-16T00:00:00.000000,6,0,0,0,6,538.0,6
316005___633308,cloudbeds,2026-03-17T00:00:00.000000,6,0,0,0,6,538.0,6
316005___633308,cloudbeds,2026-03-18T00:00:00.000000,6,0,0,0,6,538.0,6
316005___633308,cloudbeds,2026-03-19T00:00:00.000000,6,0,0,0,6,605.0,6
316005___633308,cloudbeds,2026-03-20T00:00:00.000000,6,0,0,0,6,904.0,6
316005___633308,cloudbeds,2026-03-21T00:00:00.000000,6,0,0,0,6,904.0,6
316005___633308,cloudbeds,2026-03-22T00:00:00.000000,6,0,0,0,6,605.0,6
316005___633308,cloudbeds,2026-03-23T00:00:00.000000,6,0,0,0,6,280.0,6
316005___633308,cloudbeds,2026-03-24T00:00:00.000000,6,0,0,0,6,280.0,6
316005___633308,cloudbeds,2026-03-25T00:00:00.000000,6,0,0,0,6,280.0,6
316005___633308,cloudbeds,2026-03-26T00:00:00.000000,6,1,0,0,6,413.0,5
316005___633308,cloudbeds,2026-03-27T00:00:00.000000,6,2,0,0,6,605.0,4
316005___633308,cloudbeds,2026-03-28T00:00:00.000000,6,2,0,0,6,605.0,4
316005___633308,cloudbeds,2026-03-29T00:00:00.000000,6,0,0,0,6,413.0,6
316005___633308,cloudbeds,2026-03-30T00:00:00.000000,6,0,0,0,6,325.0,6
316005___633308,cloudbeds,2026-03-31T00:00:00.000000,6,0,0,0,6,325.0,6
316005___633308,cloudbeds,2026-04-01T00:00:00.000000,6,0,0,0,6,325.0,6
316005___633308,cloudbeds,2026-04-02T00:00:00.000000,6,0,0,0,6,481.0,6
316005___633308,cloudbeds,2026-04-03T00:00:00.000000,6,0,0,0,6,943.0,6
316005___633308,cloudbeds,2026-04-04T00:00:00.000000,6,0,0,0,6,943.0,6
316005___633308,cloudbeds,2026-04-05T00:00:00.000000,6,0,0,0,6,481.0,6
316005___633308,cloudbeds,2026-04-06T00:00:00.000000,6,0,0,0,6,325.0,6
316005___633308,cloudbeds,2026-04-07T00:00:00.000000,6,0,0,0,6,325.0,6
316005___633308,cloudbeds,2026-04-08T00:00:00.000000,6,0,0,0,6,325.0,6
316005___633308,cloudbeds,2026-04-09T00:00:00.000000,6,0,0,0,6,481.0,6
316005___633308,cloudbeds,2026-04-10T00:00:00.000000,6,0,0,0,6,943.0,6
316005___633308,cloudbeds,2026-04-11T00:00:00.000000,6,0,0,0,6,943.0,6
316005___633308,cloudbeds,2026-04-12T00:00:00.000000,6,0,0,0,6,481.0,6
316005___633308,cloudbeds,2026-04-13T00:00:00.000000,6,0,0,0,6,325.0,6
316005___633308,cloudbeds,2026-04-14T00:00:00.000000,6,0,0,0,6,325.0,6
316005___633308,cloudbeds,2026-04-15T00:00:00.000000,6,0,0,0,6,325.0,6
316005___633308,cloudbeds,2026-04-16T00:00:00.000000,6,0,0,0,6,481.0,6
316005___633308,cloudbeds,2026-04-17T00:00:00.000000,6,0,0,0,6,943.0,6
316005___633308,cloudbeds,2026-04-18T00:00:00.000000,6,0,0,0,6,943.0,6
316005___633308,cloudbeds,2026-04-19T00:00:00.000000,6,0,0,0,6,481.0,6
316005___633308,cloudbeds,2026-04-20T00:00:00.000000,6,0,0,0,6,325.0,6
316005___633308,cloudbeds,2026-04-21T00:00:00.000000,6,0,0,0,6,325.0,6
316005___633308,cloudbeds,2026-04-22T00:00:00.000000,6,0,0,0,6,325.0,6
316005___633308,cloudbeds,2026-04-23T00:00:00.000000,6,1,0,0,6,481.0,5
316005___633308,cloudbeds,2026-04-24T00:00:00.000000,6,1,0,0,6,943.0,5
316005___633308,cloudbeds,2026-04-25T00:00:00.000000,6,1,0,0,6,943.0,5
316005___633308,cloudbeds,2026-04-26T00:00:00.000000,6,0,0,0,6,481.0,6
316005___633308,cloudbeds,2026-04-27T00:00:00.000000,6,0,0,0,6,325.0,6
316005___633308,cloudbeds,2026-04-28T00:00:00.000000,6,0,0,0,6,325.0,6
316005___633308,cloudbeds,2026-04-29T00:00:00.000000,6,0,0,0,6,325.0,6
316005___633308,cloudbeds,2026-04-30T00:00:00.000000,6,0,0,0,6,481.0,6
316005___633308,cloudbeds,2026-05-01T00:00:00.000000,6,0,0,0,6,943.0,6
316005___633308,cloudbeds,2026-05-02T00:00:00.000000,6,0,0,0,6,943.0,6
316005___633308,cloudbeds,2026-05-03T00:00:00.000000,6,1,0,0,6,481.0,5
316005___633308,cloudbeds,2026-05-04T00:00:00.000000,6,1,0,0,6,280.0,5
316005___633308,cloudbeds,2026-05-05T00:00:00.000000,6,0,0,0,6,280.0,6
316005___633308,cloudbeds,2026-05-06T00:00:00.000000,6,0,0,0,6,280.0,6
316005___633308,cloudbeds,2026-05-07T00:00:00.000000,6,0,0,0,6,481.0,6
316005___633308,cloudbeds,2026-05-08T00:00:00.000000,6,0,0,0,6,943.0,6
316005___633308,cloudbeds,2026-05-09T00:00:00.000000,6,0,0,0,6,943.0,6
316005___633308,cloudbeds,2026-05-10T00:00:00.000000,6,0,0,0,6,481.0,6
316005___633308,cloudbeds,2026-05-11T00:00:00.000000,6,0,0,0,6,280.0,6
316005___633308,cloudbeds,2026-05-12T00:00:00.000000,6,0,0,0,6,280.0,6
316005___633308,cloudbeds,2026-05-13T00:00:00.000000,6,0,0,0,6,280.0,6
316005___633308,cloudbeds,2026-05-14T00:00:00.000000,6,0,0,0,6,481.0,6
316005___633308,cloudbeds,2026-05-15T00:00:00.000000,6,0,0,0,6,943.0,6
316005___633308,cloudbeds,2026-05-16T00:00:00.000000,6,0,0,0,6,943.0,6
316005___633308,cloudbeds,2026-05-17T00:00:00.000000,6,0,0,0,6,481.0,6
316005___633308,cloudbeds,2026-05-18T00:00:00.000000,6,0,0,0,6,280.0,6
316005___633308,cloudbeds,2026-05-19T00:00:00.000000,6,0,0,0,6,280.0,6
316005___633308,cloudbeds,2026-05-20T00:00:00.000000,6,0,0,0,6,280.0,6
316005___633308,cloudbeds,2026-05-21T00:00:00.000000,6,0,0,0,6,579.0,6
316005___633308,cloudbeds,2026-05-22T00:00:00.000000,6,0,0,0,6,1030.0,6
316005___633308,cloudbeds,2026-05-23T00:00:00.000000,6,0,0,0,6,1030.0,6
316005___633308,cloudbeds,2026-05-24T00:00:00.000000,6,0,0,0,6,579.0,6
316005___633308,cloudbeds,2026-05-25T00:00:00.000000,6,0,0,0,6,392.0,6
316005___633308,cloudbeds,2026-05-26T00:00:00.000000,6,0,0,0,6,280.0,6
316005___633308,cloudbeds,2026-05-27T00:00:00.000000,6,0,0,0,6,280.0,6
316005___633308,cloudbeds,2026-05-28T00:00:00.000000,6,0,0,0,6,397.0,6
316005___633308,cloudbeds,2026-05-29T00:00:00.000000,6,0,0,0,6,591.0,6
316005___633308,cloudbeds,2026-05-30T00:00:00.000000,6,0,0,0,6,591.0,6
316005___633308,cloudbeds,2026-05-31T00:00:00.000000,6,0,0,0,6,397.0,6
316005___633308,cloudbeds,2026-06-01T00:00:00.000000,6,0,0,0,6,325.0,6
316005___633308,cloudbeds,2026-06-02T00:00:00.000000,6,0,0,0,6,325.0,6
316005___633308,cloudbeds,2026-06-03T00:00:00.000000,6,0,0,0,6,325.0,6
316005___633308,cloudbeds,2026-06-04T00:00:00.000000,6,0,0,0,6,397.0,6
316005___633308,cloudbeds,2026-06-05T00:00:00.000000,6,0,0,0,6,591.0,6
316005___633308,cloudbeds,2026-06-06T00:00:00.000000,6,0,0,0,6,591.0,6
316005___633308,cloudbeds,2026-06-07T00:00:00.000000,6,0,0,0,6,397.0,6
316005___633308,cloudbeds,2026-06-08T00:00:00.000000,6,0,0,0,6,325.0,6
316005___633308,cloudbeds,2026-06-09T00:00:00.000000,6,0,0,0,6,325.0,6
316005___633308,cloudbeds,2026-06-10T00:00:00.000000,6,0,0,0,6,325.0,6
316005___633308,cloudbeds,2026-06-11T00:00:00.000000,6,0,0,0,6,397.0,6
316005___633308,cloudbeds,2026-06-12T00:00:00.000000,6,0,0,0,6,591.0,6
316005___633308,cloudbeds,2026-06-13T00:00:00.000000,6,0,0,0,6,591.0,6
316005___633308,cloudbeds,2026-06-14T00:00:00.000000,6,0,0,0,6,397.0,6
316005___633308,cloudbeds,2026-06-15T00:00:00.000000,6,0,0,0,6,325.0,6
316005___633308,cloudbeds,2026-06-16T00:00:00.000000,6,0,0,0,6,325.0,6
316005___633308,cloudbeds,2026-06-17T00:00:00.000000,6,0,0,0,6,325.0,6
316005___633308,cloudbeds,2026-06-18T00:00:00.000000,6,0,0,0,6,397.0,6
316005___633308,cloudbeds,2026-06-19T00:00:00.000000,6,0,0,0,6,591.0,6
316005___633308,cloudbeds,2026-06-20T00:00:00.000000,6,0,0,0,6,591.0,6
316005___633308,cloudbeds,2026-06-21T00:00:00.000000,6,0,0,0,6,397.0,6
316005___633308,cloudbeds,2026-06-22T00:00:00.000000,6,0,0,0,6,325.0,6
316005___633308,cloudbeds,2026-06-23T00:00:00.000000,6,0,0,0,6,325.0,6
316005___633308,cloudbeds,2026-06-24T00:00:00.000000,6,0,0,0,6,325.0,6
316005___633308,cloudbeds,2026-06-25T00:00:00.000000,6,0,0,0,6,397.0,6
316005___633308,cloudbeds,2026-06-26T00:00:00.000000,6,0,0,0,6,591.0,6
316005___633308,cloudbeds,2026-06-27T00:00:00.000000,6,0,0,0,6,591.0,6
316005___633308,cloudbeds,2026-06-28T00:00:00.000000,6,0,0,0,6,397.0,6
316005___633308,cloudbeds,2026-06-29T00:00:00.000000,6,0,0,0,6,371.0,6
316005___633308,cloudbeds,2026-06-30T00:00:00.000000,6,0,0,0,6,371.0,6
316005___633308,cloudbeds,2026-07-01T00:00:00.000000,6,0,0,0,6,371.0,6
316005___633308,cloudbeds,2026-07-02T00:00:00.000000,6,0,0,0,6,605.0,6
316005___633308,cloudbeds,2026-07-03T00:00:00.000000,6,0,0,0,6,1071.0,6
316005___633308,cloudbeds,2026-07-04T00:00:00.000000,6,0,0,0,6,1071.0,6
316005___633308,cloudbeds,2026-07-05T00:00:00.000000,6,0,0,0,6,605.0,6
316005___633308,cloudbeds,2026-07-06T00:00:00.000000,6,0,0,0,6,325.0,6
316005___633308,cloudbeds,2026-07-07T00:00:00.000000,6,0,0,0,6,325.0,6
316005___633308,cloudbeds,2026-07-08T00:00:00.000000,6,0,0,0,6,325.0,6
316005___633308,cloudbeds,2026-07-09T00:00:00.000000,6,0,0,0,6,413.0,6
316005___633308,cloudbeds,2026-07-10T00:00:00.000000,6,0,0,0,6,785.0,6
316005___633308,cloudbeds,2026-07-11T00:00:00.000000,6,0,0,0,6,785.0,6
316005___633308,cloudbeds,2026-07-12T00:00:00.000000,6,0,0,0,6,413.0,6
316005___633308,cloudbeds,2026-07-13T00:00:00.000000,6,0,0,0,6,325.0,6
316005___633308,cloudbeds,2026-07-14T00:00:00.000000,6,0,0,0,6,325.0,6
316005___633308,cloudbeds,2026-07-15T00:00:00.000000,6,0,0,0,6,325.0,6
316005___633308,cloudbeds,2026-07-16T00:00:00.000000,6,0,0,0,6,413.0,6
316005___633308,cloudbeds,2026-07-17T00:00:00.000000,6,0,0,0,6,785.0,6
316005___633308,cloudbeds,2026-07-18T00:00:00.000000,6,0,0,0,6,785.0,6
316005___633308,cloudbeds,2026-07-19T00:00:00.000000,6,0,0,0,6,413.0,6
316005___633308,cloudbeds,2026-07-20T00:00:00.000000,6,0,0,0,6,325.0,6
316005___633308,cloudbeds,2026-07-21T00:00:00.000000,6,0,0,0,6,325.0,6
316005___633308,cloudbeds,2026-07-22T00:00:00.000000,6,0,0,0,6,325.0,6
316005___633308,cloudbeds,2026-07-23T00:00:00.000000,6,0,0,0,6,413.0,6
316005___633308,cloudbeds,2026-07-24T00:00:00.000000,6,0,0,0,6,785.0,6
316005___633308,cloudbeds,2026-07-25T00:00:00.000000,6,0,0,0,6,785.0,6
316005___633308,cloudbeds,2026-07-26T00:00:00.000000,6,0,0,0,6,413.0,6
316005___633308,cloudbeds,2026-07-27T00:00:00.000000,6,0,0,0,6,325.0,6
316005___633308,cloudbeds,2026-07-28T00:00:00.000000,6,0,0,0,6,325.0,6
316005___633308,cloudbeds,2026-07-29T00:00:00.000000,6,0,0,0,6,325.0,6
316005___633308,cloudbeds,2026-07-30T00:00:00.000000,6,0,0,0,6,538.0,6
316005___633308,cloudbeds,2026-07-31T00:00:00.000000,6,0,0,0,6,918.0,6
316005___633308,cloudbeds,2026-08-01T00:00:00.000000,6,0,0,0,6,918.0,6
316005___633308,cloudbeds,2026-08-02T00:00:00.000000,6,0,0,0,6,538.0,6
316005___633308,cloudbeds,2026-08-03T00:00:00.000000,6,0,0,0,6,325.0,6
316005___633308,cloudbeds,2026-08-04T00:00:00.000000,6,0,0,0,6,325.0,6
316005___633308,cloudbeds,2026-08-05T00:00:00.000000,6,0,0,0,6,325.0,6
316005___633308,cloudbeds,2026-08-06T00:00:00.000000,6,0,0,0,6,538.0,6
316005___633308,cloudbeds,2026-08-07T00:00:00.000000,6,0,0,0,6,918.0,6
316005___633308,cloudbeds,2026-08-08T00:00:00.000000,6,0,0,0,6,918.0,6
316005___633308,cloudbeds,2026-08-09T00:00:00.000000,6,0,0,0,6,538.0,6
316005___633308,cloudbeds,2026-08-10T00:00:00.000000,6,0,0,0,6,325.0,6
316005___633308,cloudbeds,2026-08-11T00:00:00.000000,6,0,0,0,6,325.0,6
316005___633308,cloudbeds,2026-08-12T00:00:00.000000,6,0,0,0,6,325.0,6
316005___633308,cloudbeds,2026-08-13T00:00:00.000000,6,0,0,0,6,538.0,6
316005___633308,cloudbeds,2026-08-14T00:00:00.000000,6,0,0,0,6,918.0,6
316005___633308,cloudbeds,2026-08-15T00:00:00.000000,6,0,0,0,6,918.0,6
316005___633308,cloudbeds,2026-08-16T00:00:00.000000,6,0,0,0,6,538.0,6
316005___633308,cloudbeds,2026-08-17T00:00:00.000000,6,0,0,0,6,325.0,6
316005___633308,cloudbeds,2026-08-18T00:00:00.000000,6,0,0,0,6,325.0,6
316005___633308,cloudbeds,2026-08-19T00:00:00.000000,6,0,0,0,6,325.0,6
316005___633308,cloudbeds,2026-08-20T00:00:00.000000,6,0,0,0,6,538.0,6
316005___633308,cloudbeds,2026-08-21T00:00:00.000000,6,0,0,0,6,918.0,6
316005___633308,cloudbeds,2026-08-22T00:00:00.000000,6,0,0,0,6,918.0,6
316005___633308,cloudbeds,2026-08-23T00:00:00.000000,6,0,0,0,6,538.0,6
316005___633308,cloudbeds,2026-08-24T00:00:00.000000,6,0,0,0,6,325.0,6
316005___633308,cloudbeds,2026-08-25T00:00:00.000000,6,0,0,0,6,325.0,6
316005___633308,cloudbeds,2026-08-26T00:00:00.000000,6,0,0,0,6,325.0,6
316005___633308,cloudbeds,2026-08-27T00:00:00.000000,6,0,0,0,6,538.0,6
316005___633308,cloudbeds,2026-08-28T00:00:00.000000,6,0,0,0,6,918.0,6
316005___633308,cloudbeds,2026-08-29T00:00:00.000000,6,0,0,0,6,918.0,6
316005___633308,cloudbeds,2026-08-30T00:00:00.000000,6,0,0,0,6,538.0,6
316005___633308,cloudbeds,2026-08-31T00:00:00.000000,6,0,0,0,6,325.0,6
316005___633308,cloudbeds,2026-09-01T00:00:00.000000,6,0,0,0,6,325.0,6
316005___633308,cloudbeds,2026-09-02T00:00:00.000000,6,0,0,0,6,325.0,6
316005___633308,cloudbeds,2026-09-03T00:00:00.000000,6,0,0,0,6,538.0,6
316005___633308,cloudbeds,2026-09-04T00:00:00.000000,6,0,0,0,6,1009.0,6
316005___633308,cloudbeds,2026-09-05T00:00:00.000000,6,0,0,0,6,1009.0,6
316005___633308,cloudbeds,2026-09-06T00:00:00.000000,6,0,0,0,6,589.0,6
316005___633308,cloudbeds,2026-09-07T00:00:00.000000,6,0,0,0,6,450.0,6
316005___633308,cloudbeds,2026-09-08T00:00:00.000000,6,0,0,0,6,325.0,6
316005___633308,cloudbeds,2026-09-09T00:00:00.000000,6,0,0,0,6,325.0,6
316005___633308,cloudbeds,2026-09-10T00:00:00.000000,6,0,0,0,6,413.0,6
316005___633308,cloudbeds,2026-09-11T00:00:00.000000,6,0,0,0,6,743.0,6
316005___633308,cloudbeds,2026-09-12T00:00:00.000000,6,0,0,0,6,743.0,6
316005___633308,cloudbeds,2026-09-13T00:00:00.000000,6,0,0,0,6,413.0,6
316005___633308,cloudbeds,2026-09-14T00:00:00.000000,6,0,0,0,6,325.0,6
316005___633308,cloudbeds,2026-09-15T00:00:00.000000,6,0,0,0,6,325.0,6
316005___633308,cloudbeds,2026-09-16T00:00:00.000000,6,0,0,0,6,325.0,6
316005___633308,cloudbeds,2026-09-17T00:00:00.000000,6,0,0,0,6,413.0,6
316005___633308,cloudbeds,2026-09-18T00:00:00.000000,6,0,0,0,6,743.0,6
316005___633308,cloudbeds,2026-09-19T00:00:00.000000,6,0,0,0,6,743.0,6
316005___633308,cloudbeds,2026-09-20T00:00:00.000000,6,0,0,0,6,413.0,6
316005___633308,cloudbeds,2026-09-21T00:00:00.000000,6,0,0,0,6,325.0,6
316005___633308,cloudbeds,2026-09-22T00:00:00.000000,6,0,0,0,6,325.0,6
316005___633308,cloudbeds,2026-09-23T00:00:00.000000,6,0,0,0,6,325.0,6
316005___633308,cloudbeds,2026-09-24T00:00:00.000000,6,0,0,0,6,413.0,6
316005___633308,cloudbeds,2026-09-25T00:00:00.000000,6,0,0,0,6,743.0,6
316005___633308,cloudbeds,2026-09-26T00:00:00.000000,6,0,0,0,6,743.0,6
316005___633308,cloudbeds,2026-09-27T00:00:00.000000,6,0,0,0,6,413.0,6
316005___633308,cloudbeds,2026-09-28T00:00:00.000000,6,0,0,0,6,325.0,6
316005___633308,cloudbeds,2026-09-29T00:00:00.000000,6,0,0,0,6,325.0,6
316005___633308,cloudbeds,2026-09-30T00:00:00.000000,6,0,0,0,6,325.0,6
316005___633308,cloudbeds,2026-10-01T00:00:00.000000,6,0,0,0,6,413.0,6
316005___633308,cloudbeds,2026-10-02T00:00:00.000000,6,0,0,0,6,743.0,6
316005___633308,cloudbeds,2026-10-03T00:00:00.000000,6,0,0,0,6,743.0,6
316005___633308,cloudbeds,2026-10-04T00:00:00.000000,6,0,0,0,6,413.0,6
316005___633308,cloudbeds,2026-10-05T00:00:00.000000,6,0,0,0,6,351.0,6
316005___633308,cloudbeds,2026-10-06T00:00:00.000000,6,0,0,0,6,351.0,6
316005___633308,cloudbeds,2026-10-07T00:00:00.000000,6,0,0,0,6,351.0,6
316005___633308,cloudbeds,2026-10-08T00:00:00.000000,6,0,0,0,6,458.0,6
316005___633308,cloudbeds,2026-10-09T00:00:00.000000,6,0,0,0,6,812.0,6
316005___633308,cloudbeds,2026-10-10T00:00:00.000000,6,0,0,0,6,812.0,6
316005___633308,cloudbeds,2026-10-11T00:00:00.000000,6,0,0,0,6,547.0,6
316005___633308,cloudbeds,2026-10-12T00:00:00.000000,6,0,0,0,6,424.0,6
316005___633308,cloudbeds,2026-10-13T00:00:00.000000,6,0,0,0,6,351.0,6
316005___633308,cloudbeds,2026-10-14T00:00:00.000000,6,0,0,0,6,351.0,6
316005___633308,cloudbeds,2026-10-15T00:00:00.000000,6,0,0,0,6,458.0,6
316005___633308,cloudbeds,2026-10-16T00:00:00.000000,6,0,0,0,6,771.0,6
316005___633308,cloudbeds,2026-10-17T00:00:00.000000,6,0,0,0,6,771.0,6
316005___633308,cloudbeds,2026-10-18T00:00:00.000000,6,0,0,0,6,458.0,6
316005___633308,cloudbeds,2026-10-19T00:00:00.000000,6,0,0,0,6,351.0,6
316005___633308,cloudbeds,2026-10-20T00:00:00.000000,6,0,0,0,6,351.0,6
316005___633308,cloudbeds,2026-10-21T00:00:00.000000,6,0,0,0,6,351.0,6
316005___633308,cloudbeds,2026-10-22T00:00:00.000000,6,0,0,0,6,458.0,6
316005___633308,cloudbeds,2026-10-23T00:00:00.000000,6,0,0,0,6,771.0,6
316005___633308,cloudbeds,2026-10-24T00:00:00.000000,6,0,0,0,6,771.0,6
316005___633308,cloudbeds,2026-10-25T00:00:00.000000,6,0,0,0,6,458.0,6
316005___633308,cloudbeds,2026-10-26T00:00:00.000000,6,0,0,0,6,351.0,6
316005___633308,cloudbeds,2026-10-27T00:00:00.000000,6,0,0,0,6,351.0,6
316005___633308,cloudbeds,2026-10-28T00:00:00.000000,6,0,0,0,6,351.0,6
316005___633308,cloudbeds,2026-10-29T00:00:00.000000,6,0,0,0,6,458.0,6
316005___633308,cloudbeds,2026-10-30T00:00:00.000000,6,0,0,0,6,771.0,6
316005___633308,cloudbeds,2026-10-31T00:00:00.000000,6,0,0,0,6,771.0,6
316005___633308,cloudbeds,2026-11-01T00:00:00.000000,6,0,0,0,6,458.0,6
316005___633308,cloudbeds,2026-11-02T00:00:00.000000,6,0,0,0,6,371.0,6
316005___633308,cloudbeds,2026-11-03T00:00:00.000000,6,0,0,0,6,371.0,6
316005___633308,cloudbeds,2026-11-04T00:00:00.000000,6,0,0,0,6,371.0,6
316005___633308,cloudbeds,2026-11-05T00:00:00.000000,6,0,0,0,6,499.0,6
316005___633308,cloudbeds,2026-11-06T00:00:00.000000,6,0,0,0,6,766.0,6
316005___633308,cloudbeds,2026-11-07T00:00:00.000000,6,0,0,0,6,766.0,6
316005___633308,cloudbeds,2026-11-08T00:00:00.000000,6,0,0,0,6,499.0,6
316005___633308,cloudbeds,2026-11-09T00:00:00.000000,6,0,0,0,6,371.0,6
316005___633308,cloudbeds,2026-11-10T00:00:00.000000,6,0,0,0,6,371.0,6
316005___633308,cloudbeds,2026-11-11T00:00:00.000000,6,0,0,0,6,371.0,6
316005___633308,cloudbeds,2026-11-12T00:00:00.000000,6,0,0,0,6,499.0,6
316005___633308,cloudbeds,2026-11-13T00:00:00.000000,6,0,0,0,6,766.0,6
316005___633308,cloudbeds,2026-11-14T00:00:00.000000,6,0,0,0,6,766.0,6
316005___633308,cloudbeds,2026-11-15T00:00:00.000000,6,0,0,0,6,499.0,6
316005___633308,cloudbeds,2026-11-16T00:00:00.000000,6,0,0,0,6,371.0,6
316005___633308,cloudbeds,2026-11-17T00:00:00.000000,6,0,0,0,6,371.0,6
316005___633308,cloudbeds,2026-11-18T00:00:00.000000,6,0,0,0,6,371.0,6
316005___633308,cloudbeds,2026-11-19T00:00:00.000000,6,0,0,0,6,499.0,6
316005___633308,cloudbeds,2026-11-20T00:00:00.000000,6,0,0,0,6,766.0,6
316005___633308,cloudbeds,2026-11-21T00:00:00.000000,6,0,0,0,6,766.0,6
316005___633308,cloudbeds,2026-11-22T00:00:00.000000,6,0,0,0,6,499.0,6
316005___633308,cloudbeds,2026-11-23T00:00:00.000000,6,0,0,0,6,371.0,6
316005___633308,cloudbeds,2026-11-24T00:00:00.000000,6,0,0,0,6,371.0,6
316005___633308,cloudbeds,2026-11-25T00:00:00.000000,6,0,0,0,6,371.0,6
316005___633308,cloudbeds,2026-11-26T00:00:00.000000,6,0,0,0,6,892.0,6
316005___633308,cloudbeds,2026-11-27T00:00:00.000000,6,0,0,0,6,664.0,6
316005___633308,cloudbeds,2026-11-28T00:00:00.000000,6,0,0,0,6,664.0,6
316005___633308,cloudbeds,2026-11-29T00:00:00.000000,6,0,0,0,6,413.0,6
316005___633308,cloudbeds,2026-11-30T00:00:00.000000,6,0,0,0,6,280.0,6
316005___633308,cloudbeds,2026-12-01T00:00:00.000000,6,0,0,0,6,280.0,6
316005___633308,cloudbeds,2026-12-02T00:00:00.000000,6,0,0,0,6,280.0,6
316005___633308,cloudbeds,2026-12-03T00:00:00.000000,6,0,0,0,6,413.0,6
316005___633308,cloudbeds,2026-12-04T00:00:00.000000,6,0,0,0,6,605.0,6
316005___633308,cloudbeds,2026-12-05T00:00:00.000000,6,0,0,0,6,605.0,6
316005___633308,cloudbeds,2026-12-06T00:00:00.000000,6,0,0,0,6,413.0,6
316005___633308,cloudbeds,2026-12-07T00:00:00.000000,6,0,0,0,6,280.0,6
316005___633308,cloudbeds,2026-12-08T00:00:00.000000,6,0,0,0,6,280.0,6
316005___633308,cloudbeds,2026-12-09T00:00:00.000000,6,0,0,0,6,280.0,6
316005___633308,cloudbeds,2026-12-10T00:00:00.000000,6,0,0,0,6,413.0,6
316005___633308,cloudbeds,2026-12-11T00:00:00.000000,6,0,0,0,6,605.0,6
316005___633308,cloudbeds,2026-12-12T00:00:00.000000,6,0,0,0,6,605.0,6
316005___633308,cloudbeds,2026-12-13T00:00:00.000000,6,0,0,0,6,413.0,6
316005___633308,cloudbeds,2026-12-14T00:00:00.000000,6,0,0,0,6,325.0,6
316005___633308,cloudbeds,2026-12-15T00:00:00.000000,6,0,0,0,6,325.0,6
316005___633308,cloudbeds,2026-12-16T00:00:00.000000,6,0,0,0,6,325.0,6
316005___633308,cloudbeds,2026-12-17T00:00:00.000000,6,0,0,0,6,539.0,6
316005___633308,cloudbeds,2026-12-18T00:00:00.000000,6,0,0,0,6,885.0,6
316005___633308,cloudbeds,2026-12-19T00:00:00.000000,6,0,0,0,6,885.0,6
316005___633308,cloudbeds,2026-12-20T00:00:00.000000,6,0,0,0,6,539.0,6
316005___633308,cloudbeds,2026-12-21T00:00:00.000000,6,0,0,0,6,325.0,6
316005___633308,cloudbeds,2026-12-22T00:00:00.000000,6,0,0,0,6,499.0,6
316005___633308,cloudbeds,2026-12-23T00:00:00.000000,6,0,0,0,6,499.0,6
316005___633308,cloudbeds,2026-12-24T00:00:00.000000,6,0,0,0,6,1074.0,6
316005___633308,cloudbeds,2026-12-25T00:00:00.000000,6,0,0,0,6,1074.0,6
316005___633308,cloudbeds,2026-12-26T00:00:00.000000,6,0,0,0,6,1074.0,6
316005___633308,cloudbeds,2026-12-27T00:00:00.000000,6,0,0,0,6,664.0,6
316005___633308,cloudbeds,2026-12-28T00:00:00.000000,6,0,0,0,6,466.0,6
316005___633308,cloudbeds,2026-12-29T00:00:00.000000,6,0,0,0,6,743.0,6
316005___633308,cloudbeds,2026-12-30T00:00:00.000000,6,0,0,0,6,1344.0,6
316005___633308,cloudbeds,2026-12-31T00:00:00.000000,6,0,0,0,6,1344.0,6
316005___633308,cloudbeds,2027-01-01T00:00:00.000000,6,0,0,0,6,724.0,6
316005___633308,cloudbeds,2027-01-02T00:00:00.000000,6,0,0,0,6,724.0,6
316005___633308,cloudbeds,2027-01-03T00:00:00.000000,6,0,0,0,6,413.0,6
316005___633312,cloudbeds,2026-02-02T00:00:00.000000,6,2,0,0,6,229.0,4
316005___633312,cloudbeds,2026-02-03T00:00:00.000000,6,1,0,0,6,229.0,5
316005___633312,cloudbeds,2026-02-04T00:00:00.000000,6,0,0,0,6,229.0,6
316005___633312,cloudbeds,2026-02-05T00:00:00.000000,6,1,0,0,6,379.0,5
316005___633312,cloudbeds,2026-02-06T00:00:00.000000,6,5,0,0,6,579.0,1
316005___633312,cloudbeds,2026-02-07T00:00:00.000000,6,6,0,0,6,629.0,0
316005___633312,cloudbeds,2026-02-08T00:00:00.000000,6,1,0,0,6,334.0,5
316005___633312,cloudbeds,2026-02-09T00:00:00.000000,6,1,0,0,6,279.0,5
316005___633312,cloudbeds,2026-02-10T00:00:00.000000,6,0,0,0,6,279.0,6
316005___633312,cloudbeds,2026-02-11T00:00:00.000000,6,0,0,0,6,339.0,6
316005___633312,cloudbeds,2026-02-12T00:00:00.000000,6,2,0,0,6,668.0,4
316005___633312,cloudbeds,2026-02-13T00:00:00.000000,6,1,0,0,6,1376.0,5
316005___633312,cloudbeds,2026-02-14T00:00:00.000000,6,0,0,0,6,1529.0,6
316005___633312,cloudbeds,2026-02-15T00:00:00.000000,6,1,0,0,6,787.0,5
316005___633312,cloudbeds,2026-02-16T00:00:00.000000,6,0,0,0,6,622.0,6
316005___633312,cloudbeds,2026-02-17T00:00:00.000000,6,0,0,0,6,339.0,6
316005___633312,cloudbeds,2026-02-18T00:00:00.000000,6,0,0,0,6,339.0,6
316005___633312,cloudbeds,2026-02-19T00:00:00.000000,6,0,0,0,6,539.0,6
316005___633312,cloudbeds,2026-02-20T00:00:00.000000,6,1,0,0,6,787.0,5
316005___633312,cloudbeds,2026-02-21T00:00:00.000000,6,1,0,0,6,865.0,5
316005___633312,cloudbeds,2026-02-22T00:00:00.000000,6,0,0,0,6,539.0,6
316005___633312,cloudbeds,2026-02-23T00:00:00.000000,6,0,0,0,6,368.0,6
316005___633312,cloudbeds,2026-02-24T00:00:00.000000,6,0,0,0,6,368.0,6
316005___633312,cloudbeds,2026-02-25T00:00:00.000000,6,0,0,0,6,368.0,6
316005___633312,cloudbeds,2026-02-26T00:00:00.000000,6,0,0,0,6,539.0,6
316005___633312,cloudbeds,2026-02-27T00:00:00.000000,6,0,0,0,6,905.0,6
316005___633312,cloudbeds,2026-02-28T00:00:00.000000,6,0,0,0,6,905.0,6
316005___633312,cloudbeds,2026-03-01T00:00:00.000000,6,1,0,0,6,539.0,5
316005___633312,cloudbeds,2026-03-02T00:00:00.000000,6,1,0,0,6,437.0,5
316005___633312,cloudbeds,2026-03-03T00:00:00.000000,6,1,0,0,6,437.0,5
316005___633312,cloudbeds,2026-03-04T00:00:00.000000,6,1,0,0,6,437.0,5
316005___633312,cloudbeds,2026-03-05T00:00:00.000000,6,1,0,0,6,539.0,5
316005___633312,cloudbeds,2026-03-06T00:00:00.000000,6,0,0,0,6,1023.0,6
316005___633312,cloudbeds,2026-03-07T00:00:00.000000,6,0,0,0,6,1023.0,6
316005___633312,cloudbeds,2026-03-08T00:00:00.000000,6,0,0,0,6,539.0,6
316005___633312,cloudbeds,2026-03-09T00:00:00.000000,6,0,0,0,6,437.0,6
316005___633312,cloudbeds,2026-03-10T00:00:00.000000,6,0,0,0,6,437.0,6
316005___633312,cloudbeds,2026-03-11T00:00:00.000000,6,0,0,0,6,437.0,6
316005___633312,cloudbeds,2026-03-12T00:00:00.000000,6,0,0,0,6,539.0,6
316005___633312,cloudbeds,2026-03-13T00:00:00.000000,6,0,0,0,6,1172.0,6
316005___633312,cloudbeds,2026-03-14T00:00:00.000000,6,0,0,0,6,1172.0,6
316005___633312,cloudbeds,2026-03-15T00:00:00.000000,6,0,0,0,6,787.0,6
316005___633312,cloudbeds,2026-03-16T00:00:00.000000,6,1,0,0,6,698.0,5
316005___633312,cloudbeds,2026-03-17T00:00:00.000000,6,1,0,0,6,698.0,5
316005___633312,cloudbeds,2026-03-18T00:00:00.000000,6,0,0,0,6,698.0,6
316005___633312,cloudbeds,2026-03-19T00:00:00.000000,6,0,0,0,6,787.0,6
316005___633312,cloudbeds,2026-03-20T00:00:00.000000,6,0,0,0,6,1172.0,6
316005___633312,cloudbeds,2026-03-21T00:00:00.000000,6,0,0,0,6,1172.0,6
316005___633312,cloudbeds,2026-03-22T00:00:00.000000,6,0,0,0,6,787.0,6
316005___633312,cloudbeds,2026-03-23T00:00:00.000000,6,0,0,0,6,368.0,6
316005___633312,cloudbeds,2026-03-24T00:00:00.000000,6,1,0,0,6,368.0,5
316005___633312,cloudbeds,2026-03-25T00:00:00.000000,6,1,0,0,6,368.0,5
316005___633312,cloudbeds,2026-03-26T00:00:00.000000,6,0,0,0,6,539.0,6
316005___633312,cloudbeds,2026-03-27T00:00:00.000000,6,0,0,0,6,787.0,6
316005___633312,cloudbeds,2026-03-28T00:00:00.000000,6,0,0,0,6,787.0,6
316005___633312,cloudbeds,2026-03-29T00:00:00.000000,6,0,0,0,6,539.0,6
316005___633312,cloudbeds,2026-03-30T00:00:00.000000,6,0,0,0,6,417.0,6
316005___633312,cloudbeds,2026-03-31T00:00:00.000000,6,0,0,0,6,417.0,6
316005___633312,cloudbeds,2026-04-01T00:00:00.000000,6,0,0,0,6,417.0,6
316005___633312,cloudbeds,2026-04-02T00:00:00.000000,6,0,0,0,6,628.0,6
316005___633312,cloudbeds,2026-04-03T00:00:00.000000,6,0,0,0,6,1222.0,6
316005___633312,cloudbeds,2026-04-04T00:00:00.000000,6,0,0,0,6,1222.0,6
316005___633312,cloudbeds,2026-04-05T00:00:00.000000,6,0,0,0,6,628.0,6
316005___633312,cloudbeds,2026-04-06T00:00:00.000000,6,0,0,0,6,417.0,6
316005___633312,cloudbeds,2026-04-07T00:00:00.000000,6,0,0,0,6,417.0,6
316005___633312,cloudbeds,2026-04-08T00:00:00.000000,6,0,0,0,6,417.0,6
316005___633312,cloudbeds,2026-04-09T00:00:00.000000,6,0,0,0,6,628.0,6
316005___633312,cloudbeds,2026-04-10T00:00:00.000000,6,0,0,0,6,1222.0,6
316005___633312,cloudbeds,2026-04-11T00:00:00.000000,6,0,0,0,6,1222.0,6
316005___633312,cloudbeds,2026-04-12T00:00:00.000000,6,0,0,0,6,628.0,6
316005___633312,cloudbeds,2026-04-13T00:00:00.000000,6,0,0,0,6,417.0,6
316005___633312,cloudbeds,2026-04-14T00:00:00.000000,6,0,0,0,6,417.0,6
316005___633312,cloudbeds,2026-04-15T00:00:00.000000,6,0,0,0,6,417.0,6
316005___633312,cloudbeds,2026-04-16T00:00:00.000000,6,0,0,0,6,628.0,6
316005___633312,cloudbeds,2026-04-17T00:00:00.000000,6,0,0,0,6,1222.0,6
316005___633312,cloudbeds,2026-04-18T00:00:00.000000,6,0,0,0,6,1222.0,6
316005___633312,cloudbeds,2026-04-19T00:00:00.000000,6,0,0,0,6,628.0,6
316005___633312,cloudbeds,2026-04-20T00:00:00.000000,6,0,0,0,6,417.0,6
316005___633312,cloudbeds,2026-04-21T00:00:00.000000,6,0,0,0,6,417.0,6
316005___633312,cloudbeds,2026-04-22T00:00:00.000000,6,0,0,0,6,417.0,6
316005___633312,cloudbeds,2026-04-23T00:00:00.000000,6,0,0,0,6,628.0,6
316005___633312,cloudbeds,2026-04-24T00:00:00.000000,6,0,0,0,6,1222.0,6
316005___633312,cloudbeds,2026-04-25T00:00:00.000000,6,0,0,0,6,1222.0,6
316005___633312,cloudbeds,2026-04-26T00:00:00.000000,6,0,0,0,6,628.0,6
316005___633312,cloudbeds,2026-04-27T00:00:00.000000,6,0,0,0,6,417.0,6
316005___633312,cloudbeds,2026-04-28T00:00:00.000000,6,0,0,0,6,417.0,6
316005___633312,cloudbeds,2026-04-29T00:00:00.000000,6,0,0,0,6,417.0,6
316005___633312,cloudbeds,2026-04-30T00:00:00.000000,6,0,0,0,6,628.0,6
316005___633312,cloudbeds,2026-05-01T00:00:00.000000,6,0,0,0,6,1222.0,6
316005___633312,cloudbeds,2026-05-02T00:00:00.000000,6,0,0,0,6,1222.0,6
316005___633312,cloudbeds,2026-05-03T00:00:00.000000,6,0,0,0,6,628.0,6
316005___633312,cloudbeds,2026-05-04T00:00:00.000000,6,0,0,0,6,368.0,6
316005___633312,cloudbeds,2026-05-05T00:00:00.000000,6,0,0,0,6,368.0,6
316005___633312,cloudbeds,2026-05-06T00:00:00.000000,6,1,0,0,6,368.0,5
316005___633312,cloudbeds,2026-05-07T00:00:00.000000,6,1,0,0,6,628.0,5
316005___633312,cloudbeds,2026-05-08T00:00:00.000000,6,0,0,0,6,1222.0,6
316005___633312,cloudbeds,2026-05-09T00:00:00.000000,6,0,0,0,6,1222.0,6
316005___633312,cloudbeds,2026-05-10T00:00:00.000000,6,0,0,0,6,628.0,6
316005___633312,cloudbeds,2026-05-11T00:00:00.000000,6,0,0,0,6,368.0,6
316005___633312,cloudbeds,2026-05-12T00:00:00.000000,6,0,0,0,6,368.0,6
316005___633312,cloudbeds,2026-05-13T00:00:00.000000,6,0,0,0,6,368.0,6
316005___633312,cloudbeds,2026-05-14T00:00:00.000000,6,0,0,0,6,628.0,6
316005___633312,cloudbeds,2026-05-15T00:00:00.000000,6,0,0,0,6,1222.0,6
316005___633312,cloudbeds,2026-05-16T00:00:00.000000,6,0,0,0,6,1222.0,6
316005___633312,cloudbeds,2026-05-17T00:00:00.000000,6,0,0,0,6,628.0,6
316005___633312,cloudbeds,2026-05-18T00:00:00.000000,6,0,0,0,6,368.0,6
316005___633312,cloudbeds,2026-05-19T00:00:00.000000,6,0,0,0,6,368.0,6
316005___633312,cloudbeds,2026-05-20T00:00:00.000000,6,0,0,0,6,368.0,6
316005___633312,cloudbeds,2026-05-21T00:00:00.000000,6,0,0,0,6,755.0,6
316005___633312,cloudbeds,2026-05-22T00:00:00.000000,6,0,0,0,6,1344.0,6
316005___633312,cloudbeds,2026-05-23T00:00:00.000000,6,0,0,0,6,1344.0,6
316005___633312,cloudbeds,2026-05-24T00:00:00.000000,6,0,0,0,6,755.0,6
316005___633312,cloudbeds,2026-05-25T00:00:00.000000,6,0,0,0,6,515.0,6
316005___633312,cloudbeds,2026-05-26T00:00:00.000000,6,0,0,0,6,368.0,6
316005___633312,cloudbeds,2026-05-27T00:00:00.000000,6,0,0,0,6,368.0,6
316005___633312,cloudbeds,2026-05-28T00:00:00.000000,6,0,0,0,6,518.0,6
316005___633312,cloudbeds,2026-05-29T00:00:00.000000,6,0,0,0,6,766.0,6
316005___633312,cloudbeds,2026-05-30T00:00:00.000000,6,0,0,0,6,766.0,6
316005___633312,cloudbeds,2026-05-31T00:00:00.000000,6,0,0,0,6,518.0,6
316005___633312,cloudbeds,2026-06-01T00:00:00.000000,6,0,0,0,6,417.0,6
316005___633312,cloudbeds,2026-06-02T00:00:00.000000,6,0,0,0,6,417.0,6
316005___633312,cloudbeds,2026-06-03T00:00:00.000000,6,0,0,0,6,417.0,6
316005___633312,cloudbeds,2026-06-04T00:00:00.000000,6,0,0,0,6,518.0,6
316005___633312,cloudbeds,2026-06-05T00:00:00.000000,6,0,0,0,6,766.0,6
316005___633312,cloudbeds,2026-06-06T00:00:00.000000,6,0,0,0,6,766.0,6
316005___633312,cloudbeds,2026-06-07T00:00:00.000000,6,0,0,0,6,518.0,6
316005___633312,cloudbeds,2026-06-08T00:00:00.000000,6,0,0,0,6,417.0,6
316005___633312,cloudbeds,2026-06-09T00:00:00.000000,6,0,0,0,6,417.0,6
316005___633312,cloudbeds,2026-06-10T00:00:00.000000,6,0,0,0,6,417.0,6
316005___633312,cloudbeds,2026-06-11T00:00:00.000000,6,0,0,0,6,518.0,6
316005___633312,cloudbeds,2026-06-12T00:00:00.000000,6,0,0,0,6,766.0,6
316005___633312,cloudbeds,2026-06-13T00:00:00.000000,6,0,0,0,6,766.0,6
316005___633312,cloudbeds,2026-06-14T00:00:00.000000,6,0,0,0,6,518.0,6
316005___633312,cloudbeds,2026-06-15T00:00:00.000000,6,0,0,0,6,417.0,6
316005___633312,cloudbeds,2026-06-16T00:00:00.000000,6,0,0,0,6,417.0,6
316005___633312,cloudbeds,2026-06-17T00:00:00.000000,6,0,0,0,6,417.0,6
316005___633312,cloudbeds,2026-06-18T00:00:00.000000,6,0,0,0,6,518.0,6
316005___633312,cloudbeds,2026-06-19T00:00:00.000000,6,0,0,0,6,766.0,6
316005___633312,cloudbeds,2026-06-20T00:00:00.000000,6,0,0,0,6,766.0,6
316005___633312,cloudbeds,2026-06-21T00:00:00.000000,6,0,0,0,6,518.0,6
316005___633312,cloudbeds,2026-06-22T00:00:00.000000,6,0,0,0,6,417.0,6
316005___633312,cloudbeds,2026-06-23T00:00:00.000000,6,0,0,0,6,417.0,6
316005___633312,cloudbeds,2026-06-24T00:00:00.000000,6,0,0,0,6,417.0,6
316005___633312,cloudbeds,2026-06-25T00:00:00.000000,6,0,0,0,6,518.0,6
316005___633312,cloudbeds,2026-06-26T00:00:00.000000,6,0,0,0,6,766.0,6
316005___633312,cloudbeds,2026-06-27T00:00:00.000000,6,0,0,0,6,766.0,6
316005___633312,cloudbeds,2026-06-28T00:00:00.000000,6,0,0,0,6,518.0,6
316005___633312,cloudbeds,2026-06-29T00:00:00.000000,6,0,0,0,6,490.0,6
316005___633312,cloudbeds,2026-06-30T00:00:00.000000,6,0,0,0,6,490.0,6
316005___633312,cloudbeds,2026-07-01T00:00:00.000000,6,0,0,0,6,490.0,6
316005___633312,cloudbeds,2026-07-02T00:00:00.000000,6,0,0,0,6,787.0,6
316005___633312,cloudbeds,2026-07-03T00:00:00.000000,6,0,0,0,6,1398.0,6
316005___633312,cloudbeds,2026-07-04T00:00:00.000000,6,0,0,0,6,1398.0,6
316005___633312,cloudbeds,2026-07-05T00:00:00.000000,6,0,0,0,6,787.0,6
316005___633312,cloudbeds,2026-07-06T00:00:00.000000,6,0,0,0,6,417.0,6
316005___633312,cloudbeds,2026-07-07T00:00:00.000000,6,0,0,0,6,417.0,6
316005___633312,cloudbeds,2026-07-08T00:00:00.000000,6,0,0,0,6,417.0,6
316005___633312,cloudbeds,2026-07-09T00:00:00.000000,6,0,0,0,6,539.0,6
316005___633312,cloudbeds,2026-07-10T00:00:00.000000,6,0,0,0,6,1023.0,6
316005___633312,cloudbeds,2026-07-11T00:00:00.000000,6,0,0,0,6,1023.0,6
316005___633312,cloudbeds,2026-07-12T00:00:00.000000,6,0,0,0,6,539.0,6
316005___633312,cloudbeds,2026-07-13T00:00:00.000000,6,0,0,0,6,417.0,6
316005___633312,cloudbeds,2026-07-14T00:00:00.000000,6,0,0,0,6,417.0,6
316005___633312,cloudbeds,2026-07-15T00:00:00.000000,6,0,0,0,6,417.0,6
316005___633312,cloudbeds,2026-07-16T00:00:00.000000,6,0,0,0,6,539.0,6
316005___633312,cloudbeds,2026-07-17T00:00:00.000000,6,0,0,0,6,1023.0,6
316005___633312,cloudbeds,2026-07-18T00:00:00.000000,6,0,0,0,6,1023.0,6
316005___633312,cloudbeds,2026-07-19T00:00:00.000000,6,0,0,0,6,539.0,6
316005___633312,cloudbeds,2026-07-20T00:00:00.000000,6,0,0,0,6,417.0,6
316005___633312,cloudbeds,2026-07-21T00:00:00.000000,6,0,0,0,6,417.0,6
316005___633312,cloudbeds,2026-07-22T00:00:00.000000,6,0,0,0,6,417.0,6
316005___633312,cloudbeds,2026-07-23T00:00:00.000000,6,0,0,0,6,539.0,6
316005___633312,cloudbeds,2026-07-24T00:00:00.000000,6,0,0,0,6,1023.0,6
316005___633312,cloudbeds,2026-07-25T00:00:00.000000,6,0,0,0,6,1023.0,6
316005___633312,cloudbeds,2026-07-26T00:00:00.000000,6,0,0,0,6,539.0,6
316005___633312,cloudbeds,2026-07-27T00:00:00.000000,6,0,0,0,6,417.0,6
316005___633312,cloudbeds,2026-07-28T00:00:00.000000,6,0,0,0,6,417.0,6
316005___633312,cloudbeds,2026-07-29T00:00:00.000000,6,0,0,0,6,417.0,6
316005___633312,cloudbeds,2026-07-30T00:00:00.000000,6,0,0,0,6,698.0,6
316005___633312,cloudbeds,2026-07-31T00:00:00.000000,6,0,0,0,6,1193.0,6
316005___633312,cloudbeds,2026-08-01T00:00:00.000000,6,0,0,0,6,1193.0,6
316005___633312,cloudbeds,2026-08-02T00:00:00.000000,6,0,0,0,6,698.0,6
316005___633312,cloudbeds,2026-08-03T00:00:00.000000,6,0,0,0,6,417.0,6
316005___633312,cloudbeds,2026-08-04T00:00:00.000000,6,0,0,0,6,417.0,6
316005___633312,cloudbeds,2026-08-05T00:00:00.000000,6,0,0,0,6,417.0,6
316005___633312,cloudbeds,2026-08-06T00:00:00.000000,6,0,0,0,6,698.0,6
316005___633312,cloudbeds,2026-08-07T00:00:00.000000,6,0,0,0,6,1193.0,6
316005___633312,cloudbeds,2026-08-08T00:00:00.000000,6,0,0,0,6,1193.0,6
316005___633312,cloudbeds,2026-08-09T00:00:00.000000,6,0,0,0,6,698.0,6
316005___633312,cloudbeds,2026-08-10T00:00:00.000000,6,0,0,0,6,417.0,6
316005___633312,cloudbeds,2026-08-11T00:00:00.000000,6,0,0,0,6,417.0,6
316005___633312,cloudbeds,2026-08-12T00:00:00.000000,6,0,0,0,6,417.0,6
316005___633312,cloudbeds,2026-08-13T00:00:00.000000,6,0,0,0,6,698.0,6
316005___633312,cloudbeds,2026-08-14T00:00:00.000000,6,0,0,0,6,1193.0,6
316005___633312,cloudbeds,2026-08-15T00:00:00.000000,6,0,0,0,6,1193.0,6
316005___633312,cloudbeds,2026-08-16T00:00:00.000000,6,0,0,0,6,698.0,6
316005___633312,cloudbeds,2026-08-17T00:00:00.000000,6,0,0,0,6,417.0,6
316005___633312,cloudbeds,2026-08-18T00:00:00.000000,6,0,0,0,6,417.0,6
316005___633312,cloudbeds,2026-08-19T00:00:00.000000,6,0,0,0,6,417.0,6
316005___633312,cloudbeds,2026-08-20T00:00:00.000000,6,0,0,0,6,698.0,6
316005___633312,cloudbeds,2026-08-21T00:00:00.000000,6,0,0,0,6,1193.0,6
316005___633312,cloudbeds,2026-08-22T00:00:00.000000,6,0,0,0,6,1193.0,6
316005___633312,cloudbeds,2026-08-23T00:00:00.000000,6,0,0,0,6,698.0,6
316005___633312,cloudbeds,2026-08-24T00:00:00.000000,6,0,0,0,6,417.0,6
316005___633312,cloudbeds,2026-08-25T00:00:00.000000,6,0,0,0,6,417.0,6
316005___633312,cloudbeds,2026-08-26T00:00:00.000000,6,0,0,0,6,417.0,6
316005___633312,cloudbeds,2026-08-27T00:00:00.000000,6,0,0,0,6,698.0,6
316005___633312,cloudbeds,2026-08-28T00:00:00.000000,6,0,0,0,6,1193.0,6
316005___633312,cloudbeds,2026-08-29T00:00:00.000000,6,0,0,0,6,1193.0,6
316005___633312,cloudbeds,2026-08-30T00:00:00.000000,6,0,0,0,6,698.0,6
316005___633312,cloudbeds,2026-08-31T00:00:00.000000,6,0,0,0,6,417.0,6
316005___633312,cloudbeds,2026-09-01T00:00:00.000000,6,0,0,0,6,417.0,6
316005___633312,cloudbeds,2026-09-02T00:00:00.000000,6,0,0,0,6,417.0,6
316005___633312,cloudbeds,2026-09-03T00:00:00.000000,6,0,0,0,6,698.0,6
316005___633312,cloudbeds,2026-09-04T00:00:00.000000,6,0,0,0,6,1322.0,6
316005___633312,cloudbeds,2026-09-05T00:00:00.000000,6,0,0,0,6,1322.0,6
316005___633312,cloudbeds,2026-09-06T00:00:00.000000,6,0,0,0,6,766.0,6
316005___633312,cloudbeds,2026-09-07T00:00:00.000000,6,0,0,0,6,582.0,6
316005___633312,cloudbeds,2026-09-08T00:00:00.000000,6,1,0,0,6,417.0,5
316005___633312,cloudbeds,2026-09-09T00:00:00.000000,6,1,0,0,6,417.0,5
316005___633312,cloudbeds,2026-09-10T00:00:00.000000,6,0,0,0,6,539.0,6
316005___633312,cloudbeds,2026-09-11T00:00:00.000000,6,0,0,0,6,955.0,6
316005___633312,cloudbeds,2026-09-12T00:00:00.000000,6,0,0,0,6,955.0,6
316005___633312,cloudbeds,2026-09-13T00:00:00.000000,6,0,0,0,6,539.0,6
316005___633312,cloudbeds,2026-09-14T00:00:00.000000,6,0,0,0,6,417.0,6
316005___633312,cloudbeds,2026-09-15T00:00:00.000000,6,0,0,0,6,417.0,6
316005___633312,cloudbeds,2026-09-16T00:00:00.000000,6,0,0,0,6,417.0,6
316005___633312,cloudbeds,2026-09-17T00:00:00.000000,6,0,0,0,6,539.0,6
316005___633312,cloudbeds,2026-09-18T00:00:00.000000,6,0,0,0,6,955.0,6
316005___633312,cloudbeds,2026-09-19T00:00:00.000000,6,0,0,0,6,955.0,6
316005___633312,cloudbeds,2026-09-20T00:00:00.000000,6,0,0,0,6,539.0,6
316005___633312,cloudbeds,2026-09-21T00:00:00.000000,6,0,0,0,6,417.0,6
316005___633312,cloudbeds,2026-09-22T00:00:00.000000,6,0,0,0,6,417.0,6
316005___633312,cloudbeds,2026-09-23T00:00:00.000000,6,0,0,0,6,417.0,6
316005___633312,cloudbeds,2026-09-24T00:00:00.000000,6,0,0,0,6,539.0,6
316005___633312,cloudbeds,2026-09-25T00:00:00.000000,6,0,0,0,6,955.0,6
316005___633312,cloudbeds,2026-09-26T00:00:00.000000,6,0,0,0,6,955.0,6
316005___633312,cloudbeds,2026-09-27T00:00:00.000000,6,0,0,0,6,539.0,6
316005___633312,cloudbeds,2026-09-28T00:00:00.000000,6,0,0,0,6,417.0,6
316005___633312,cloudbeds,2026-09-29T00:00:00.000000,6,0,0,0,6,417.0,6
316005___633312,cloudbeds,2026-09-30T00:00:00.000000,6,0,0,0,6,417.0,6
316005___633312,cloudbeds,2026-10-01T00:00:00.000000,6,0,0,0,6,539.0,6
316005___633312,cloudbeds,2026-10-02T00:00:00.000000,6,0,0,0,6,955.0,6
316005___633312,cloudbeds,2026-10-03T00:00:00.000000,6,0,0,0,6,955.0,6
316005___633312,cloudbeds,2026-10-04T00:00:00.000000,6,0,0,0,6,539.0,6
316005___633312,cloudbeds,2026-10-05T00:00:00.000000,6,0,0,0,6,459.0,6
316005___633312,cloudbeds,2026-10-06T00:00:00.000000,6,0,0,0,6,459.0,6
316005___633312,cloudbeds,2026-10-07T00:00:00.000000,6,0,0,0,6,459.0,6
316005___633312,cloudbeds,2026-10-08T00:00:00.000000,6,0,0,0,6,593.0,6
316005___633312,cloudbeds,2026-10-09T00:00:00.000000,6,0,0,0,6,1051.0,6
316005___633312,cloudbeds,2026-10-10T00:00:00.000000,6,0,0,0,6,1051.0,6
316005___633312,cloudbeds,2026-10-11T00:00:00.000000,6,0,0,0,6,718.0,6
316005___633312,cloudbeds,2026-10-12T00:00:00.000000,6,0,0,0,6,556.0,6
316005___633312,cloudbeds,2026-10-13T00:00:00.000000,6,0,0,0,6,459.0,6
316005___633312,cloudbeds,2026-10-14T00:00:00.000000,6,0,0,0,6,459.0,6
316005___633312,cloudbeds,2026-10-15T00:00:00.000000,6,0,0,0,6,593.0,6
316005___633312,cloudbeds,2026-10-16T00:00:00.000000,6,0,0,0,6,1008.0,6
316005___633312,cloudbeds,2026-10-17T00:00:00.000000,6,0,0,0,6,1008.0,6
316005___633312,cloudbeds,2026-10-18T00:00:00.000000,6,0,0,0,6,593.0,6
316005___633312,cloudbeds,2026-10-19T00:00:00.000000,6,0,0,0,6,459.0,6
316005___633312,cloudbeds,2026-10-20T00:00:00.000000,6,0,0,0,6,459.0,6
316005___633312,cloudbeds,2026-10-21T00:00:00.000000,6,0,0,0,6,459.0,6
316005___633312,cloudbeds,2026-10-22T00:00:00.000000,6,0,0,0,6,593.0,6
316005___633312,cloudbeds,2026-10-23T00:00:00.000000,6,0,0,0,6,1008.0,6
316005___633312,cloudbeds,2026-10-24T00:00:00.000000,6,0,0,0,6,1008.0,6
316005___633312,cloudbeds,2026-10-25T00:00:00.000000,6,0,0,0,6,593.0,6
316005___633312,cloudbeds,2026-10-26T00:00:00.000000,6,0,0,0,6,459.0,6
316005___633312,cloudbeds,2026-10-27T00:00:00.000000,6,0,0,0,6,459.0,6
316005___633312,cloudbeds,2026-10-28T00:00:00.000000,6,0,0,0,6,459.0,6
316005___633312,cloudbeds,2026-10-29T00:00:00.000000,6,0,0,0,6,593.0,6
316005___633312,cloudbeds,2026-10-30T00:00:00.000000,6,0,0,0,6,1008.0,6
316005___633312,cloudbeds,2026-10-31T00:00:00.000000,6,0,0,0,6,1008.0,6
316005___633312,cloudbeds,2026-11-01T00:00:00.000000,6,0,0,0,6,593.0,6
316005___633312,cloudbeds,2026-11-02T00:00:00.000000,6,0,0,0,6,490.0,6
316005___633312,cloudbeds,2026-11-03T00:00:00.000000,6,0,0,0,6,490.0,6
316005___633312,cloudbeds,2026-11-04T00:00:00.000000,6,0,0,0,6,490.0,6
316005___633312,cloudbeds,2026-11-05T00:00:00.000000,6,0,0,0,6,654.0,6
316005___633312,cloudbeds,2026-11-06T00:00:00.000000,6,0,0,0,6,998.0,6
316005___633312,cloudbeds,2026-11-07T00:00:00.000000,6,0,0,0,6,998.0,6
316005___633312,cloudbeds,2026-11-08T00:00:00.000000,6,0,0,0,6,654.0,6
316005___633312,cloudbeds,2026-11-09T00:00:00.000000,6,0,0,0,6,490.0,6
316005___633312,cloudbeds,2026-11-10T00:00:00.000000,6,0,0,0,6,490.0,6
316005___633312,cloudbeds,2026-11-11T00:00:00.000000,6,0,0,0,6,490.0,6
316005___633312,cloudbeds,2026-11-12T00:00:00.000000,6,0,0,0,6,654.0,6
316005___633312,cloudbeds,2026-11-13T00:00:00.000000,6,0,0,0,6,998.0,6
316005___633312,cloudbeds,2026-11-14T00:00:00.000000,6,0,0,0,6,998.0,6
316005___633312,cloudbeds,2026-11-15T00:00:00.000000,6,0,0,0,6,654.0,6
316005___633312,cloudbeds,2026-11-16T00:00:00.000000,6,0,0,0,6,490.0,6
316005___633312,cloudbeds,2026-11-17T00:00:00.000000,6,0,0,0,6,490.0,6
316005___633312,cloudbeds,2026-11-18T00:00:00.000000,6,0,0,0,6,490.0,6
316005___633312,cloudbeds,2026-11-19T00:00:00.000000,6,0,0,0,6,654.0,6
316005___633312,cloudbeds,2026-11-20T00:00:00.000000,6,0,0,0,6,998.0,6
316005___633312,cloudbeds,2026-11-21T00:00:00.000000,6,0,0,0,6,998.0,6
316005___633312,cloudbeds,2026-11-22T00:00:00.000000,6,0,0,0,6,654.0,6
316005___633312,cloudbeds,2026-11-23T00:00:00.000000,6,0,0,0,6,490.0,6
316005___633312,cloudbeds,2026-11-24T00:00:00.000000,6,0,0,0,6,490.0,6
316005___633312,cloudbeds,2026-11-25T00:00:00.000000,6,0,0,0,6,490.0,6
316005___633312,cloudbeds,2026-11-26T00:00:00.000000,6,0,0,0,6,1162.0,6
316005___633312,cloudbeds,2026-11-27T00:00:00.000000,6,0,0,0,6,863.0,6
316005___633312,cloudbeds,2026-11-28T00:00:00.000000,6,0,0,0,6,863.0,6
316005___633312,cloudbeds,2026-11-29T00:00:00.000000,6,0,0,0,6,539.0,6
316005___633312,cloudbeds,2026-11-30T00:00:00.000000,6,0,0,0,6,368.0,6
316005___633312,cloudbeds,2026-12-01T00:00:00.000000,6,0,0,0,6,368.0,6
316005___633312,cloudbeds,2026-12-02T00:00:00.000000,6,0,0,0,6,368.0,6
316005___633312,cloudbeds,2026-12-03T00:00:00.000000,6,0,0,0,6,539.0,6
316005___633312,cloudbeds,2026-12-04T00:00:00.000000,6,0,0,0,6,787.0,6
316005___633312,cloudbeds,2026-12-05T00:00:00.000000,6,0,0,0,6,787.0,6
316005___633312,cloudbeds,2026-12-06T00:00:00.000000,6,0,0,0,6,539.0,6
316005___633312,cloudbeds,2026-12-07T00:00:00.000000,6,0,0,0,6,368.0,6
316005___633312,cloudbeds,2026-12-08T00:00:00.000000,6,0,0,0,6,368.0,6
316005___633312,cloudbeds,2026-12-09T00:00:00.000000,6,0,0,0,6,368.0,6
316005___633312,cloudbeds,2026-12-10T00:00:00.000000,6,0,0,0,6,539.0,6
316005___633312,cloudbeds,2026-12-11T00:00:00.000000,6,0,0,0,6,787.0,6
316005___633312,cloudbeds,2026-12-12T00:00:00.000000,6,0,0,0,6,787.0,6
316005___633312,cloudbeds,2026-12-13T00:00:00.000000,6,0,0,0,6,539.0,6
316005___633312,cloudbeds,2026-12-14T00:00:00.000000,6,0,0,0,6,417.0,6
316005___633312,cloudbeds,2026-12-15T00:00:00.000000,6,0,0,0,6,417.0,6
316005___633312,cloudbeds,2026-12-16T00:00:00.000000,6,0,0,0,6,417.0,6
316005___633312,cloudbeds,2026-12-17T00:00:00.000000,6,0,0,0,6,702.0,6
316005___633312,cloudbeds,2026-12-18T00:00:00.000000,6,0,0,0,6,1150.0,6
316005___633312,cloudbeds,2026-12-19T00:00:00.000000,6,0,0,0,6,1150.0,6
316005___633312,cloudbeds,2026-12-20T00:00:00.000000,6,0,0,0,6,702.0,6
316005___633312,cloudbeds,2026-12-21T00:00:00.000000,6,0,0,0,6,417.0,6
316005___633312,cloudbeds,2026-12-22T00:00:00.000000,6,0,0,0,6,651.0,6
316005___633312,cloudbeds,2026-12-23T00:00:00.000000,6,0,0,0,6,651.0,6
316005___633312,cloudbeds,2026-12-24T00:00:00.000000,6,0,0,0,6,1403.0,6
316005___633312,cloudbeds,2026-12-25T00:00:00.000000,6,0,0,0,6,1403.0,6
316005___633312,cloudbeds,2026-12-26T00:00:00.000000,6,0,0,0,6,1403.0,6
316005___633312,cloudbeds,2026-12-27T00:00:00.000000,6,0,0,0,6,863.0,6
316005___633312,cloudbeds,2026-12-28T00:00:00.000000,6,0,0,0,6,607.0,6
316005___633312,cloudbeds,2026-12-29T00:00:00.000000,6,0,0,0,6,955.0,6
316005___633312,cloudbeds,2026-12-30T00:00:00.000000,6,0,0,0,6,1744.0,6
316005___633312,cloudbeds,2026-12-31T00:00:00.000000,6,0,0,0,6,1744.0,6
316005___633312,cloudbeds,2027-01-01T00:00:00.000000,6,0,0,0,6,944.0,6
316005___633312,cloudbeds,2027-01-02T00:00:00.000000,6,0,0,0,6,944.0,6
316005___633312,cloudbeds,2027-01-03T00:00:00.000000,6,0,0,0,6,539.0,6
