Listing ID,PMS Name,Date,Units,No. Booked,No. Blocked,blocking_units,Bookable Units,nightly_revenue,Vacant Units
203812___364776,cloudbeds,2026-02-04T00:00:00.000000,1,0,0,0,1,209.0,1
203812___364776,cloudbeds,2026-02-05T00:00:00.000000,1,1,0,0,1,422.0,0
203812___364776,cloudbeds,2026-02-06T00:00:00.000000,1,1,0,0,1,835.0,0
203812___364776,cloudbeds,2026-02-07T00:00:00.000000,1,1,0,0,1,835.0,0
203812___364776,cloudbeds,2026-02-08T00:00:00.000000,1,1,0,0,1,212.0,0
203812___364776,cloudbeds,2026-02-09T00:00:00.000000,1,1,0,0,1,230.0,0
203812___364776,cloudbeds,2026-02-10T00:00:00.000000,1,0,0,0,1,230.0,1
203812___364776,cloudbeds,2026-02-11T00:00:00.000000,1,1,0,0,1,294.0,0
203812___364776,cloudbeds,2026-02-12T00:00:00.000000,1,1,0,0,1,323.0,0
203812___364776,cloudbeds,2026-02-13T00:00:00.000000,1,1,0,0,1,1796.0,0
203812___364776,cloudbeds,2026-02-14T00:00:00.000000,1,1,0,0,1,1796.0,0
203812___364776,cloudbeds,2026-02-15T00:00:00.000000,1,1,0,0,1,447.0,0
203812___364776,cloudbeds,2026-02-16T00:00:00.000000,1,1,0,0,1,460.0,0
203812___364776,cloudbeds,2026-02-17T00:00:00.000000,1,1,0,0,1,352.0,0
203812___364776,cloudbeds,2026-02-18T00:00:00.000000,1,1,0,0,1,230.0,0
203812___364776,cloudbeds,2026-02-19T00:00:00.000000,1,0,0,0,1,253.0,1
203812___364776,cloudbeds,2026-02-20T00:00:00.000000,1,1,0,0,1,1113.0,0
203812___364776,cloudbeds,2026-02-21T00:00:00.000000,1,1,0,0,1,1113.0,0
203812___364776,cloudbeds,2026-02-22T00:00:00.000000,1,1,0,0,1,306.0,0
203812___364776,cloudbeds,2026-02-23T00:00:00.000000,1,1,0,0,1,255.0,0
203812___364776,cloudbeds,2026-02-24T00:00:00.000000,1,1,0,0,1,255.0,0
203812___364776,cloudbeds,2026-02-25T00:00:00.000000,1,1,0,0,1,392.0,0
203812___364776,cloudbeds,2026-02-26T00:00:00.000000,1,1,0,0,1,562.0,0
203812___364776,cloudbeds,2026-02-27T00:00:00.000000,1,1,0,0,1,1113.0,0
203812___364776,cloudbeds,2026-02-28T00:00:00.000000,1,0,0,0,1,835.0,1
203812___364776,cloudbeds,2026-03-01T00:00:00.000000,1,1,0,0,1,422.0,0
203812___364776,cloudbeds,2026-03-02T00:00:00.000000,1,1,0,0,1,475.0,0
203812___364776,cloudbeds,2026-03-03T00:00:00.000000,1,0,0,0,1,475.0,1
203812___364776,cloudbeds,2026-03-04T00:00:00.000000,1,0,0,0,1,475.0,1
203812___364776,cloudbeds,2026-03-05T00:00:00.000000,1,0,0,0,1,562.0,1
203812___364776,cloudbeds,2026-03-06T00:00:00.000000,1,0,0,0,1,1113.0,1
203812___364776,cloudbeds,2026-03-07T00:00:00.000000,1,0,0,0,1,1113.0,1
203812___364776,cloudbeds,2026-03-08T00:00:00.000000,1,0,0,0,1,562.0,1
203812___364776,cloudbeds,2026-03-09T00:00:00.000000,1,1,0,0,1,522.0,0
203812___364776,cloudbeds,2026-03-10T00:00:00.000000,1,1,0,0,1,522.0,0
203812___364776,cloudbeds,2026-03-11T00:00:00.000000,1,0,0,0,1,522.0,1
203812___364776,cloudbeds,2026-03-12T00:00:00.000000,1,0,0,0,1,562.0,1
203812___364776,cloudbeds,2026-03-13T00:00:00.000000,1,0,0,0,1,1430.0,1
203812___364776,cloudbeds,2026-03-14T00:00:00.000000,1,0,0,0,1,1430.0,1
203812___364776,cloudbeds,2026-03-15T00:00:00.000000,1,0,0,0,1,847.0,1
203812___364776,cloudbeds,2026-03-16T00:00:00.000000,1,0,0,0,1,562.0,1
203812___364776,cloudbeds,2026-03-17T00:00:00.000000,1,0,0,0,1,562.0,1
203812___364776,cloudbeds,2026-03-18T00:00:00.000000,1,1,0,0,1,562.0,0
203812___364776,cloudbeds,2026-03-19T00:00:00.000000,1,1,0,0,1,709.0,0
203812___364776,cloudbeds,2026-03-20T00:00:00.000000,1,0,0,0,1,1430.0,1
203812___364776,cloudbeds,2026-03-21T00:00:00.000000,1,0,0,0,1,1430.0,1
203812___364776,cloudbeds,2026-03-22T00:00:00.000000,1,0,0,0,1,779.0,1
203812___364776,cloudbeds,2026-03-23T00:00:00.000000,1,1,0,0,1,475.0,0
203812___364776,cloudbeds,2026-03-24T00:00:00.000000,1,1,0,0,1,475.0,0
203812___364776,cloudbeds,2026-03-25T00:00:00.000000,1,0,0,0,1,523.0,1
203812___364776,cloudbeds,2026-03-26T00:00:00.000000,1,0,0,0,1,574.0,1
203812___364776,cloudbeds,2026-03-27T00:00:00.000000,1,0,0,0,1,1183.0,1
203812___364776,cloudbeds,2026-03-28T00:00:00.000000,1,0,0,0,1,1183.0,1
203812___364776,cloudbeds,2026-03-29T00:00:00.000000,1,0,0,0,1,570.0,1
203812___364776,cloudbeds,2026-03-30T00:00:00.000000,1,0,0,0,1,475.0,1
203812___364776,cloudbeds,2026-03-31T00:00:00.000000,1,0,0,0,1,475.0,1
203812___364776,cloudbeds,2026-04-01T00:00:00.000000,1,0,0,0,1,475.0,1
203812___364776,cloudbeds,2026-04-02T00:00:00.000000,1,0,0,0,1,709.0,1
203812___364776,cloudbeds,2026-04-03T00:00:00.000000,1,0,0,0,1,1183.0,1
203812___364776,cloudbeds,2026-04-04T00:00:00.000000,1,0,0,0,1,1183.0,1
203812___364776,cloudbeds,2026-04-05T00:00:00.000000,1,0,0,0,1,709.0,1
203812___364776,cloudbeds,2026-04-06T00:00:00.000000,1,0,0,0,1,475.0,1
203812___364776,cloudbeds,2026-04-07T00:00:00.000000,1,0,0,0,1,475.0,1
203812___364776,cloudbeds,2026-04-08T00:00:00.000000,1,0,0,0,1,475.0,1
203812___364776,cloudbeds,2026-04-09T00:00:00.000000,1,0,0,0,1,499.0,1
203812___364776,cloudbeds,2026-04-10T00:00:00.000000,1,0,0,0,1,1367.0,1
203812___364776,cloudbeds,2026-04-11T00:00:00.000000,1,0,0,0,1,1367.0,1
203812___364776,cloudbeds,2026-04-12T00:00:00.000000,1,0,0,0,1,499.0,1
203812___364776,cloudbeds,2026-04-13T00:00:00.000000,1,0,0,0,1,465.0,1
203812___364776,cloudbeds,2026-04-14T00:00:00.000000,1,0,0,0,1,465.0,1
203812___364776,cloudbeds,2026-04-15T00:00:00.000000,1,0,0,0,1,465.0,1
203812___364776,cloudbeds,2026-04-16T00:00:00.000000,1,0,0,0,1,499.0,1
203812___364776,cloudbeds,2026-04-17T00:00:00.000000,1,0,0,0,1,1367.0,1
203812___364776,cloudbeds,2026-04-18T00:00:00.000000,1,0,0,0,1,1367.0,1
203812___364776,cloudbeds,2026-04-19T00:00:00.000000,1,0,0,0,1,499.0,1
203812___364776,cloudbeds,2026-04-20T00:00:00.000000,1,1,0,0,1,465.0,0
203812___364776,cloudbeds,2026-04-21T00:00:00.000000,1,1,0,0,1,465.0,0
203812___364776,cloudbeds,2026-04-22T00:00:00.000000,1,1,0,0,1,465.0,0
203812___364776,cloudbeds,2026-04-23T00:00:00.000000,1,0,0,0,1,511.0,1
203812___364776,cloudbeds,2026-04-24T00:00:00.000000,1,1,0,0,1,1367.0,0
203812___364776,cloudbeds,2026-04-25T00:00:00.000000,1,1,0,0,1,1367.0,0
203812___364776,cloudbeds,2026-04-26T00:00:00.000000,1,1,0,0,1,562.0,0
203812___364776,cloudbeds,2026-04-27T00:00:00.000000,1,0,0,0,1,475.0,1
203812___364776,cloudbeds,2026-04-28T00:00:00.000000,1,0,0,0,1,475.0,1
203812___364776,cloudbeds,2026-04-29T00:00:00.000000,1,0,0,0,1,475.0,1
203812___364776,cloudbeds,2026-04-30T00:00:00.000000,1,0,0,0,1,562.0,1
203812___364776,cloudbeds,2026-05-01T00:00:00.000000,1,0,0,0,1,1055.0,1
203812___364776,cloudbeds,2026-05-02T00:00:00.000000,1,0,0,0,1,1055.0,1
203812___364776,cloudbeds,2026-05-03T00:00:00.000000,1,0,0,0,1,562.0,1
203812___364776,cloudbeds,2026-05-04T00:00:00.000000,1,0,0,0,1,475.0,1
203812___364776,cloudbeds,2026-05-05T00:00:00.000000,1,0,0,0,1,475.0,1
203812___364776,cloudbeds,2026-05-06T00:00:00.000000,1,0,0,0,1,475.0,1
203812___364776,cloudbeds,2026-05-07T00:00:00.000000,1,0,0,0,1,562.0,1
203812___364776,cloudbeds,2026-05-08T00:00:00.000000,1,0,0,0,1,1361.0,1
203812___364776,cloudbeds,2026-05-09T00:00:00.000000,1,0,0,0,1,1361.0,1
203812___364776,cloudbeds,2026-05-10T00:00:00.000000,1,0,0,0,1,562.0,1
203812___364776,cloudbeds,2026-05-11T00:00:00.000000,1,0,0,0,1,475.0,1
203812___364776,cloudbeds,2026-05-12T00:00:00.000000,1,0,0,0,1,475.0,1
203812___364776,cloudbeds,2026-05-13T00:00:00.000000,1,0,0,0,1,475.0,1
203812___364776,cloudbeds,2026-05-14T00:00:00.000000,1,0,0,0,1,562.0,1
203812___364776,cloudbeds,2026-05-15T00:00:00.000000,1,0,0,0,1,1361.0,1
203812___364776,cloudbeds,2026-05-16T00:00:00.000000,1,0,0,0,1,1361.0,1
203812___364776,cloudbeds,2026-05-17T00:00:00.000000,1,0,0,0,1,562.0,1
203812___364776,cloudbeds,2026-05-18T00:00:00.000000,1,0,0,0,1,475.0,1
203812___364776,cloudbeds,2026-05-19T00:00:00.000000,1,0,0,0,1,475.0,1
203812___364776,cloudbeds,2026-05-20T00:00:00.000000,1,0,0,0,1,475.0,1
203812___364776,cloudbeds,2026-05-21T00:00:00.000000,1,0,0,0,1,562.0,1
203812___364776,cloudbeds,2026-05-22T00:00:00.000000,1,0,0,0,1,1427.0,1
203812___364776,cloudbeds,2026-05-23T00:00:00.000000,1,0,0,0,1,1427.0,1
203812___364776,cloudbeds,2026-05-24T00:00:00.000000,1,0,0,0,1,641.0,1
203812___364776,cloudbeds,2026-05-25T00:00:00.000000,1,0,0,0,1,542.0,1
203812___364776,cloudbeds,2026-05-26T00:00:00.000000,1,0,0,0,1,475.0,1
203812___364776,cloudbeds,2026-05-27T00:00:00.000000,1,0,0,0,1,475.0,1
203812___364776,cloudbeds,2026-05-28T00:00:00.000000,1,0,0,0,1,562.0,1
203812___364776,cloudbeds,2026-05-29T00:00:00.000000,1,0,0,0,1,1055.0,1
203812___364776,cloudbeds,2026-05-30T00:00:00.000000,1,0,0,0,1,1055.0,1
203812___364776,cloudbeds,2026-05-31T00:00:00.000000,1,0,0,0,1,562.0,1
203812___364776,cloudbeds,2026-06-01T00:00:00.000000,1,0,0,0,1,452.0,1
203812___364776,cloudbeds,2026-06-02T00:00:00.000000,1,0,0,0,1,452.0,1
203812___364776,cloudbeds,2026-06-03T00:00:00.000000,1,0,0,0,1,452.0,1
203812___364776,cloudbeds,2026-06-04T00:00:00.000000,1,0,0,0,1,562.0,1
203812___364776,cloudbeds,2026-06-05T00:00:00.000000,1,0,0,0,1,1055.0,1
203812___364776,cloudbeds,2026-06-06T00:00:00.000000,1,0,0,0,1,1055.0,1
203812___364776,cloudbeds,2026-06-07T00:00:00.000000,1,0,0,0,1,562.0,1
203812___364776,cloudbeds,2026-06-08T00:00:00.000000,1,0,0,0,1,452.0,1
203812___364776,cloudbeds,2026-06-09T00:00:00.000000,1,0,0,0,1,452.0,1
203812___364776,cloudbeds,2026-06-10T00:00:00.000000,1,0,0,0,1,452.0,1
203812___364776,cloudbeds,2026-06-11T00:00:00.000000,1,0,0,0,1,709.0,1
203812___364776,cloudbeds,2026-06-12T00:00:00.000000,1,0,0,0,1,1055.0,1
203812___364776,cloudbeds,2026-06-13T00:00:00.000000,1,0,0,0,1,1055.0,1
203812___364776,cloudbeds,2026-06-14T00:00:00.000000,1,0,0,0,1,709.0,1
203812___364776,cloudbeds,2026-06-15T00:00:00.000000,1,0,0,0,1,452.0,1
203812___364776,cloudbeds,2026-06-16T00:00:00.000000,1,0,0,0,1,452.0,1
203812___364776,cloudbeds,2026-06-17T00:00:00.000000,1,0,0,0,1,452.0,1
203812___364776,cloudbeds,2026-06-18T00:00:00.000000,1,0,0,0,1,709.0,1
203812___364776,cloudbeds,2026-06-19T00:00:00.000000,1,0,0,0,1,1055.0,1
203812___364776,cloudbeds,2026-06-20T00:00:00.000000,1,0,0,0,1,1055.0,1
203812___364776,cloudbeds,2026-06-21T00:00:00.000000,1,0,0,0,1,709.0,1
203812___364776,cloudbeds,2026-06-22T00:00:00.000000,1,0,0,0,1,452.0,1
203812___364776,cloudbeds,2026-06-23T00:00:00.000000,1,0,0,0,1,452.0,1
203812___364776,cloudbeds,2026-06-24T00:00:00.000000,1,0,0,0,1,452.0,1
203812___364776,cloudbeds,2026-06-25T00:00:00.000000,1,0,0,0,1,709.0,1
203812___364776,cloudbeds,2026-06-26T00:00:00.000000,1,0,0,0,1,1055.0,1
203812___364776,cloudbeds,2026-06-27T00:00:00.000000,1,0,0,0,1,1055.0,1
203812___364776,cloudbeds,2026-06-28T00:00:00.000000,1,0,0,0,1,709.0,1
203812___364776,cloudbeds,2026-06-29T00:00:00.000000,1,0,0,0,1,452.0,1
203812___364776,cloudbeds,2026-06-30T00:00:00.000000,1,0,0,0,1,452.0,1
203812___364776,cloudbeds,2026-07-01T00:00:00.000000,1,0,0,0,1,452.0,1
203812___364776,cloudbeds,2026-07-02T00:00:00.000000,1,0,0,0,1,778.0,1
203812___364776,cloudbeds,2026-07-03T00:00:00.000000,1,0,0,0,1,1305.0,1
203812___364776,cloudbeds,2026-07-04T00:00:00.000000,1,0,0,0,1,1305.0,1
203812___364776,cloudbeds,2026-07-05T00:00:00.000000,1,0,0,0,1,778.0,1
203812___364776,cloudbeds,2026-07-06T00:00:00.000000,1,0,0,0,1,452.0,1
203812___364776,cloudbeds,2026-07-07T00:00:00.000000,1,0,0,0,1,452.0,1
203812___364776,cloudbeds,2026-07-08T00:00:00.000000,1,0,0,0,1,452.0,1
203812___364776,cloudbeds,2026-07-09T00:00:00.000000,1,0,0,0,1,499.0,1
203812___364776,cloudbeds,2026-07-10T00:00:00.000000,1,0,0,0,1,726.0,1
203812___364776,cloudbeds,2026-07-11T00:00:00.000000,1,0,0,0,1,726.0,1
203812___364776,cloudbeds,2026-07-12T00:00:00.000000,1,0,0,0,1,499.0,1
203812___364776,cloudbeds,2026-07-13T00:00:00.000000,1,0,0,0,1,452.0,1
203812___364776,cloudbeds,2026-07-14T00:00:00.000000,1,0,0,0,1,452.0,1
203812___364776,cloudbeds,2026-07-15T00:00:00.000000,1,0,0,0,1,452.0,1
203812___364776,cloudbeds,2026-07-16T00:00:00.000000,1,0,0,0,1,562.0,1
203812___364776,cloudbeds,2026-07-17T00:00:00.000000,1,0,0,0,1,1055.0,1
203812___364776,cloudbeds,2026-07-18T00:00:00.000000,1,0,0,0,1,1055.0,1
203812___364776,cloudbeds,2026-07-19T00:00:00.000000,1,0,0,0,1,562.0,1
203812___364776,cloudbeds,2026-07-20T00:00:00.000000,1,0,0,0,1,392.0,1
203812___364776,cloudbeds,2026-07-21T00:00:00.000000,1,0,0,0,1,392.0,1
203812___364776,cloudbeds,2026-07-22T00:00:00.000000,1,0,0,0,1,392.0,1
203812___364776,cloudbeds,2026-07-23T00:00:00.000000,1,0,0,0,1,499.0,1
203812___364776,cloudbeds,2026-07-24T00:00:00.000000,1,0,0,0,1,1121.0,1
203812___364776,cloudbeds,2026-07-25T00:00:00.000000,1,0,0,0,1,1121.0,1
203812___364776,cloudbeds,2026-07-26T00:00:00.000000,1,0,0,0,1,499.0,1
203812___364776,cloudbeds,2026-07-27T00:00:00.000000,1,0,0,0,1,452.0,1
203812___364776,cloudbeds,2026-07-28T00:00:00.000000,1,0,0,0,1,452.0,1
203812___364776,cloudbeds,2026-07-29T00:00:00.000000,1,0,0,0,1,452.0,1
203812___364776,cloudbeds,2026-07-30T00:00:00.000000,1,0,0,0,1,499.0,1
203812___364776,cloudbeds,2026-07-31T00:00:00.000000,1,0,0,0,1,1121.0,1
203812___364776,cloudbeds,2026-08-01T00:00:00.000000,1,0,0,0,1,1121.0,1
203812___364776,cloudbeds,2026-08-02T00:00:00.000000,1,0,0,0,1,499.0,1
203812___364776,cloudbeds,2026-08-03T00:00:00.000000,1,0,0,0,1,392.0,1
203812___364776,cloudbeds,2026-08-04T00:00:00.000000,1,0,0,0,1,392.0,1
203812___364776,cloudbeds,2026-08-05T00:00:00.000000,1,0,0,0,1,392.0,1
203812___364776,cloudbeds,2026-08-06T00:00:00.000000,1,0,0,0,1,499.0,1
203812___364776,cloudbeds,2026-08-07T00:00:00.000000,1,0,0,0,1,726.0,1
203812___364776,cloudbeds,2026-08-08T00:00:00.000000,1,0,0,0,1,726.0,1
203812___364776,cloudbeds,2026-08-09T00:00:00.000000,1,0,0,0,1,499.0,1
203812___364776,cloudbeds,2026-08-10T00:00:00.000000,1,0,0,0,1,452.0,1
203812___364776,cloudbeds,2026-08-11T00:00:00.000000,1,0,0,0,1,452.0,1
203812___364776,cloudbeds,2026-08-12T00:00:00.000000,1,0,0,0,1,452.0,1
203812___364776,cloudbeds,2026-08-13T00:00:00.000000,1,0,0,0,1,562.0,1
203812___364776,cloudbeds,2026-08-14T00:00:00.000000,1,0,0,0,1,726.0,1
203812___364776,cloudbeds,2026-08-15T00:00:00.000000,1,0,0,0,1,726.0,1
203812___364776,cloudbeds,2026-08-16T00:00:00.000000,1,0,0,0,1,562.0,1
203812___364776,cloudbeds,2026-08-17T00:00:00.000000,1,0,0,0,1,452.0,1
203812___364776,cloudbeds,2026-08-18T00:00:00.000000,1,0,0,0,1,452.0,1
203812___364776,cloudbeds,2026-08-19T00:00:00.000000,1,0,0,0,1,452.0,1
203812___364776,cloudbeds,2026-08-20T00:00:00.000000,1,0,0,0,1,499.0,1
203812___364776,cloudbeds,2026-08-21T00:00:00.000000,1,0,0,0,1,1055.0,1
203812___364776,cloudbeds,2026-08-22T00:00:00.000000,1,0,0,0,1,1055.0,1
203812___364776,cloudbeds,2026-08-23T00:00:00.000000,1,0,0,0,1,499.0,1
203812___364776,cloudbeds,2026-08-24T00:00:00.000000,1,0,0,0,1,452.0,1
203812___364776,cloudbeds,2026-08-25T00:00:00.000000,1,0,0,0,1,452.0,1
203812___364776,cloudbeds,2026-08-26T00:00:00.000000,1,0,0,0,1,452.0,1
203812___364776,cloudbeds,2026-08-27T00:00:00.000000,1,0,0,0,1,499.0,1
203812___364776,cloudbeds,2026-08-28T00:00:00.000000,1,0,0,0,1,1055.0,1
203812___364776,cloudbeds,2026-08-29T00:00:00.000000,1,0,0,0,1,1055.0,1
203812___364776,cloudbeds,2026-08-30T00:00:00.000000,1,0,0,0,1,499.0,1
203812___364776,cloudbeds,2026-08-31T00:00:00.000000,1,0,0,0,1,452.0,1
203812___364776,cloudbeds,2026-09-01T00:00:00.000000,1,0,0,0,1,452.0,1
203812___364776,cloudbeds,2026-09-02T00:00:00.000000,1,0,0,0,1,452.0,1
203812___364776,cloudbeds,2026-09-03T00:00:00.000000,1,0,0,0,1,669.0,1
203812___364776,cloudbeds,2026-09-04T00:00:00.000000,1,0,0,0,1,1247.0,1
203812___364776,cloudbeds,2026-09-05T00:00:00.000000,1,0,0,0,1,1247.0,1
203812___364776,cloudbeds,2026-09-06T00:00:00.000000,1,0,0,0,1,738.0,1
203812___364776,cloudbeds,2026-09-07T00:00:00.000000,1,0,0,0,1,584.0,1
203812___364776,cloudbeds,2026-09-08T00:00:00.000000,1,0,0,0,1,562.0,1
203812___364776,cloudbeds,2026-09-09T00:00:00.000000,1,0,0,0,1,562.0,1
203812___364776,cloudbeds,2026-09-10T00:00:00.000000,1,0,0,0,1,669.0,1
203812___364776,cloudbeds,2026-09-11T00:00:00.000000,1,0,0,0,1,1013.0,1
203812___364776,cloudbeds,2026-09-12T00:00:00.000000,1,0,0,0,1,1013.0,1
203812___364776,cloudbeds,2026-09-13T00:00:00.000000,1,0,0,0,1,669.0,1
203812___364776,cloudbeds,2026-09-14T00:00:00.000000,1,0,0,0,1,562.0,1
203812___364776,cloudbeds,2026-09-15T00:00:00.000000,1,0,0,0,1,562.0,1
203812___364776,cloudbeds,2026-09-16T00:00:00.000000,1,0,0,0,1,562.0,1
203812___364776,cloudbeds,2026-09-17T00:00:00.000000,1,0,0,0,1,709.0,1
203812___364776,cloudbeds,2026-09-18T00:00:00.000000,1,0,0,0,1,1013.0,1
203812___364776,cloudbeds,2026-09-19T00:00:00.000000,1,0,0,0,1,1013.0,1
203812___364776,cloudbeds,2026-09-20T00:00:00.000000,1,0,0,0,1,709.0,1
203812___364776,cloudbeds,2026-09-21T00:00:00.000000,1,0,0,0,1,452.0,1
203812___364776,cloudbeds,2026-09-22T00:00:00.000000,1,0,0,0,1,452.0,1
203812___364776,cloudbeds,2026-09-23T00:00:00.000000,1,0,0,0,1,452.0,1
203812___364776,cloudbeds,2026-09-24T00:00:00.000000,1,0,0,0,1,669.0,1
203812___364776,cloudbeds,2026-09-25T00:00:00.000000,1,1,0,0,1,1283.0,0
203812___364776,cloudbeds,2026-09-26T00:00:00.000000,1,1,0,0,1,1283.0,0
203812___364776,cloudbeds,2026-09-27T00:00:00.000000,1,0,0,0,1,669.0,1
203812___364776,cloudbeds,2026-09-28T00:00:00.000000,1,0,0,0,1,562.0,1
203812___364776,cloudbeds,2026-09-29T00:00:00.000000,1,0,0,0,1,562.0,1
203812___364776,cloudbeds,2026-09-30T00:00:00.000000,1,0,0,0,1,562.0,1
203812___364776,cloudbeds,2026-10-01T00:00:00.000000,1,0,0,0,1,709.0,1
203812___364776,cloudbeds,2026-10-02T00:00:00.000000,1,0,0,0,1,1283.0,1
203812___364776,cloudbeds,2026-10-03T00:00:00.000000,1,0,0,0,1,1283.0,1
203812___364776,cloudbeds,2026-10-04T00:00:00.000000,1,0,0,0,1,709.0,1
203812___364776,cloudbeds,2026-10-05T00:00:00.000000,1,0,0,0,1,562.0,1
203812___364776,cloudbeds,2026-10-06T00:00:00.000000,1,0,0,0,1,562.0,1
203812___364776,cloudbeds,2026-10-07T00:00:00.000000,1,0,0,0,1,562.0,1
203812___364776,cloudbeds,2026-10-08T00:00:00.000000,1,0,0,0,1,709.0,1
203812___364776,cloudbeds,2026-10-09T00:00:00.000000,1,0,0,0,1,1411.0,1
203812___364776,cloudbeds,2026-10-10T00:00:00.000000,1,0,0,0,1,1411.0,1
203812___364776,cloudbeds,2026-10-11T00:00:00.000000,1,0,0,0,1,779.0,1
203812___364776,cloudbeds,2026-10-12T00:00:00.000000,1,0,0,0,1,669.0,1
203812___364776,cloudbeds,2026-10-13T00:00:00.000000,1,0,0,0,1,562.0,1
203812___364776,cloudbeds,2026-10-14T00:00:00.000000,1,0,0,0,1,562.0,1
203812___364776,cloudbeds,2026-10-15T00:00:00.000000,1,0,0,0,1,847.0,1
203812___364776,cloudbeds,2026-10-16T00:00:00.000000,1,0,0,0,1,1283.0,1
203812___364776,cloudbeds,2026-10-17T00:00:00.000000,1,0,0,0,1,1283.0,1
203812___364776,cloudbeds,2026-10-18T00:00:00.000000,1,0,0,0,1,847.0,1
203812___364776,cloudbeds,2026-10-19T00:00:00.000000,1,0,0,0,1,664.0,1
203812___364776,cloudbeds,2026-10-20T00:00:00.000000,1,0,0,0,1,664.0,1
203812___364776,cloudbeds,2026-10-21T00:00:00.000000,1,0,0,0,1,664.0,1
203812___364776,cloudbeds,2026-10-22T00:00:00.000000,1,0,0,0,1,847.0,1
203812___364776,cloudbeds,2026-10-23T00:00:00.000000,1,1,0,0,1,1283.0,0
203812___364776,cloudbeds,2026-10-24T00:00:00.000000,1,1,0,0,1,1283.0,0
203812___364776,cloudbeds,2026-10-25T00:00:00.000000,1,0,0,0,1,847.0,1
203812___364776,cloudbeds,2026-10-26T00:00:00.000000,1,0,0,0,1,562.0,1
203812___364776,cloudbeds,2026-10-27T00:00:00.000000,1,0,0,0,1,562.0,1
203812___364776,cloudbeds,2026-10-28T00:00:00.000000,1,0,0,0,1,562.0,1
203812___364776,cloudbeds,2026-10-29T00:00:00.000000,1,0,0,0,1,847.0,1
203812___364776,cloudbeds,2026-10-30T00:00:00.000000,1,0,0,0,1,1283.0,1
203812___364776,cloudbeds,2026-10-31T00:00:00.000000,1,0,0,0,1,1283.0,1
203812___364776,cloudbeds,2026-11-01T00:00:00.000000,1,0,0,0,1,847.0,1
203812___364776,cloudbeds,2026-11-02T00:00:00.000000,1,0,0,0,1,562.0,1
203812___364776,cloudbeds,2026-11-03T00:00:00.000000,1,0,0,0,1,562.0,1
203812___364776,cloudbeds,2026-11-04T00:00:00.000000,1,0,0,0,1,562.0,1
203812___364776,cloudbeds,2026-11-05T00:00:00.000000,1,0,0,0,1,709.0,1
203812___364776,cloudbeds,2026-11-06T00:00:00.000000,1,0,0,0,1,1283.0,1
203812___364776,cloudbeds,2026-11-07T00:00:00.000000,1,0,0,0,1,1283.0,1
203812___364776,cloudbeds,2026-11-08T00:00:00.000000,1,0,0,0,1,709.0,1
203812___364776,cloudbeds,2026-11-09T00:00:00.000000,1,0,0,0,1,452.0,1
203812___364776,cloudbeds,2026-11-10T00:00:00.000000,1,0,0,0,1,452.0,1
203812___364776,cloudbeds,2026-11-11T00:00:00.000000,1,0,0,0,1,452.0,1
203812___364776,cloudbeds,2026-11-12T00:00:00.000000,1,0,0,0,1,709.0,1
203812___364776,cloudbeds,2026-11-13T00:00:00.000000,1,0,0,0,1,1283.0,1
203812___364776,cloudbeds,2026-11-14T00:00:00.000000,1,0,0,0,1,1283.0,1
203812___364776,cloudbeds,2026-11-15T00:00:00.000000,1,0,0,0,1,709.0,1
203812___364776,cloudbeds,2026-11-16T00:00:00.000000,1,0,0,0,1,562.0,1
203812___364776,cloudbeds,2026-11-17T00:00:00.000000,1,0,0,0,1,562.0,1
203812___364776,cloudbeds,2026-11-18T00:00:00.000000,1,0,0,0,1,562.0,1
203812___364776,cloudbeds,2026-11-19T00:00:00.000000,1,0,0,0,1,709.0,1
203812___364776,cloudbeds,2026-11-20T00:00:00.000000,1,0,0,0,1,1157.0,1
203812___364776,cloudbeds,2026-11-21T00:00:00.000000,1,0,0,0,1,1157.0,1
203812___364776,cloudbeds,2026-11-22T00:00:00.000000,1,0,0,0,1,709.0,1
203812___364776,cloudbeds,2026-11-23T00:00:00.000000,1,0,0,0,1,664.0,1
203812___364776,cloudbeds,2026-11-24T00:00:00.000000,1,0,0,0,1,664.0,1
203812___364776,cloudbeds,2026-11-25T00:00:00.000000,1,0,0,0,1,664.0,1
203812___364776,cloudbeds,2026-11-26T00:00:00.000000,1,0,0,0,1,893.0,1
203812___364776,cloudbeds,2026-11-27T00:00:00.000000,1,0,0,0,1,1157.0,1
203812___364776,cloudbeds,2026-11-28T00:00:00.000000,1,0,0,0,1,1157.0,1
203812___364776,cloudbeds,2026-11-29T00:00:00.000000,1,0,0,0,1,709.0,1
203812___364776,cloudbeds,2026-11-30T00:00:00.000000,1,0,0,0,1,452.0,1
203812___364776,cloudbeds,2026-12-01T00:00:00.000000,1,0,0,0,1,452.0,1
203812___364776,cloudbeds,2026-12-02T00:00:00.000000,1,0,0,0,1,452.0,1
203812___364776,cloudbeds,2026-12-03T00:00:00.000000,1,0,0,0,1,562.0,1
203812___364776,cloudbeds,2026-12-04T00:00:00.000000,1,0,0,0,1,1013.0,1
203812___364776,cloudbeds,2026-12-05T00:00:00.000000,1,0,0,0,1,1013.0,1
203812___364776,cloudbeds,2026-12-06T00:00:00.000000,1,0,0,0,1,562.0,1
203812___364776,cloudbeds,2026-12-07T00:00:00.000000,1,0,0,0,1,452.0,1
203812___364776,cloudbeds,2026-12-08T00:00:00.000000,1,0,0,0,1,452.0,1
203812___364776,cloudbeds,2026-12-09T00:00:00.000000,1,0,0,0,1,452.0,1
203812___364776,cloudbeds,2026-12-10T00:00:00.000000,1,0,0,0,1,562.0,1
203812___364776,cloudbeds,2026-12-11T00:00:00.000000,1,0,0,0,1,1013.0,1
203812___364776,cloudbeds,2026-12-12T00:00:00.000000,1,0,0,0,1,1013.0,1
203812___364776,cloudbeds,2026-12-13T00:00:00.000000,1,0,0,0,1,562.0,1
203812___364776,cloudbeds,2026-12-14T00:00:00.000000,1,0,0,0,1,452.0,1
203812___364776,cloudbeds,2026-12-15T00:00:00.000000,1,0,0,0,1,452.0,1
203812___364776,cloudbeds,2026-12-16T00:00:00.000000,1,0,0,0,1,452.0,1
203812___364776,cloudbeds,2026-12-17T00:00:00.000000,1,0,0,0,1,562.0,1
203812___364776,cloudbeds,2026-12-18T00:00:00.000000,1,0,0,0,1,1070.0,1
203812___364776,cloudbeds,2026-12-19T00:00:00.000000,1,0,0,0,1,1070.0,1
203812___364776,cloudbeds,2026-12-20T00:00:00.000000,1,0,0,0,1,669.0,1
203812___364776,cloudbeds,2026-12-21T00:00:00.000000,1,0,0,0,1,584.0,1
203812___364776,cloudbeds,2026-12-22T00:00:00.000000,1,0,0,0,1,584.0,1
203812___364776,cloudbeds,2026-12-23T00:00:00.000000,1,0,0,0,1,709.0,1
203812___364776,cloudbeds,2026-12-24T00:00:00.000000,1,0,0,0,1,709.0,1
203812___364776,cloudbeds,2026-12-25T00:00:00.000000,1,0,0,0,1,1493.0,1
203812___364776,cloudbeds,2026-12-26T00:00:00.000000,1,0,0,0,1,1493.0,1
203812___364776,cloudbeds,2026-12-27T00:00:00.000000,1,0,0,0,1,709.0,1
203812___364776,cloudbeds,2026-12-28T00:00:00.000000,1,0,0,0,1,452.0,1
203812___364776,cloudbeds,2026-12-29T00:00:00.000000,1,0,0,0,1,452.0,1
203812___364776,cloudbeds,2026-12-30T00:00:00.000000,1,0,0,0,1,1729.0,1
203812___364776,cloudbeds,2026-12-31T00:00:00.000000,1,0,0,0,1,1729.0,1
203812___364776,cloudbeds,2027-01-01T00:00:00.000000,1,0,0,0,1,1013.0,1
203812___364776,cloudbeds,2027-01-02T00:00:00.000000,1,0,0,0,1,1013.0,1
203812___364776,cloudbeds,2027-01-03T00:00:00.000000,1,0,0,0,1,562.0,1
203812___362535,cloudbeds,2026-02-04T00:00:00.000000,1,0,0,0,1,208.0,1
203812___362535,cloudbeds,2026-02-05T00:00:00.000000,1,0,0,0,1,217.0,1
203812___362535,cloudbeds,2026-02-06T00:00:00.000000,1,0,0,0,1,289.0,1
203812___362535,cloudbeds,2026-02-07T00:00:00.000000,1,1,0,0,1,317.0,0
203812___362535,cloudbeds,2026-02-08T00:00:00.000000,1,0,0,0,1,268.0,1
203812___362535,cloudbeds,2026-02-09T00:00:00.000000,1,0,0,0,1,208.0,1
203812___362535,cloudbeds,2026-02-10T00:00:00.000000,1,0,0,0,1,208.0,1
203812___362535,cloudbeds,2026-02-11T00:00:00.000000,1,1,0,0,1,229.0,0
203812___362535,cloudbeds,2026-02-12T00:00:00.000000,1,0,0,0,1,351.0,1
203812___362535,cloudbeds,2026-02-13T00:00:00.000000,1,0,0,0,1,1154.0,1
203812___362535,cloudbeds,2026-02-14T00:00:00.000000,1,0,0,0,1,1296.0,1
203812___362535,cloudbeds,2026-02-15T00:00:00.000000,1,0,0,0,1,486.0,1
203812___362535,cloudbeds,2026-02-16T00:00:00.000000,1,0,0,0,1,208.0,1
203812___362535,cloudbeds,2026-02-17T00:00:00.000000,1,0,0,0,1,208.0,1
203812___362535,cloudbeds,2026-02-18T00:00:00.000000,1,0,0,0,1,208.0,1
203812___362535,cloudbeds,2026-02-19T00:00:00.000000,1,0,0,0,1,453.0,1
203812___362535,cloudbeds,2026-02-20T00:00:00.000000,1,0,0,0,1,699.0,1
203812___362535,cloudbeds,2026-02-21T00:00:00.000000,1,0,0,0,1,769.0,1
203812___362535,cloudbeds,2026-02-22T00:00:00.000000,1,0,0,0,1,453.0,1
203812___362535,cloudbeds,2026-02-23T00:00:00.000000,1,1,0,0,1,224.0,0
203812___362535,cloudbeds,2026-02-24T00:00:00.000000,1,1,0,0,1,224.0,0
203812___362535,cloudbeds,2026-02-25T00:00:00.000000,1,0,0,0,1,224.0,1
203812___362535,cloudbeds,2026-02-26T00:00:00.000000,1,0,0,0,1,351.0,1
203812___362535,cloudbeds,2026-02-27T00:00:00.000000,1,0,0,0,1,699.0,1
203812___362535,cloudbeds,2026-02-28T00:00:00.000000,1,0,0,0,1,699.0,1
203812___362535,cloudbeds,2026-03-01T00:00:00.000000,1,0,0,0,1,351.0,1
203812___362535,cloudbeds,2026-03-02T00:00:00.000000,1,0,0,0,1,392.0,1
203812___362535,cloudbeds,2026-03-03T00:00:00.000000,1,0,0,0,1,392.0,1
203812___362535,cloudbeds,2026-03-04T00:00:00.000000,1,0,0,0,1,392.0,1
203812___362535,cloudbeds,2026-03-05T00:00:00.000000,1,0,0,0,1,468.0,1
203812___362535,cloudbeds,2026-03-06T00:00:00.000000,1,0,0,0,1,998.0,1
203812___362535,cloudbeds,2026-03-07T00:00:00.000000,1,0,0,0,1,998.0,1
203812___362535,cloudbeds,2026-03-08T00:00:00.000000,1,0,0,0,1,468.0,1
203812___362535,cloudbeds,2026-03-09T00:00:00.000000,1,0,0,0,1,431.0,1
203812___362535,cloudbeds,2026-03-10T00:00:00.000000,1,0,0,0,1,431.0,1
203812___362535,cloudbeds,2026-03-11T00:00:00.000000,1,0,0,0,1,431.0,1
203812___362535,cloudbeds,2026-03-12T00:00:00.000000,1,0,0,0,1,468.0,1
203812___362535,cloudbeds,2026-03-13T00:00:00.000000,1,0,0,0,1,1224.0,1
203812___362535,cloudbeds,2026-03-14T00:00:00.000000,1,0,0,0,1,1224.0,1
203812___362535,cloudbeds,2026-03-15T00:00:00.000000,1,0,0,0,1,726.0,1
203812___362535,cloudbeds,2026-03-16T00:00:00.000000,1,0,0,0,1,499.0,1
203812___362535,cloudbeds,2026-03-17T00:00:00.000000,1,0,0,0,1,499.0,1
203812___362535,cloudbeds,2026-03-18T00:00:00.000000,1,0,0,0,1,499.0,1
203812___362535,cloudbeds,2026-03-19T00:00:00.000000,1,0,0,0,1,604.0,1
203812___362535,cloudbeds,2026-03-20T00:00:00.000000,1,0,0,0,1,1224.0,1
203812___362535,cloudbeds,2026-03-21T00:00:00.000000,1,0,0,0,1,1224.0,1
203812___362535,cloudbeds,2026-03-22T00:00:00.000000,1,0,0,0,1,664.0,1
203812___362535,cloudbeds,2026-03-23T00:00:00.000000,1,0,0,0,1,431.0,1
203812___362535,cloudbeds,2026-03-24T00:00:00.000000,1,0,0,0,1,431.0,1
203812___362535,cloudbeds,2026-03-25T00:00:00.000000,1,0,0,0,1,431.0,1
203812___362535,cloudbeds,2026-03-26T00:00:00.000000,1,0,0,0,1,664.0,1
203812___362535,cloudbeds,2026-03-27T00:00:00.000000,1,0,0,0,1,1013.0,1
203812___362535,cloudbeds,2026-03-28T00:00:00.000000,1,0,0,0,1,1013.0,1
203812___362535,cloudbeds,2026-03-29T00:00:00.000000,1,0,0,0,1,604.0,1
203812___362535,cloudbeds,2026-03-30T00:00:00.000000,1,0,0,0,1,392.0,1
203812___362535,cloudbeds,2026-03-31T00:00:00.000000,1,0,0,0,1,392.0,1
203812___362535,cloudbeds,2026-04-01T00:00:00.000000,1,0,0,0,1,392.0,1
203812___362535,cloudbeds,2026-04-02T00:00:00.000000,1,0,0,0,1,604.0,1
203812___362535,cloudbeds,2026-04-03T00:00:00.000000,1,0,0,0,1,1013.0,1
203812___362535,cloudbeds,2026-04-04T00:00:00.000000,1,0,0,0,1,1013.0,1
203812___362535,cloudbeds,2026-04-05T00:00:00.000000,1,0,0,0,1,604.0,1
203812___362535,cloudbeds,2026-04-06T00:00:00.000000,1,0,0,0,1,392.0,1
203812___362535,cloudbeds,2026-04-07T00:00:00.000000,1,0,0,0,1,392.0,1
203812___362535,cloudbeds,2026-04-08T00:00:00.000000,1,0,0,0,1,392.0,1
203812___362535,cloudbeds,2026-04-09T00:00:00.000000,1,0,0,0,1,406.0,1
203812___362535,cloudbeds,2026-04-10T00:00:00.000000,1,0,0,0,1,1013.0,1
203812___362535,cloudbeds,2026-04-11T00:00:00.000000,1,0,0,0,1,1013.0,1
203812___362535,cloudbeds,2026-04-12T00:00:00.000000,1,0,0,0,1,406.0,1
203812___362535,cloudbeds,2026-04-13T00:00:00.000000,1,0,0,0,1,392.0,1
203812___362535,cloudbeds,2026-04-14T00:00:00.000000,1,0,0,0,1,392.0,1
203812___362535,cloudbeds,2026-04-15T00:00:00.000000,1,0,0,0,1,392.0,1
203812___362535,cloudbeds,2026-04-16T00:00:00.000000,1,0,0,0,1,406.0,1
203812___362535,cloudbeds,2026-04-17T00:00:00.000000,1,0,0,0,1,1013.0,1
203812___362535,cloudbeds,2026-04-18T00:00:00.000000,1,0,0,0,1,1013.0,1
203812___362535,cloudbeds,2026-04-19T00:00:00.000000,1,0,0,0,1,406.0,1
203812___362535,cloudbeds,2026-04-20T00:00:00.000000,1,0,0,0,1,392.0,1
203812___362535,cloudbeds,2026-04-21T00:00:00.000000,1,0,0,0,1,392.0,1
203812___362535,cloudbeds,2026-04-22T00:00:00.000000,1,0,0,0,1,392.0,1
203812___362535,cloudbeds,2026-04-23T00:00:00.000000,1,0,0,0,1,468.0,1
203812___362535,cloudbeds,2026-04-24T00:00:00.000000,1,0,0,0,1,1013.0,1
203812___362535,cloudbeds,2026-04-25T00:00:00.000000,1,0,0,0,1,1013.0,1
203812___362535,cloudbeds,2026-04-26T00:00:00.000000,1,0,0,0,1,468.0,1
203812___362535,cloudbeds,2026-04-27T00:00:00.000000,1,0,0,0,1,392.0,1
203812___362535,cloudbeds,2026-04-28T00:00:00.000000,1,0,0,0,1,392.0,1
203812___362535,cloudbeds,2026-04-29T00:00:00.000000,1,0,0,0,1,392.0,1
203812___362535,cloudbeds,2026-04-30T00:00:00.000000,1,0,0,0,1,468.0,1
203812___362535,cloudbeds,2026-05-01T00:00:00.000000,1,0,0,0,1,953.0,1
203812___362535,cloudbeds,2026-05-02T00:00:00.000000,1,0,0,0,1,953.0,1
203812___362535,cloudbeds,2026-05-03T00:00:00.000000,1,0,0,0,1,468.0,1
203812___362535,cloudbeds,2026-05-04T00:00:00.000000,1,0,0,0,1,393.0,1
203812___362535,cloudbeds,2026-05-05T00:00:00.000000,1,0,0,0,1,393.0,1
203812___362535,cloudbeds,2026-05-06T00:00:00.000000,1,0,0,0,1,393.0,1
203812___362535,cloudbeds,2026-05-07T00:00:00.000000,1,0,0,0,1,468.0,1
203812___362535,cloudbeds,2026-05-08T00:00:00.000000,1,0,0,0,1,1012.0,1
203812___362535,cloudbeds,2026-05-09T00:00:00.000000,1,0,0,0,1,1012.0,1
203812___362535,cloudbeds,2026-05-10T00:00:00.000000,1,0,0,0,1,468.0,1
203812___362535,cloudbeds,2026-05-11T00:00:00.000000,1,0,0,0,1,393.0,1
203812___362535,cloudbeds,2026-05-12T00:00:00.000000,1,0,0,0,1,393.0,1
203812___362535,cloudbeds,2026-05-13T00:00:00.000000,1,0,0,0,1,393.0,1
203812___362535,cloudbeds,2026-05-14T00:00:00.000000,1,0,0,0,1,468.0,1
203812___362535,cloudbeds,2026-05-15T00:00:00.000000,1,0,0,0,1,1012.0,1
203812___362535,cloudbeds,2026-05-16T00:00:00.000000,1,0,0,0,1,1012.0,1
203812___362535,cloudbeds,2026-05-17T00:00:00.000000,1,0,0,0,1,468.0,1
203812___362535,cloudbeds,2026-05-18T00:00:00.000000,1,0,0,0,1,393.0,1
203812___362535,cloudbeds,2026-05-19T00:00:00.000000,1,0,0,0,1,393.0,1
203812___362535,cloudbeds,2026-05-20T00:00:00.000000,1,0,0,0,1,393.0,1
203812___362535,cloudbeds,2026-05-21T00:00:00.000000,1,0,0,0,1,468.0,1
203812___362535,cloudbeds,2026-05-22T00:00:00.000000,1,0,0,0,1,1055.0,1
203812___362535,cloudbeds,2026-05-23T00:00:00.000000,1,0,0,0,1,1055.0,1
203812___362535,cloudbeds,2026-05-24T00:00:00.000000,1,0,0,0,1,539.0,1
203812___362535,cloudbeds,2026-05-25T00:00:00.000000,1,0,0,0,1,452.0,1
203812___362535,cloudbeds,2026-05-26T00:00:00.000000,1,0,0,0,1,393.0,1
203812___362535,cloudbeds,2026-05-27T00:00:00.000000,1,0,0,0,1,393.0,1
203812___362535,cloudbeds,2026-05-28T00:00:00.000000,1,0,0,0,1,468.0,1
203812___362535,cloudbeds,2026-05-29T00:00:00.000000,1,0,0,0,1,953.0,1
203812___362535,cloudbeds,2026-05-30T00:00:00.000000,1,0,0,0,1,953.0,1
203812___362535,cloudbeds,2026-05-31T00:00:00.000000,1,0,0,0,1,468.0,1
203812___362535,cloudbeds,2026-06-01T00:00:00.000000,1,0,0,0,1,392.0,1
203812___362535,cloudbeds,2026-06-02T00:00:00.000000,1,0,0,0,1,392.0,1
203812___362535,cloudbeds,2026-06-03T00:00:00.000000,1,0,0,0,1,392.0,1
203812___362535,cloudbeds,2026-06-04T00:00:00.000000,1,0,0,0,1,468.0,1
203812___362535,cloudbeds,2026-06-05T00:00:00.000000,1,0,0,0,1,953.0,1
203812___362535,cloudbeds,2026-06-06T00:00:00.000000,1,0,0,0,1,953.0,1
203812___362535,cloudbeds,2026-06-07T00:00:00.000000,1,0,0,0,1,468.0,1
203812___362535,cloudbeds,2026-06-08T00:00:00.000000,1,0,0,0,1,392.0,1
203812___362535,cloudbeds,2026-06-09T00:00:00.000000,1,0,0,0,1,392.0,1
203812___362535,cloudbeds,2026-06-10T00:00:00.000000,1,0,0,0,1,392.0,1
203812___362535,cloudbeds,2026-06-11T00:00:00.000000,1,0,0,0,1,604.0,1
203812___362535,cloudbeds,2026-06-12T00:00:00.000000,1,0,0,0,1,953.0,1
203812___362535,cloudbeds,2026-06-13T00:00:00.000000,1,0,0,0,1,953.0,1
203812___362535,cloudbeds,2026-06-14T00:00:00.000000,1,0,0,0,1,604.0,1
203812___362535,cloudbeds,2026-06-15T00:00:00.000000,1,0,0,0,1,392.0,1
203812___362535,cloudbeds,2026-06-16T00:00:00.000000,1,0,0,0,1,392.0,1
203812___362535,cloudbeds,2026-06-17T00:00:00.000000,1,0,0,0,1,392.0,1
203812___362535,cloudbeds,2026-06-18T00:00:00.000000,1,0,0,0,1,604.0,1
203812___362535,cloudbeds,2026-06-19T00:00:00.000000,1,0,0,0,1,953.0,1
203812___362535,cloudbeds,2026-06-20T00:00:00.000000,1,0,0,0,1,953.0,1
203812___362535,cloudbeds,2026-06-21T00:00:00.000000,1,0,0,0,1,604.0,1
203812___362535,cloudbeds,2026-06-22T00:00:00.000000,1,0,0,0,1,392.0,1
203812___362535,cloudbeds,2026-06-23T00:00:00.000000,1,0,0,0,1,392.0,1
203812___362535,cloudbeds,2026-06-24T00:00:00.000000,1,0,0,0,1,392.0,1
203812___362535,cloudbeds,2026-06-25T00:00:00.000000,1,0,0,0,1,604.0,1
203812___362535,cloudbeds,2026-06-26T00:00:00.000000,1,0,0,0,1,953.0,1
203812___362535,cloudbeds,2026-06-27T00:00:00.000000,1,0,0,0,1,953.0,1
203812___362535,cloudbeds,2026-06-28T00:00:00.000000,1,0,0,0,1,604.0,1
203812___362535,cloudbeds,2026-06-29T00:00:00.000000,1,0,0,0,1,392.0,1
203812___362535,cloudbeds,2026-06-30T00:00:00.000000,1,0,0,0,1,392.0,1
203812___362535,cloudbeds,2026-07-01T00:00:00.000000,1,0,0,0,1,392.0,1
203812___362535,cloudbeds,2026-07-02T00:00:00.000000,1,0,0,0,1,663.0,1
203812___362535,cloudbeds,2026-07-03T00:00:00.000000,1,0,0,0,1,970.0,1
203812___362535,cloudbeds,2026-07-04T00:00:00.000000,1,0,0,0,1,970.0,1
203812___362535,cloudbeds,2026-07-05T00:00:00.000000,1,0,0,0,1,663.0,1
203812___362535,cloudbeds,2026-07-06T00:00:00.000000,1,0,0,0,1,392.0,1
203812___362535,cloudbeds,2026-07-07T00:00:00.000000,1,0,0,0,1,392.0,1
203812___362535,cloudbeds,2026-07-08T00:00:00.000000,1,0,0,0,1,392.0,1
203812___362535,cloudbeds,2026-07-09T00:00:00.000000,1,0,0,0,1,406.0,1
203812___362535,cloudbeds,2026-07-10T00:00:00.000000,1,0,0,0,1,648.0,1
203812___362535,cloudbeds,2026-07-11T00:00:00.000000,1,0,0,0,1,648.0,1
203812___362535,cloudbeds,2026-07-12T00:00:00.000000,1,0,0,0,1,406.0,1
203812___362535,cloudbeds,2026-07-13T00:00:00.000000,1,0,0,0,1,392.0,1
203812___362535,cloudbeds,2026-07-14T00:00:00.000000,1,0,0,0,1,392.0,1
203812___362535,cloudbeds,2026-07-15T00:00:00.000000,1,0,0,0,1,392.0,1
203812___362535,cloudbeds,2026-07-16T00:00:00.000000,1,0,0,0,1,468.0,1
203812___362535,cloudbeds,2026-07-17T00:00:00.000000,1,0,0,0,1,953.0,1
203812___362535,cloudbeds,2026-07-18T00:00:00.000000,1,0,0,0,1,953.0,1
203812___362535,cloudbeds,2026-07-19T00:00:00.000000,1,0,0,0,1,468.0,1
203812___362535,cloudbeds,2026-07-20T00:00:00.000000,1,0,0,0,1,344.0,1
203812___362535,cloudbeds,2026-07-21T00:00:00.000000,1,0,0,0,1,344.0,1
203812___362535,cloudbeds,2026-07-22T00:00:00.000000,1,0,0,0,1,344.0,1
203812___362535,cloudbeds,2026-07-23T00:00:00.000000,1,0,0,0,1,406.0,1
203812___362535,cloudbeds,2026-07-24T00:00:00.000000,1,0,0,0,1,835.0,1
203812___362535,cloudbeds,2026-07-25T00:00:00.000000,1,0,0,0,1,835.0,1
203812___362535,cloudbeds,2026-07-26T00:00:00.000000,1,0,0,0,1,406.0,1
203812___362535,cloudbeds,2026-07-27T00:00:00.000000,1,0,0,0,1,392.0,1
203812___362535,cloudbeds,2026-07-28T00:00:00.000000,1,0,0,0,1,392.0,1
203812___362535,cloudbeds,2026-07-29T00:00:00.000000,1,0,0,0,1,392.0,1
203812___362535,cloudbeds,2026-07-30T00:00:00.000000,1,0,0,0,1,406.0,1
203812___362535,cloudbeds,2026-07-31T00:00:00.000000,1,0,0,0,1,835.0,1
203812___362535,cloudbeds,2026-08-01T00:00:00.000000,1,0,0,0,1,835.0,1
203812___362535,cloudbeds,2026-08-02T00:00:00.000000,1,0,0,0,1,406.0,1
203812___362535,cloudbeds,2026-08-03T00:00:00.000000,1,0,0,0,1,344.0,1
203812___362535,cloudbeds,2026-08-04T00:00:00.000000,1,0,0,0,1,344.0,1
203812___362535,cloudbeds,2026-08-05T00:00:00.000000,1,0,0,0,1,344.0,1
203812___362535,cloudbeds,2026-08-06T00:00:00.000000,1,0,0,0,1,406.0,1
203812___362535,cloudbeds,2026-08-07T00:00:00.000000,1,0,0,0,1,648.0,1
203812___362535,cloudbeds,2026-08-08T00:00:00.000000,1,0,0,0,1,648.0,1
203812___362535,cloudbeds,2026-08-09T00:00:00.000000,1,0,0,0,1,406.0,1
203812___362535,cloudbeds,2026-08-10T00:00:00.000000,1,0,0,0,1,392.0,1
203812___362535,cloudbeds,2026-08-11T00:00:00.000000,1,0,0,0,1,392.0,1
203812___362535,cloudbeds,2026-08-12T00:00:00.000000,1,0,0,0,1,392.0,1
203812___362535,cloudbeds,2026-08-13T00:00:00.000000,1,0,0,0,1,468.0,1
203812___362535,cloudbeds,2026-08-14T00:00:00.000000,1,0,0,0,1,648.0,1
203812___362535,cloudbeds,2026-08-15T00:00:00.000000,1,0,0,0,1,648.0,1
203812___362535,cloudbeds,2026-08-16T00:00:00.000000,1,0,0,0,1,468.0,1
203812___362535,cloudbeds,2026-08-17T00:00:00.000000,1,0,0,0,1,392.0,1
203812___362535,cloudbeds,2026-08-18T00:00:00.000000,1,0,0,0,1,392.0,1
203812___362535,cloudbeds,2026-08-19T00:00:00.000000,1,0,0,0,1,392.0,1
203812___362535,cloudbeds,2026-08-20T00:00:00.000000,1,0,0,0,1,406.0,1
203812___362535,cloudbeds,2026-08-21T00:00:00.000000,1,0,0,0,1,953.0,1
203812___362535,cloudbeds,2026-08-22T00:00:00.000000,1,0,0,0,1,953.0,1
203812___362535,cloudbeds,2026-08-23T00:00:00.000000,1,0,0,0,1,406.0,1
203812___362535,cloudbeds,2026-08-24T00:00:00.000000,1,0,0,0,1,392.0,1
203812___362535,cloudbeds,2026-08-25T00:00:00.000000,1,0,0,0,1,392.0,1
203812___362535,cloudbeds,2026-08-26T00:00:00.000000,1,0,0,0,1,392.0,1
203812___362535,cloudbeds,2026-08-27T00:00:00.000000,1,0,0,0,1,406.0,1
203812___362535,cloudbeds,2026-08-28T00:00:00.000000,1,0,0,0,1,953.0,1
203812___362535,cloudbeds,2026-08-29T00:00:00.000000,1,0,0,0,1,953.0,1
203812___362535,cloudbeds,2026-08-30T00:00:00.000000,1,0,0,0,1,406.0,1
203812___362535,cloudbeds,2026-08-31T00:00:00.000000,1,0,0,0,1,392.0,1
203812___362535,cloudbeds,2026-09-01T00:00:00.000000,1,0,0,0,1,392.0,1
203812___362535,cloudbeds,2026-09-02T00:00:00.000000,1,0,0,0,1,392.0,1
203812___362535,cloudbeds,2026-09-03T00:00:00.000000,1,0,0,0,1,562.0,1
203812___362535,cloudbeds,2026-09-04T00:00:00.000000,1,0,0,0,1,1119.0,1
203812___362535,cloudbeds,2026-09-05T00:00:00.000000,1,0,0,0,1,1119.0,1
203812___362535,cloudbeds,2026-09-06T00:00:00.000000,1,0,0,0,1,618.0,1
203812___362535,cloudbeds,2026-09-07T00:00:00.000000,1,0,0,0,1,512.0,1
203812___362535,cloudbeds,2026-09-08T00:00:00.000000,1,0,0,0,1,499.0,1
203812___362535,cloudbeds,2026-09-09T00:00:00.000000,1,0,0,0,1,499.0,1
203812___362535,cloudbeds,2026-09-10T00:00:00.000000,1,0,0,0,1,562.0,1
203812___362535,cloudbeds,2026-09-11T00:00:00.000000,1,0,0,0,1,913.0,1
203812___362535,cloudbeds,2026-09-12T00:00:00.000000,1,0,0,0,1,913.0,1
203812___362535,cloudbeds,2026-09-13T00:00:00.000000,1,0,0,0,1,562.0,1
203812___362535,cloudbeds,2026-09-14T00:00:00.000000,1,0,0,0,1,499.0,1
203812___362535,cloudbeds,2026-09-15T00:00:00.000000,1,0,0,0,1,499.0,1
203812___362535,cloudbeds,2026-09-16T00:00:00.000000,1,0,0,0,1,499.0,1
203812___362535,cloudbeds,2026-09-17T00:00:00.000000,1,0,0,0,1,604.0,1
203812___362535,cloudbeds,2026-09-18T00:00:00.000000,1,0,0,0,1,913.0,1
203812___362535,cloudbeds,2026-09-19T00:00:00.000000,1,0,0,0,1,913.0,1
203812___362535,cloudbeds,2026-09-20T00:00:00.000000,1,0,0,0,1,604.0,1
203812___362535,cloudbeds,2026-09-21T00:00:00.000000,1,0,0,0,1,392.0,1
203812___362535,cloudbeds,2026-09-22T00:00:00.000000,1,0,0,0,1,392.0,1
203812___362535,cloudbeds,2026-09-23T00:00:00.000000,1,0,0,0,1,392.0,1
203812___362535,cloudbeds,2026-09-24T00:00:00.000000,1,0,0,0,1,562.0,1
203812___362535,cloudbeds,2026-09-25T00:00:00.000000,1,0,0,0,1,954.0,1
203812___362535,cloudbeds,2026-09-26T00:00:00.000000,1,0,0,0,1,954.0,1
203812___362535,cloudbeds,2026-09-27T00:00:00.000000,1,0,0,0,1,562.0,1
203812___362535,cloudbeds,2026-09-28T00:00:00.000000,1,0,0,0,1,499.0,1
203812___362535,cloudbeds,2026-09-29T00:00:00.000000,1,0,0,0,1,499.0,1
203812___362535,cloudbeds,2026-09-30T00:00:00.000000,1,0,0,0,1,499.0,1
203812___362535,cloudbeds,2026-10-01T00:00:00.000000,1,0,0,0,1,604.0,1
203812___362535,cloudbeds,2026-10-02T00:00:00.000000,1,0,0,0,1,954.0,1
203812___362535,cloudbeds,2026-10-03T00:00:00.000000,1,0,0,0,1,954.0,1
203812___362535,cloudbeds,2026-10-04T00:00:00.000000,1,0,0,0,1,604.0,1
203812___362535,cloudbeds,2026-10-05T00:00:00.000000,1,0,0,0,1,499.0,1
203812___362535,cloudbeds,2026-10-06T00:00:00.000000,1,0,0,0,1,499.0,1
203812___362535,cloudbeds,2026-10-07T00:00:00.000000,1,0,0,0,1,499.0,1
203812___362535,cloudbeds,2026-10-08T00:00:00.000000,1,0,0,0,1,604.0,1
203812___362535,cloudbeds,2026-10-09T00:00:00.000000,1,0,0,0,1,1054.0,1
203812___362535,cloudbeds,2026-10-10T00:00:00.000000,1,0,0,0,1,1054.0,1
203812___362535,cloudbeds,2026-10-11T00:00:00.000000,1,0,0,0,1,664.0,1
203812___362535,cloudbeds,2026-10-12T00:00:00.000000,1,0,0,0,1,596.0,1
203812___362535,cloudbeds,2026-10-13T00:00:00.000000,1,0,0,0,1,499.0,1
203812___362535,cloudbeds,2026-10-14T00:00:00.000000,1,0,0,0,1,499.0,1
203812___362535,cloudbeds,2026-10-15T00:00:00.000000,1,0,0,0,1,726.0,1
203812___362535,cloudbeds,2026-10-16T00:00:00.000000,1,0,0,0,1,954.0,1
203812___362535,cloudbeds,2026-10-17T00:00:00.000000,1,0,0,0,1,954.0,1
203812___362535,cloudbeds,2026-10-18T00:00:00.000000,1,0,0,0,1,726.0,1
203812___362535,cloudbeds,2026-10-19T00:00:00.000000,1,0,0,0,1,604.0,1
203812___362535,cloudbeds,2026-10-20T00:00:00.000000,1,0,0,0,1,604.0,1
203812___362535,cloudbeds,2026-10-21T00:00:00.000000,1,0,0,0,1,604.0,1
203812___362535,cloudbeds,2026-10-22T00:00:00.000000,1,0,0,0,1,726.0,1
203812___362535,cloudbeds,2026-10-23T00:00:00.000000,1,0,0,0,1,954.0,1
203812___362535,cloudbeds,2026-10-24T00:00:00.000000,1,0,0,0,1,954.0,1
203812___362535,cloudbeds,2026-10-25T00:00:00.000000,1,0,0,0,1,726.0,1
203812___362535,cloudbeds,2026-10-26T00:00:00.000000,1,0,0,0,1,499.0,1
203812___362535,cloudbeds,2026-10-27T00:00:00.000000,1,0,0,0,1,499.0,1
203812___362535,cloudbeds,2026-10-28T00:00:00.000000,1,0,0,0,1,499.0,1
203812___362535,cloudbeds,2026-10-29T00:00:00.000000,1,0,0,0,1,726.0,1
203812___362535,cloudbeds,2026-10-30T00:00:00.000000,1,0,0,0,1,954.0,1
203812___362535,cloudbeds,2026-10-31T00:00:00.000000,1,0,0,0,1,954.0,1
203812___362535,cloudbeds,2026-11-01T00:00:00.000000,1,0,0,0,1,726.0,1
203812___362535,cloudbeds,2026-11-02T00:00:00.000000,1,0,0,0,1,499.0,1
203812___362535,cloudbeds,2026-11-03T00:00:00.000000,1,0,0,0,1,499.0,1
203812___362535,cloudbeds,2026-11-04T00:00:00.000000,1,0,0,0,1,499.0,1
203812___362535,cloudbeds,2026-11-05T00:00:00.000000,1,0,0,0,1,604.0,1
203812___362535,cloudbeds,2026-11-06T00:00:00.000000,1,0,0,0,1,954.0,1
203812___362535,cloudbeds,2026-11-07T00:00:00.000000,1,0,0,0,1,954.0,1
203812___362535,cloudbeds,2026-11-08T00:00:00.000000,1,0,0,0,1,604.0,1
203812___362535,cloudbeds,2026-11-09T00:00:00.000000,1,0,0,0,1,392.0,1
203812___362535,cloudbeds,2026-11-10T00:00:00.000000,1,0,0,0,1,392.0,1
203812___362535,cloudbeds,2026-11-11T00:00:00.000000,1,0,0,0,1,392.0,1
203812___362535,cloudbeds,2026-11-12T00:00:00.000000,1,0,0,0,1,604.0,1
203812___362535,cloudbeds,2026-11-13T00:00:00.000000,1,0,0,0,1,954.0,1
203812___362535,cloudbeds,2026-11-14T00:00:00.000000,1,0,0,0,1,954.0,1
203812___362535,cloudbeds,2026-11-15T00:00:00.000000,1,0,0,0,1,604.0,1
203812___362535,cloudbeds,2026-11-16T00:00:00.000000,1,0,0,0,1,499.0,1
203812___362535,cloudbeds,2026-11-17T00:00:00.000000,1,0,0,0,1,499.0,1
203812___362535,cloudbeds,2026-11-18T00:00:00.000000,1,0,0,0,1,499.0,1
203812___362535,cloudbeds,2026-11-19T00:00:00.000000,1,0,0,0,1,604.0,1
203812___362535,cloudbeds,2026-11-20T00:00:00.000000,1,0,0,0,1,861.0,1
203812___362535,cloudbeds,2026-11-21T00:00:00.000000,1,0,0,0,1,861.0,1
203812___362535,cloudbeds,2026-11-22T00:00:00.000000,1,0,0,0,1,604.0,1
203812___362535,cloudbeds,2026-11-23T00:00:00.000000,1,0,0,0,1,604.0,1
203812___362535,cloudbeds,2026-11-24T00:00:00.000000,1,0,0,0,1,604.0,1
203812___362535,cloudbeds,2026-11-25T00:00:00.000000,1,0,0,0,1,604.0,1
203812___362535,cloudbeds,2026-11-26T00:00:00.000000,1,0,0,0,1,760.0,1
203812___362535,cloudbeds,2026-11-27T00:00:00.000000,1,0,0,0,1,861.0,1
203812___362535,cloudbeds,2026-11-28T00:00:00.000000,1,0,0,0,1,861.0,1
203812___362535,cloudbeds,2026-11-29T00:00:00.000000,1,0,0,0,1,604.0,1
203812___362535,cloudbeds,2026-11-30T00:00:00.000000,1,0,0,0,1,392.0,1
203812___362535,cloudbeds,2026-12-01T00:00:00.000000,1,0,0,0,1,392.0,1
203812___362535,cloudbeds,2026-12-02T00:00:00.000000,1,0,0,0,1,392.0,1
203812___362535,cloudbeds,2026-12-03T00:00:00.000000,1,0,0,0,1,468.0,1
203812___362535,cloudbeds,2026-12-04T00:00:00.000000,1,0,0,0,1,760.0,1
203812___362535,cloudbeds,2026-12-05T00:00:00.000000,1,0,0,0,1,760.0,1
203812___362535,cloudbeds,2026-12-06T00:00:00.000000,1,0,0,0,1,468.0,1
203812___362535,cloudbeds,2026-12-07T00:00:00.000000,1,0,0,0,1,392.0,1
203812___362535,cloudbeds,2026-12-08T00:00:00.000000,1,0,0,0,1,392.0,1
203812___362535,cloudbeds,2026-12-09T00:00:00.000000,1,0,0,0,1,392.0,1
203812___362535,cloudbeds,2026-12-10T00:00:00.000000,1,0,0,0,1,468.0,1
203812___362535,cloudbeds,2026-12-11T00:00:00.000000,1,0,0,0,1,760.0,1
203812___362535,cloudbeds,2026-12-12T00:00:00.000000,1,0,0,0,1,760.0,1
203812___362535,cloudbeds,2026-12-13T00:00:00.000000,1,0,0,0,1,468.0,1
203812___362535,cloudbeds,2026-12-14T00:00:00.000000,1,0,0,0,1,392.0,1
203812___362535,cloudbeds,2026-12-15T00:00:00.000000,1,0,0,0,1,392.0,1
203812___362535,cloudbeds,2026-12-16T00:00:00.000000,1,0,0,0,1,392.0,1
203812___362535,cloudbeds,2026-12-17T00:00:00.000000,1,0,0,0,1,468.0,1
203812___362535,cloudbeds,2026-12-18T00:00:00.000000,1,0,0,0,1,795.0,1
203812___362535,cloudbeds,2026-12-19T00:00:00.000000,1,0,0,0,1,795.0,1
203812___362535,cloudbeds,2026-12-20T00:00:00.000000,1,0,0,0,1,562.0,1
203812___362535,cloudbeds,2026-12-21T00:00:00.000000,1,0,0,0,1,512.0,1
203812___362535,cloudbeds,2026-12-22T00:00:00.000000,1,0,0,0,1,512.0,1
203812___362535,cloudbeds,2026-12-23T00:00:00.000000,1,0,0,0,1,604.0,1
203812___362535,cloudbeds,2026-12-24T00:00:00.000000,1,0,0,0,1,604.0,1
203812___362535,cloudbeds,2026-12-25T00:00:00.000000,1,0,0,0,1,1114.0,1
203812___362535,cloudbeds,2026-12-26T00:00:00.000000,1,0,0,0,1,1114.0,1
203812___362535,cloudbeds,2026-12-27T00:00:00.000000,1,0,0,0,1,604.0,1
203812___362535,cloudbeds,2026-12-28T00:00:00.000000,1,0,0,0,1,392.0,1
203812___362535,cloudbeds,2026-12-29T00:00:00.000000,1,0,0,0,1,392.0,1
203812___362535,cloudbeds,2026-12-30T00:00:00.000000,1,0,0,0,1,1291.0,1
203812___362535,cloudbeds,2026-12-31T00:00:00.000000,1,0,0,0,1,1291.0,1
203812___362535,cloudbeds,2027-01-01T00:00:00.000000,1,0,0,0,1,760.0,1
203812___362535,cloudbeds,2027-01-02T00:00:00.000000,1,0,0,0,1,760.0,1
203812___362535,cloudbeds,2027-01-03T00:00:00.000000,1,0,0,0,1,468.0,1
203812___364773,cloudbeds,2026-02-04T00:00:00.000000,1,0,0,0,1,230.0,1
203812___364773,cloudbeds,2026-02-05T00:00:00.000000,1,0,0,0,1,359.0,1
203812___364773,cloudbeds,2026-02-06T00:00:00.000000,1,0,0,0,1,379.0,1
203812___364773,cloudbeds,2026-02-07T00:00:00.000000,1,1,0,0,1,416.0,0
203812___364773,cloudbeds,2026-02-08T00:00:00.000000,1,0,0,0,1,323.0,1
203812___364773,cloudbeds,2026-02-09T00:00:00.000000,1,0,0,0,1,230.0,1
203812___364773,cloudbeds,2026-02-10T00:00:00.000000,1,1,0,0,1,294.0,0
203812___364773,cloudbeds,2026-02-11T00:00:00.000000,1,1,0,0,1,294.0,0
203812___364773,cloudbeds,2026-02-12T00:00:00.000000,1,0,0,0,1,422.0,1
203812___364773,cloudbeds,2026-02-13T00:00:00.000000,1,0,0,0,1,1347.0,1
203812___364773,cloudbeds,2026-02-14T00:00:00.000000,1,1,0,0,1,1347.0,0
203812___364773,cloudbeds,2026-02-15T00:00:00.000000,1,1,0,0,1,447.0,0
203812___364773,cloudbeds,2026-02-16T00:00:00.000000,1,0,0,0,1,230.0,1
203812___364773,cloudbeds,2026-02-17T00:00:00.000000,1,1,0,0,1,541.0,0
203812___364773,cloudbeds,2026-02-18T00:00:00.000000,1,1,0,0,1,452.0,0
203812___364773,cloudbeds,2026-02-19T00:00:00.000000,1,0,0,0,1,532.0,1
203812___364773,cloudbeds,2026-02-20T00:00:00.000000,1,0,0,0,1,835.0,1
203812___364773,cloudbeds,2026-02-21T00:00:00.000000,1,1,0,0,1,835.0,0
203812___364773,cloudbeds,2026-02-22T00:00:00.000000,1,1,0,0,1,532.0,0
203812___364773,cloudbeds,2026-02-23T00:00:00.000000,1,1,0,0,1,255.0,0
203812___364773,cloudbeds,2026-02-24T00:00:00.000000,1,0,0,0,1,255.0,1
203812___364773,cloudbeds,2026-02-25T00:00:00.000000,1,0,0,0,1,255.0,1
203812___364773,cloudbeds,2026-02-26T00:00:00.000000,1,0,0,0,1,422.0,1
203812___364773,cloudbeds,2026-02-27T00:00:00.000000,1,0,0,0,1,835.0,1
203812___364773,cloudbeds,2026-02-28T00:00:00.000000,1,0,0,0,1,835.0,1
203812___364773,cloudbeds,2026-03-01T00:00:00.000000,1,0,0,0,1,422.0,1
203812___364773,cloudbeds,2026-03-02T00:00:00.000000,1,0,0,0,1,475.0,1
203812___364773,cloudbeds,2026-03-03T00:00:00.000000,1,0,0,0,1,475.0,1
203812___364773,cloudbeds,2026-03-04T00:00:00.000000,1,0,0,0,1,475.0,1
203812___364773,cloudbeds,2026-03-05T00:00:00.000000,1,1,0,0,1,562.0,0
203812___364773,cloudbeds,2026-03-06T00:00:00.000000,1,1,0,0,1,1113.0,0
203812___364773,cloudbeds,2026-03-07T00:00:00.000000,1,1,0,0,1,1113.0,0
203812___364773,cloudbeds,2026-03-08T00:00:00.000000,1,1,0,0,1,562.0,0
203812___364773,cloudbeds,2026-03-09T00:00:00.000000,1,0,0,0,1,522.0,1
203812___364773,cloudbeds,2026-03-10T00:00:00.000000,1,0,0,0,1,522.0,1
203812___364773,cloudbeds,2026-03-11T00:00:00.000000,1,0,0,0,1,522.0,1
203812___364773,cloudbeds,2026-03-12T00:00:00.000000,1,0,0,0,1,562.0,1
203812___364773,cloudbeds,2026-03-13T00:00:00.000000,1,0,0,0,1,1430.0,1
203812___364773,cloudbeds,2026-03-14T00:00:00.000000,1,0,0,0,1,1430.0,1
203812___364773,cloudbeds,2026-03-15T00:00:00.000000,1,0,0,0,1,847.0,1
203812___364773,cloudbeds,2026-03-16T00:00:00.000000,1,0,0,0,1,562.0,1
203812___364773,cloudbeds,2026-03-17T00:00:00.000000,1,0,0,0,1,562.0,1
203812___364773,cloudbeds,2026-03-18T00:00:00.000000,1,0,0,0,1,562.0,1
203812___364773,cloudbeds,2026-03-19T00:00:00.000000,1,0,0,0,1,709.0,1
203812___364773,cloudbeds,2026-03-20T00:00:00.000000,1,0,0,0,1,1430.0,1
203812___364773,cloudbeds,2026-03-21T00:00:00.000000,1,0,0,0,1,1430.0,1
203812___364773,cloudbeds,2026-03-22T00:00:00.000000,1,0,0,0,1,779.0,1
203812___364773,cloudbeds,2026-03-23T00:00:00.000000,1,0,0,0,1,523.0,1
203812___364773,cloudbeds,2026-03-24T00:00:00.000000,1,0,0,0,1,523.0,1
203812___364773,cloudbeds,2026-03-25T00:00:00.000000,1,0,0,0,1,523.0,1
203812___364773,cloudbeds,2026-03-26T00:00:00.000000,1,0,0,0,1,780.0,1
203812___364773,cloudbeds,2026-03-27T00:00:00.000000,1,0,0,0,1,1183.0,1
203812___364773,cloudbeds,2026-03-28T00:00:00.000000,1,0,0,0,1,1183.0,1
203812___364773,cloudbeds,2026-03-29T00:00:00.000000,1,0,0,0,1,709.0,1
203812___364773,cloudbeds,2026-03-30T00:00:00.000000,1,0,0,0,1,475.0,1
203812___364773,cloudbeds,2026-03-31T00:00:00.000000,1,0,0,0,1,475.0,1
203812___364773,cloudbeds,2026-04-01T00:00:00.000000,1,0,0,0,1,475.0,1
203812___364773,cloudbeds,2026-04-02T00:00:00.000000,1,0,0,0,1,709.0,1
203812___364773,cloudbeds,2026-04-03T00:00:00.000000,1,0,0,0,1,1183.0,1
203812___364773,cloudbeds,2026-04-04T00:00:00.000000,1,0,0,0,1,1183.0,1
203812___364773,cloudbeds,2026-04-05T00:00:00.000000,1,0,0,0,1,709.0,1
203812___364773,cloudbeds,2026-04-06T00:00:00.000000,1,0,0,0,1,475.0,1
203812___364773,cloudbeds,2026-04-07T00:00:00.000000,1,0,0,0,1,475.0,1
203812___364773,cloudbeds,2026-04-08T00:00:00.000000,1,0,0,0,1,475.0,1
203812___364773,cloudbeds,2026-04-09T00:00:00.000000,1,0,0,0,1,499.0,1
203812___364773,cloudbeds,2026-04-10T00:00:00.000000,1,0,0,0,1,1367.0,1
203812___364773,cloudbeds,2026-04-11T00:00:00.000000,1,0,0,0,1,1367.0,1
203812___364773,cloudbeds,2026-04-12T00:00:00.000000,1,0,0,0,1,499.0,1
203812___364773,cloudbeds,2026-04-13T00:00:00.000000,1,0,0,0,1,465.0,1
203812___364773,cloudbeds,2026-04-14T00:00:00.000000,1,0,0,0,1,465.0,1
203812___364773,cloudbeds,2026-04-15T00:00:00.000000,1,0,0,0,1,465.0,1
203812___364773,cloudbeds,2026-04-16T00:00:00.000000,1,0,0,0,1,499.0,1
203812___364773,cloudbeds,2026-04-17T00:00:00.000000,1,0,0,0,1,1367.0,1
203812___364773,cloudbeds,2026-04-18T00:00:00.000000,1,0,0,0,1,1367.0,1
203812___364773,cloudbeds,2026-04-19T00:00:00.000000,1,1,0,0,1,499.0,0
203812___364773,cloudbeds,2026-04-20T00:00:00.000000,1,1,0,0,1,465.0,0
203812___364773,cloudbeds,2026-04-21T00:00:00.000000,1,0,0,0,1,465.0,1
203812___364773,cloudbeds,2026-04-22T00:00:00.000000,1,0,0,0,1,465.0,1
203812___364773,cloudbeds,2026-04-23T00:00:00.000000,1,0,0,0,1,562.0,1
203812___364773,cloudbeds,2026-04-24T00:00:00.000000,1,0,0,0,1,1367.0,1
203812___364773,cloudbeds,2026-04-25T00:00:00.000000,1,0,0,0,1,1367.0,1
203812___364773,cloudbeds,2026-04-26T00:00:00.000000,1,0,0,0,1,562.0,1
203812___364773,cloudbeds,2026-04-27T00:00:00.000000,1,0,0,0,1,475.0,1
203812___364773,cloudbeds,2026-04-28T00:00:00.000000,1,0,0,0,1,475.0,1
203812___364773,cloudbeds,2026-04-29T00:00:00.000000,1,0,0,0,1,475.0,1
203812___364773,cloudbeds,2026-04-30T00:00:00.000000,1,0,0,0,1,562.0,1
203812___364773,cloudbeds,2026-05-01T00:00:00.000000,1,0,0,0,1,1055.0,1
203812___364773,cloudbeds,2026-05-02T00:00:00.000000,1,0,0,0,1,1055.0,1
203812___364773,cloudbeds,2026-05-03T00:00:00.000000,1,0,0,0,1,562.0,1
203812___364773,cloudbeds,2026-05-04T00:00:00.000000,1,0,0,0,1,475.0,1
203812___364773,cloudbeds,2026-05-05T00:00:00.000000,1,0,0,0,1,475.0,1
203812___364773,cloudbeds,2026-05-06T00:00:00.000000,1,0,0,0,1,475.0,1
203812___364773,cloudbeds,2026-05-07T00:00:00.000000,1,0,0,0,1,562.0,1
203812___364773,cloudbeds,2026-05-08T00:00:00.000000,1,0,0,0,1,1361.0,1
203812___364773,cloudbeds,2026-05-09T00:00:00.000000,1,0,0,0,1,1361.0,1
203812___364773,cloudbeds,2026-05-10T00:00:00.000000,1,0,0,0,1,562.0,1
203812___364773,cloudbeds,2026-05-11T00:00:00.000000,1,0,0,0,1,475.0,1
203812___364773,cloudbeds,2026-05-12T00:00:00.000000,1,0,0,0,1,475.0,1
203812___364773,cloudbeds,2026-05-13T00:00:00.000000,1,0,0,0,1,475.0,1
203812___364773,cloudbeds,2026-05-14T00:00:00.000000,1,0,0,0,1,562.0,1
203812___364773,cloudbeds,2026-05-15T00:00:00.000000,1,0,0,0,1,1361.0,1
203812___364773,cloudbeds,2026-05-16T00:00:00.000000,1,0,0,0,1,1361.0,1
203812___364773,cloudbeds,2026-05-17T00:00:00.000000,1,0,0,0,1,562.0,1
203812___364773,cloudbeds,2026-05-18T00:00:00.000000,1,0,0,0,1,475.0,1
203812___364773,cloudbeds,2026-05-19T00:00:00.000000,1,0,0,0,1,475.0,1
203812___364773,cloudbeds,2026-05-20T00:00:00.000000,1,0,0,0,1,475.0,1
203812___364773,cloudbeds,2026-05-21T00:00:00.000000,1,0,0,0,1,562.0,1
203812___364773,cloudbeds,2026-05-22T00:00:00.000000,1,0,0,0,1,1427.0,1
203812___364773,cloudbeds,2026-05-23T00:00:00.000000,1,0,0,0,1,1427.0,1
203812___364773,cloudbeds,2026-05-24T00:00:00.000000,1,0,0,0,1,641.0,1
203812___364773,cloudbeds,2026-05-25T00:00:00.000000,1,0,0,0,1,542.0,1
203812___364773,cloudbeds,2026-05-26T00:00:00.000000,1,0,0,0,1,475.0,1
203812___364773,cloudbeds,2026-05-27T00:00:00.000000,1,0,0,0,1,475.0,1
203812___364773,cloudbeds,2026-05-28T00:00:00.000000,1,0,0,0,1,562.0,1
203812___364773,cloudbeds,2026-05-29T00:00:00.000000,1,0,0,0,1,1055.0,1
203812___364773,cloudbeds,2026-05-30T00:00:00.000000,1,0,0,0,1,1055.0,1
203812___364773,cloudbeds,2026-05-31T00:00:00.000000,1,0,0,0,1,562.0,1
203812___364773,cloudbeds,2026-06-01T00:00:00.000000,1,0,0,0,1,452.0,1
203812___364773,cloudbeds,2026-06-02T00:00:00.000000,1,0,0,0,1,452.0,1
203812___364773,cloudbeds,2026-06-03T00:00:00.000000,1,0,0,0,1,452.0,1
203812___364773,cloudbeds,2026-06-04T00:00:00.000000,1,0,0,0,1,562.0,1
203812___364773,cloudbeds,2026-06-05T00:00:00.000000,1,0,0,0,1,1055.0,1
203812___364773,cloudbeds,2026-06-06T00:00:00.000000,1,0,0,0,1,1055.0,1
203812___364773,cloudbeds,2026-06-07T00:00:00.000000,1,0,0,0,1,562.0,1
203812___364773,cloudbeds,2026-06-08T00:00:00.000000,1,0,0,0,1,452.0,1
203812___364773,cloudbeds,2026-06-09T00:00:00.000000,1,0,0,0,1,452.0,1
203812___364773,cloudbeds,2026-06-10T00:00:00.000000,1,0,0,0,1,452.0,1
203812___364773,cloudbeds,2026-06-11T00:00:00.000000,1,0,0,0,1,709.0,1
203812___364773,cloudbeds,2026-06-12T00:00:00.000000,1,0,0,0,1,1055.0,1
203812___364773,cloudbeds,2026-06-13T00:00:00.000000,1,0,0,0,1,1055.0,1
203812___364773,cloudbeds,2026-06-14T00:00:00.000000,1,0,0,0,1,709.0,1
203812___364773,cloudbeds,2026-06-15T00:00:00.000000,1,0,0,0,1,452.0,1
203812___364773,cloudbeds,2026-06-16T00:00:00.000000,1,0,0,0,1,452.0,1
203812___364773,cloudbeds,2026-06-17T00:00:00.000000,1,0,0,0,1,452.0,1
203812___364773,cloudbeds,2026-06-18T00:00:00.000000,1,0,0,0,1,709.0,1
203812___364773,cloudbeds,2026-06-19T00:00:00.000000,1,0,0,0,1,1055.0,1
203812___364773,cloudbeds,2026-06-20T00:00:00.000000,1,0,0,0,1,1055.0,1
203812___364773,cloudbeds,2026-06-21T00:00:00.000000,1,0,0,0,1,709.0,1
203812___364773,cloudbeds,2026-06-22T00:00:00.000000,1,0,0,0,1,452.0,1
203812___364773,cloudbeds,2026-06-23T00:00:00.000000,1,0,0,0,1,452.0,1
203812___364773,cloudbeds,2026-06-24T00:00:00.000000,1,0,0,0,1,452.0,1
203812___364773,cloudbeds,2026-06-25T00:00:00.000000,1,0,0,0,1,709.0,1
203812___364773,cloudbeds,2026-06-26T00:00:00.000000,1,0,0,0,1,1055.0,1
203812___364773,cloudbeds,2026-06-27T00:00:00.000000,1,0,0,0,1,1055.0,1
203812___364773,cloudbeds,2026-06-28T00:00:00.000000,1,0,0,0,1,709.0,1
203812___364773,cloudbeds,2026-06-29T00:00:00.000000,1,0,0,0,1,452.0,1
203812___364773,cloudbeds,2026-06-30T00:00:00.000000,1,0,0,0,1,452.0,1
203812___364773,cloudbeds,2026-07-01T00:00:00.000000,1,0,0,0,1,452.0,1
203812___364773,cloudbeds,2026-07-02T00:00:00.000000,1,0,0,0,1,778.0,1
203812___364773,cloudbeds,2026-07-03T00:00:00.000000,1,0,0,0,1,1305.0,1
203812___364773,cloudbeds,2026-07-04T00:00:00.000000,1,0,0,0,1,1305.0,1
203812___364773,cloudbeds,2026-07-05T00:00:00.000000,1,0,0,0,1,778.0,1
203812___364773,cloudbeds,2026-07-06T00:00:00.000000,1,0,0,0,1,452.0,1
203812___364773,cloudbeds,2026-07-07T00:00:00.000000,1,0,0,0,1,452.0,1
203812___364773,cloudbeds,2026-07-08T00:00:00.000000,1,0,0,0,1,452.0,1
203812___364773,cloudbeds,2026-07-09T00:00:00.000000,1,0,0,0,1,499.0,1
203812___364773,cloudbeds,2026-07-10T00:00:00.000000,1,0,0,0,1,726.0,1
203812___364773,cloudbeds,2026-07-11T00:00:00.000000,1,0,0,0,1,726.0,1
203812___364773,cloudbeds,2026-07-12T00:00:00.000000,1,0,0,0,1,499.0,1
203812___364773,cloudbeds,2026-07-13T00:00:00.000000,1,0,0,0,1,452.0,1
203812___364773,cloudbeds,2026-07-14T00:00:00.000000,1,0,0,0,1,452.0,1
203812___364773,cloudbeds,2026-07-15T00:00:00.000000,1,0,0,0,1,452.0,1
203812___364773,cloudbeds,2026-07-16T00:00:00.000000,1,0,0,0,1,562.0,1
203812___364773,cloudbeds,2026-07-17T00:00:00.000000,1,0,0,0,1,1055.0,1
203812___364773,cloudbeds,2026-07-18T00:00:00.000000,1,0,0,0,1,1055.0,1
203812___364773,cloudbeds,2026-07-19T00:00:00.000000,1,0,0,0,1,562.0,1
203812___364773,cloudbeds,2026-07-20T00:00:00.000000,1,0,0,0,1,392.0,1
203812___364773,cloudbeds,2026-07-21T00:00:00.000000,1,0,0,0,1,392.0,1
203812___364773,cloudbeds,2026-07-22T00:00:00.000000,1,0,0,0,1,392.0,1
203812___364773,cloudbeds,2026-07-23T00:00:00.000000,1,0,0,0,1,499.0,1
203812___364773,cloudbeds,2026-07-24T00:00:00.000000,1,0,0,0,1,1121.0,1
203812___364773,cloudbeds,2026-07-25T00:00:00.000000,1,0,0,0,1,1121.0,1
203812___364773,cloudbeds,2026-07-26T00:00:00.000000,1,0,0,0,1,499.0,1
203812___364773,cloudbeds,2026-07-27T00:00:00.000000,1,0,0,0,1,452.0,1
203812___364773,cloudbeds,2026-07-28T00:00:00.000000,1,0,0,0,1,452.0,1
203812___364773,cloudbeds,2026-07-29T00:00:00.000000,1,0,0,0,1,452.0,1
203812___364773,cloudbeds,2026-07-30T00:00:00.000000,1,0,0,0,1,499.0,1
203812___364773,cloudbeds,2026-07-31T00:00:00.000000,1,0,0,0,1,1121.0,1
203812___364773,cloudbeds,2026-08-01T00:00:00.000000,1,0,0,0,1,1121.0,1
203812___364773,cloudbeds,2026-08-02T00:00:00.000000,1,0,0,0,1,499.0,1
203812___364773,cloudbeds,2026-08-03T00:00:00.000000,1,0,0,0,1,392.0,1
203812___364773,cloudbeds,2026-08-04T00:00:00.000000,1,0,0,0,1,392.0,1
203812___364773,cloudbeds,2026-08-05T00:00:00.000000,1,0,0,0,1,392.0,1
203812___364773,cloudbeds,2026-08-06T00:00:00.000000,1,0,0,0,1,499.0,1
203812___364773,cloudbeds,2026-08-07T00:00:00.000000,1,0,0,0,1,726.0,1
203812___364773,cloudbeds,2026-08-08T00:00:00.000000,1,0,0,0,1,726.0,1
203812___364773,cloudbeds,2026-08-09T00:00:00.000000,1,0,0,0,1,499.0,1
203812___364773,cloudbeds,2026-08-10T00:00:00.000000,1,0,0,0,1,452.0,1
203812___364773,cloudbeds,2026-08-11T00:00:00.000000,1,0,0,0,1,452.0,1
203812___364773,cloudbeds,2026-08-12T00:00:00.000000,1,0,0,0,1,452.0,1
203812___364773,cloudbeds,2026-08-13T00:00:00.000000,1,0,0,0,1,562.0,1
203812___364773,cloudbeds,2026-08-14T00:00:00.000000,1,0,0,0,1,726.0,1
203812___364773,cloudbeds,2026-08-15T00:00:00.000000,1,0,0,0,1,726.0,1
203812___364773,cloudbeds,2026-08-16T00:00:00.000000,1,0,0,0,1,562.0,1
203812___364773,cloudbeds,2026-08-17T00:00:00.000000,1,0,0,0,1,452.0,1
203812___364773,cloudbeds,2026-08-18T00:00:00.000000,1,0,0,0,1,452.0,1
203812___364773,cloudbeds,2026-08-19T00:00:00.000000,1,0,0,0,1,452.0,1
203812___364773,cloudbeds,2026-08-20T00:00:00.000000,1,0,0,0,1,499.0,1
203812___364773,cloudbeds,2026-08-21T00:00:00.000000,1,0,0,0,1,1055.0,1
203812___364773,cloudbeds,2026-08-22T00:00:00.000000,1,0,0,0,1,1055.0,1
203812___364773,cloudbeds,2026-08-23T00:00:00.000000,1,0,0,0,1,499.0,1
203812___364773,cloudbeds,2026-08-24T00:00:00.000000,1,0,0,0,1,452.0,1
203812___364773,cloudbeds,2026-08-25T00:00:00.000000,1,0,0,0,1,452.0,1
203812___364773,cloudbeds,2026-08-26T00:00:00.000000,1,0,0,0,1,452.0,1
203812___364773,cloudbeds,2026-08-27T00:00:00.000000,1,0,0,0,1,499.0,1
203812___364773,cloudbeds,2026-08-28T00:00:00.000000,1,0,0,0,1,1055.0,1
203812___364773,cloudbeds,2026-08-29T00:00:00.000000,1,0,0,0,1,1055.0,1
203812___364773,cloudbeds,2026-08-30T00:00:00.000000,1,0,0,0,1,499.0,1
203812___364773,cloudbeds,2026-08-31T00:00:00.000000,1,0,0,0,1,452.0,1
203812___364773,cloudbeds,2026-09-01T00:00:00.000000,1,0,0,0,1,452.0,1
203812___364773,cloudbeds,2026-09-02T00:00:00.000000,1,0,0,0,1,452.0,1
203812___364773,cloudbeds,2026-09-03T00:00:00.000000,1,0,0,0,1,669.0,1
203812___364773,cloudbeds,2026-09-04T00:00:00.000000,1,0,0,0,1,1247.0,1
203812___364773,cloudbeds,2026-09-05T00:00:00.000000,1,0,0,0,1,1247.0,1
203812___364773,cloudbeds,2026-09-06T00:00:00.000000,1,0,0,0,1,738.0,1
203812___364773,cloudbeds,2026-09-07T00:00:00.000000,1,0,0,0,1,584.0,1
203812___364773,cloudbeds,2026-09-08T00:00:00.000000,1,0,0,0,1,562.0,1
203812___364773,cloudbeds,2026-09-09T00:00:00.000000,1,0,0,0,1,562.0,1
203812___364773,cloudbeds,2026-09-10T00:00:00.000000,1,0,0,0,1,669.0,1
203812___364773,cloudbeds,2026-09-11T00:00:00.000000,1,0,0,0,1,1013.0,1
203812___364773,cloudbeds,2026-09-12T00:00:00.000000,1,0,0,0,1,1013.0,1
203812___364773,cloudbeds,2026-09-13T00:00:00.000000,1,0,0,0,1,669.0,1
203812___364773,cloudbeds,2026-09-14T00:00:00.000000,1,0,0,0,1,562.0,1
203812___364773,cloudbeds,2026-09-15T00:00:00.000000,1,0,0,0,1,562.0,1
203812___364773,cloudbeds,2026-09-16T00:00:00.000000,1,0,0,0,1,562.0,1
203812___364773,cloudbeds,2026-09-17T00:00:00.000000,1,0,0,0,1,709.0,1
203812___364773,cloudbeds,2026-09-18T00:00:00.000000,1,0,0,0,1,1013.0,1
203812___364773,cloudbeds,2026-09-19T00:00:00.000000,1,0,0,0,1,1013.0,1
203812___364773,cloudbeds,2026-09-20T00:00:00.000000,1,0,0,0,1,709.0,1
203812___364773,cloudbeds,2026-09-21T00:00:00.000000,1,0,0,0,1,452.0,1
203812___364773,cloudbeds,2026-09-22T00:00:00.000000,1,0,0,0,1,452.0,1
203812___364773,cloudbeds,2026-09-23T00:00:00.000000,1,0,0,0,1,452.0,1
203812___364773,cloudbeds,2026-09-24T00:00:00.000000,1,0,0,0,1,669.0,1
203812___364773,cloudbeds,2026-09-25T00:00:00.000000,1,0,0,0,1,1283.0,1
203812___364773,cloudbeds,2026-09-26T00:00:00.000000,1,0,0,0,1,1283.0,1
203812___364773,cloudbeds,2026-09-27T00:00:00.000000,1,0,0,0,1,669.0,1
203812___364773,cloudbeds,2026-09-28T00:00:00.000000,1,0,0,0,1,562.0,1
203812___364773,cloudbeds,2026-09-29T00:00:00.000000,1,0,0,0,1,562.0,1
203812___364773,cloudbeds,2026-09-30T00:00:00.000000,1,0,0,0,1,562.0,1
203812___364773,cloudbeds,2026-10-01T00:00:00.000000,1,0,0,0,1,709.0,1
203812___364773,cloudbeds,2026-10-02T00:00:00.000000,1,0,0,0,1,1283.0,1
203812___364773,cloudbeds,2026-10-03T00:00:00.000000,1,0,0,0,1,1283.0,1
203812___364773,cloudbeds,2026-10-04T00:00:00.000000,1,0,0,0,1,709.0,1
203812___364773,cloudbeds,2026-10-05T00:00:00.000000,1,0,0,0,1,562.0,1
203812___364773,cloudbeds,2026-10-06T00:00:00.000000,1,0,0,0,1,562.0,1
203812___364773,cloudbeds,2026-10-07T00:00:00.000000,1,0,0,0,1,562.0,1
203812___364773,cloudbeds,2026-10-08T00:00:00.000000,1,0,0,0,1,709.0,1
203812___364773,cloudbeds,2026-10-09T00:00:00.000000,1,0,0,0,1,1411.0,1
203812___364773,cloudbeds,2026-10-10T00:00:00.000000,1,0,0,0,1,1411.0,1
203812___364773,cloudbeds,2026-10-11T00:00:00.000000,1,0,0,0,1,779.0,1
203812___364773,cloudbeds,2026-10-12T00:00:00.000000,1,0,0,0,1,669.0,1
203812___364773,cloudbeds,2026-10-13T00:00:00.000000,1,0,0,0,1,562.0,1
203812___364773,cloudbeds,2026-10-14T00:00:00.000000,1,0,0,0,1,562.0,1
203812___364773,cloudbeds,2026-10-15T00:00:00.000000,1,0,0,0,1,847.0,1
203812___364773,cloudbeds,2026-10-16T00:00:00.000000,1,0,0,0,1,1283.0,1
203812___364773,cloudbeds,2026-10-17T00:00:00.000000,1,0,0,0,1,1283.0,1
203812___364773,cloudbeds,2026-10-18T00:00:00.000000,1,0,0,0,1,847.0,1
203812___364773,cloudbeds,2026-10-19T00:00:00.000000,1,0,0,0,1,664.0,1
203812___364773,cloudbeds,2026-10-20T00:00:00.000000,1,0,0,0,1,664.0,1
203812___364773,cloudbeds,2026-10-21T00:00:00.000000,1,0,0,0,1,664.0,1
203812___364773,cloudbeds,2026-10-22T00:00:00.000000,1,0,0,0,1,847.0,1
203812___364773,cloudbeds,2026-10-23T00:00:00.000000,1,0,0,0,1,1283.0,1
203812___364773,cloudbeds,2026-10-24T00:00:00.000000,1,0,0,0,1,1283.0,1
203812___364773,cloudbeds,2026-10-25T00:00:00.000000,1,0,0,0,1,847.0,1
203812___364773,cloudbeds,2026-10-26T00:00:00.000000,1,0,0,0,1,562.0,1
203812___364773,cloudbeds,2026-10-27T00:00:00.000000,1,0,0,0,1,562.0,1
203812___364773,cloudbeds,2026-10-28T00:00:00.000000,1,0,0,0,1,562.0,1
203812___364773,cloudbeds,2026-10-29T00:00:00.000000,1,0,0,0,1,847.0,1
203812___364773,cloudbeds,2026-10-30T00:00:00.000000,1,0,0,0,1,1283.0,1
203812___364773,cloudbeds,2026-10-31T00:00:00.000000,1,0,0,0,1,1283.0,1
203812___364773,cloudbeds,2026-11-01T00:00:00.000000,1,0,0,0,1,847.0,1
203812___364773,cloudbeds,2026-11-02T00:00:00.000000,1,0,0,0,1,562.0,1
203812___364773,cloudbeds,2026-11-03T00:00:00.000000,1,0,0,0,1,562.0,1
203812___364773,cloudbeds,2026-11-04T00:00:00.000000,1,0,0,0,1,562.0,1
203812___364773,cloudbeds,2026-11-05T00:00:00.000000,1,0,0,0,1,709.0,1
203812___364773,cloudbeds,2026-11-06T00:00:00.000000,1,0,0,0,1,1283.0,1
203812___364773,cloudbeds,2026-11-07T00:00:00.000000,1,0,0,0,1,1283.0,1
203812___364773,cloudbeds,2026-11-08T00:00:00.000000,1,0,0,0,1,709.0,1
203812___364773,cloudbeds,2026-11-09T00:00:00.000000,1,0,0,0,1,452.0,1
203812___364773,cloudbeds,2026-11-10T00:00:00.000000,1,0,0,0,1,452.0,1
203812___364773,cloudbeds,2026-11-11T00:00:00.000000,1,0,0,0,1,452.0,1
203812___364773,cloudbeds,2026-11-12T00:00:00.000000,1,0,0,0,1,709.0,1
203812___364773,cloudbeds,2026-11-13T00:00:00.000000,1,0,0,0,1,1283.0,1
203812___364773,cloudbeds,2026-11-14T00:00:00.000000,1,0,0,0,1,1283.0,1
203812___364773,cloudbeds,2026-11-15T00:00:00.000000,1,0,0,0,1,709.0,1
203812___364773,cloudbeds,2026-11-16T00:00:00.000000,1,0,0,0,1,562.0,1
203812___364773,cloudbeds,2026-11-17T00:00:00.000000,1,0,0,0,1,562.0,1
203812___364773,cloudbeds,2026-11-18T00:00:00.000000,1,0,0,0,1,562.0,1
203812___364773,cloudbeds,2026-11-19T00:00:00.000000,1,0,0,0,1,709.0,1
203812___364773,cloudbeds,2026-11-20T00:00:00.000000,1,0,0,0,1,1157.0,1
203812___364773,cloudbeds,2026-11-21T00:00:00.000000,1,0,0,0,1,1157.0,1
203812___364773,cloudbeds,2026-11-22T00:00:00.000000,1,0,0,0,1,709.0,1
203812___364773,cloudbeds,2026-11-23T00:00:00.000000,1,0,0,0,1,664.0,1
203812___364773,cloudbeds,2026-11-24T00:00:00.000000,1,0,0,0,1,664.0,1
203812___364773,cloudbeds,2026-11-25T00:00:00.000000,1,0,0,0,1,664.0,1
203812___364773,cloudbeds,2026-11-26T00:00:00.000000,1,0,0,0,1,893.0,1
203812___364773,cloudbeds,2026-11-27T00:00:00.000000,1,0,0,0,1,1157.0,1
203812___364773,cloudbeds,2026-11-28T00:00:00.000000,1,0,0,0,1,1157.0,1
203812___364773,cloudbeds,2026-11-29T00:00:00.000000,1,0,0,0,1,709.0,1
203812___364773,cloudbeds,2026-11-30T00:00:00.000000,1,0,0,0,1,452.0,1
203812___364773,cloudbeds,2026-12-01T00:00:00.000000,1,0,0,0,1,452.0,1
203812___364773,cloudbeds,2026-12-02T00:00:00.000000,1,0,0,0,1,452.0,1
203812___364773,cloudbeds,2026-12-03T00:00:00.000000,1,0,0,0,1,562.0,1
203812___364773,cloudbeds,2026-12-04T00:00:00.000000,1,0,0,0,1,1013.0,1
203812___364773,cloudbeds,2026-12-05T00:00:00.000000,1,0,0,0,1,1013.0,1
203812___364773,cloudbeds,2026-12-06T00:00:00.000000,1,0,0,0,1,562.0,1
203812___364773,cloudbeds,2026-12-07T00:00:00.000000,1,0,0,0,1,452.0,1
203812___364773,cloudbeds,2026-12-08T00:00:00.000000,1,0,0,0,1,452.0,1
203812___364773,cloudbeds,2026-12-09T00:00:00.000000,1,0,0,0,1,452.0,1
203812___364773,cloudbeds,2026-12-10T00:00:00.000000,1,0,0,0,1,562.0,1
203812___364773,cloudbeds,2026-12-11T00:00:00.000000,1,0,0,0,1,1013.0,1
203812___364773,cloudbeds,2026-12-12T00:00:00.000000,1,0,0,0,1,1013.0,1
203812___364773,cloudbeds,2026-12-13T00:00:00.000000,1,0,0,0,1,562.0,1
203812___364773,cloudbeds,2026-12-14T00:00:00.000000,1,0,0,0,1,452.0,1
203812___364773,cloudbeds,2026-12-15T00:00:00.000000,1,0,0,0,1,452.0,1
203812___364773,cloudbeds,2026-12-16T00:00:00.000000,1,0,0,0,1,452.0,1
203812___364773,cloudbeds,2026-12-17T00:00:00.000000,1,0,0,0,1,562.0,1
203812___364773,cloudbeds,2026-12-18T00:00:00.000000,1,0,0,0,1,1070.0,1
203812___364773,cloudbeds,2026-12-19T00:00:00.000000,1,0,0,0,1,1070.0,1
203812___364773,cloudbeds,2026-12-20T00:00:00.000000,1,0,0,0,1,669.0,1
203812___364773,cloudbeds,2026-12-21T00:00:00.000000,1,0,0,0,1,584.0,1
203812___364773,cloudbeds,2026-12-22T00:00:00.000000,1,0,0,0,1,584.0,1
203812___364773,cloudbeds,2026-12-23T00:00:00.000000,1,0,0,0,1,709.0,1
203812___364773,cloudbeds,2026-12-24T00:00:00.000000,1,0,0,0,1,709.0,1
203812___364773,cloudbeds,2026-12-25T00:00:00.000000,1,0,0,0,1,1493.0,1
203812___364773,cloudbeds,2026-12-26T00:00:00.000000,1,0,0,0,1,1493.0,1
203812___364773,cloudbeds,2026-12-27T00:00:00.000000,1,0,0,0,1,709.0,1
203812___364773,cloudbeds,2026-12-28T00:00:00.000000,1,0,0,0,1,452.0,1
203812___364773,cloudbeds,2026-12-29T00:00:00.000000,1,0,0,0,1,452.0,1
203812___364773,cloudbeds,2026-12-30T00:00:00.000000,1,0,0,0,1,1729.0,1
203812___364773,cloudbeds,2026-12-31T00:00:00.000000,1,0,0,0,1,1729.0,1
203812___364773,cloudbeds,2027-01-01T00:00:00.000000,1,0,0,0,1,1013.0,1
203812___364773,cloudbeds,2027-01-02T00:00:00.000000,1,0,0,0,1,1013.0,1
203812___364773,cloudbeds,2027-01-03T00:00:00.000000,1,0,0,0,1,562.0,1
203812___364778,cloudbeds,2026-02-04T00:00:00.000000,1,0,0,0,1,230.0,1
203812___364778,cloudbeds,2026-02-05T00:00:00.000000,1,0,0,0,1,240.0,1
203812___364778,cloudbeds,2026-02-06T00:00:00.000000,1,1,0,0,1,793.0,0
203812___364778,cloudbeds,2026-02-07T00:00:00.000000,1,1,0,0,1,793.0,0
203812___364778,cloudbeds,2026-02-08T00:00:00.000000,1,1,0,0,1,400.0,0
203812___364778,cloudbeds,2026-02-09T00:00:00.000000,1,1,0,0,1,230.0,0
203812___364778,cloudbeds,2026-02-10T00:00:00.000000,1,1,0,0,1,230.0,0
203812___364778,cloudbeds,2026-02-11T00:00:00.000000,1,1,0,0,1,253.0,0
203812___364778,cloudbeds,2026-02-12T00:00:00.000000,1,0,0,0,1,400.0,1
203812___364778,cloudbeds,2026-02-13T00:00:00.000000,1,0,0,0,1,1280.0,1
203812___364778,cloudbeds,2026-02-14T00:00:00.000000,1,1,0,0,1,1280.0,0
203812___364778,cloudbeds,2026-02-15T00:00:00.000000,1,1,0,0,1,488.0,0
203812___364778,cloudbeds,2026-02-16T00:00:00.000000,1,0,0,0,1,230.0,1
203812___364778,cloudbeds,2026-02-17T00:00:00.000000,1,1,0,0,1,230.0,0
203812___364778,cloudbeds,2026-02-18T00:00:00.000000,1,0,0,0,1,230.0,1
203812___364778,cloudbeds,2026-02-19T00:00:00.000000,1,0,0,0,1,253.0,1
203812___364778,cloudbeds,2026-02-20T00:00:00.000000,1,1,0,0,1,793.0,0
203812___364778,cloudbeds,2026-02-21T00:00:00.000000,1,1,0,0,1,793.0,0
203812___364778,cloudbeds,2026-02-22T00:00:00.000000,1,1,0,0,1,505.0,0
203812___364778,cloudbeds,2026-02-23T00:00:00.000000,1,1,0,0,1,242.0,0
203812___364778,cloudbeds,2026-02-24T00:00:00.000000,1,0,0,0,1,242.0,1
203812___364778,cloudbeds,2026-02-25T00:00:00.000000,1,0,0,0,1,242.0,1
203812___364778,cloudbeds,2026-02-26T00:00:00.000000,1,0,0,0,1,400.0,1
203812___364778,cloudbeds,2026-02-27T00:00:00.000000,1,1,0,0,1,793.0,0
203812___364778,cloudbeds,2026-02-28T00:00:00.000000,1,1,0,0,1,793.0,0
203812___364778,cloudbeds,2026-03-01T00:00:00.000000,1,0,0,0,1,400.0,1
203812___364778,cloudbeds,2026-03-02T00:00:00.000000,1,0,0,0,1,451.0,1
203812___364778,cloudbeds,2026-03-03T00:00:00.000000,1,0,0,0,1,451.0,1
203812___364778,cloudbeds,2026-03-04T00:00:00.000000,1,0,0,0,1,451.0,1
203812___364778,cloudbeds,2026-03-05T00:00:00.000000,1,0,0,0,1,496.0,1
203812___364778,cloudbeds,2026-03-06T00:00:00.000000,1,1,0,0,1,1057.0,0
203812___364778,cloudbeds,2026-03-07T00:00:00.000000,1,1,0,0,1,1057.0,0
203812___364778,cloudbeds,2026-03-08T00:00:00.000000,1,1,0,0,1,533.0,0
203812___364778,cloudbeds,2026-03-09T00:00:00.000000,1,1,0,0,1,451.0,0
203812___364778,cloudbeds,2026-03-10T00:00:00.000000,1,1,0,0,1,451.0,0
203812___364778,cloudbeds,2026-03-11T00:00:00.000000,1,1,0,0,1,451.0,0
203812___364778,cloudbeds,2026-03-12T00:00:00.000000,1,1,0,0,1,496.0,0
203812___364778,cloudbeds,2026-03-13T00:00:00.000000,1,1,0,0,1,1358.0,0
203812___364778,cloudbeds,2026-03-14T00:00:00.000000,1,1,0,0,1,1358.0,0
203812___364778,cloudbeds,2026-03-15T00:00:00.000000,1,0,0,0,1,639.0,1
203812___364778,cloudbeds,2026-03-16T00:00:00.000000,1,1,0,0,1,533.0,0
203812___364778,cloudbeds,2026-03-17T00:00:00.000000,1,1,0,0,1,533.0,0
203812___364778,cloudbeds,2026-03-18T00:00:00.000000,1,1,0,0,1,533.0,0
203812___364778,cloudbeds,2026-03-19T00:00:00.000000,1,1,0,0,1,673.0,0
203812___364778,cloudbeds,2026-03-20T00:00:00.000000,1,1,0,0,1,1358.0,0
203812___364778,cloudbeds,2026-03-21T00:00:00.000000,1,0,0,0,1,1358.0,1
203812___364778,cloudbeds,2026-03-22T00:00:00.000000,1,0,0,0,1,740.0,1
203812___364778,cloudbeds,2026-03-23T00:00:00.000000,1,1,0,0,1,451.0,0
203812___364778,cloudbeds,2026-03-24T00:00:00.000000,1,1,0,0,1,451.0,0
203812___364778,cloudbeds,2026-03-25T00:00:00.000000,1,0,0,0,1,496.0,1
203812___364778,cloudbeds,2026-03-26T00:00:00.000000,1,0,0,0,1,740.0,1
203812___364778,cloudbeds,2026-03-27T00:00:00.000000,1,0,0,0,1,1123.0,1
203812___364778,cloudbeds,2026-03-28T00:00:00.000000,1,0,0,0,1,1123.0,1
203812___364778,cloudbeds,2026-03-29T00:00:00.000000,1,0,0,0,1,673.0,1
203812___364778,cloudbeds,2026-03-30T00:00:00.000000,1,0,0,0,1,451.0,1
203812___364778,cloudbeds,2026-03-31T00:00:00.000000,1,0,0,0,1,451.0,1
203812___364778,cloudbeds,2026-04-01T00:00:00.000000,1,0,0,0,1,451.0,1
203812___364778,cloudbeds,2026-04-02T00:00:00.000000,1,0,0,0,1,496.0,1
203812___364778,cloudbeds,2026-04-03T00:00:00.000000,1,1,0,0,1,1123.0,0
203812___364778,cloudbeds,2026-04-04T00:00:00.000000,1,1,0,0,1,1123.0,0
203812___364778,cloudbeds,2026-04-05T00:00:00.000000,1,0,0,0,1,541.0,1
203812___364778,cloudbeds,2026-04-06T00:00:00.000000,1,1,0,0,1,451.0,0
203812___364778,cloudbeds,2026-04-07T00:00:00.000000,1,1,0,0,1,451.0,0
203812___364778,cloudbeds,2026-04-08T00:00:00.000000,1,0,0,0,1,451.0,1
203812___364778,cloudbeds,2026-04-09T00:00:00.000000,1,0,0,0,1,474.0,1
203812___364778,cloudbeds,2026-04-10T00:00:00.000000,1,0,0,0,1,1298.0,1
203812___364778,cloudbeds,2026-04-11T00:00:00.000000,1,0,0,0,1,1298.0,1
203812___364778,cloudbeds,2026-04-12T00:00:00.000000,1,1,0,0,1,474.0,0
203812___364778,cloudbeds,2026-04-13T00:00:00.000000,1,1,0,0,1,441.0,0
203812___364778,cloudbeds,2026-04-14T00:00:00.000000,1,1,0,0,1,441.0,0
203812___364778,cloudbeds,2026-04-15T00:00:00.000000,1,0,0,0,1,441.0,1
203812___364778,cloudbeds,2026-04-16T00:00:00.000000,1,0,0,0,1,474.0,1
203812___364778,cloudbeds,2026-04-17T00:00:00.000000,1,0,0,0,1,1298.0,1
203812___364778,cloudbeds,2026-04-18T00:00:00.000000,1,0,0,0,1,1298.0,1
203812___364778,cloudbeds,2026-04-19T00:00:00.000000,1,0,0,0,1,474.0,1
203812___364778,cloudbeds,2026-04-20T00:00:00.000000,1,0,0,0,1,441.0,1
203812___364778,cloudbeds,2026-04-21T00:00:00.000000,1,0,0,0,1,441.0,1
203812___364778,cloudbeds,2026-04-22T00:00:00.000000,1,0,0,0,1,441.0,1
203812___364778,cloudbeds,2026-04-23T00:00:00.000000,1,0,0,0,1,533.0,1
203812___364778,cloudbeds,2026-04-24T00:00:00.000000,1,0,0,0,1,1298.0,1
203812___364778,cloudbeds,2026-04-25T00:00:00.000000,1,0,0,0,1,1298.0,1
203812___364778,cloudbeds,2026-04-26T00:00:00.000000,1,0,0,0,1,533.0,1
203812___364778,cloudbeds,2026-04-27T00:00:00.000000,1,0,0,0,1,451.0,1
203812___364778,cloudbeds,2026-04-28T00:00:00.000000,1,0,0,0,1,451.0,1
203812___364778,cloudbeds,2026-04-29T00:00:00.000000,1,0,0,0,1,451.0,1
203812___364778,cloudbeds,2026-04-30T00:00:00.000000,1,0,0,0,1,533.0,1
203812___364778,cloudbeds,2026-05-01T00:00:00.000000,1,0,0,0,1,1002.0,1
203812___364778,cloudbeds,2026-05-02T00:00:00.000000,1,0,0,0,1,1002.0,1
203812___364778,cloudbeds,2026-05-03T00:00:00.000000,1,0,0,0,1,533.0,1
203812___364778,cloudbeds,2026-05-04T00:00:00.000000,1,0,0,0,1,451.0,1
203812___364778,cloudbeds,2026-05-05T00:00:00.000000,1,0,0,0,1,451.0,1
203812___364778,cloudbeds,2026-05-06T00:00:00.000000,1,0,0,0,1,451.0,1
203812___364778,cloudbeds,2026-05-07T00:00:00.000000,1,0,0,0,1,533.0,1
203812___364778,cloudbeds,2026-05-08T00:00:00.000000,1,0,0,0,1,1292.0,1
203812___364778,cloudbeds,2026-05-09T00:00:00.000000,1,0,0,0,1,1292.0,1
203812___364778,cloudbeds,2026-05-10T00:00:00.000000,1,1,0,0,1,533.0,0
203812___364778,cloudbeds,2026-05-11T00:00:00.000000,1,1,0,0,1,451.0,0
203812___364778,cloudbeds,2026-05-12T00:00:00.000000,1,1,0,0,1,451.0,0
203812___364778,cloudbeds,2026-05-13T00:00:00.000000,1,0,0,0,1,451.0,1
203812___364778,cloudbeds,2026-05-14T00:00:00.000000,1,0,0,0,1,533.0,1
203812___364778,cloudbeds,2026-05-15T00:00:00.000000,1,0,0,0,1,1292.0,1
203812___364778,cloudbeds,2026-05-16T00:00:00.000000,1,0,0,0,1,1292.0,1
203812___364778,cloudbeds,2026-05-17T00:00:00.000000,1,0,0,0,1,533.0,1
203812___364778,cloudbeds,2026-05-18T00:00:00.000000,1,0,0,0,1,451.0,1
203812___364778,cloudbeds,2026-05-19T00:00:00.000000,1,0,0,0,1,451.0,1
203812___364778,cloudbeds,2026-05-20T00:00:00.000000,1,0,0,0,1,451.0,1
203812___364778,cloudbeds,2026-05-21T00:00:00.000000,1,0,0,0,1,533.0,1
203812___364778,cloudbeds,2026-05-22T00:00:00.000000,1,0,0,0,1,1355.0,1
203812___364778,cloudbeds,2026-05-23T00:00:00.000000,1,0,0,0,1,1355.0,1
203812___364778,cloudbeds,2026-05-24T00:00:00.000000,1,0,0,0,1,608.0,1
203812___364778,cloudbeds,2026-05-25T00:00:00.000000,1,0,0,0,1,514.0,1
203812___364778,cloudbeds,2026-05-26T00:00:00.000000,1,0,0,0,1,451.0,1
203812___364778,cloudbeds,2026-05-27T00:00:00.000000,1,0,0,0,1,451.0,1
203812___364778,cloudbeds,2026-05-28T00:00:00.000000,1,0,0,0,1,533.0,1
203812___364778,cloudbeds,2026-05-29T00:00:00.000000,1,0,0,0,1,1002.0,1
203812___364778,cloudbeds,2026-05-30T00:00:00.000000,1,0,0,0,1,1002.0,1
203812___364778,cloudbeds,2026-05-31T00:00:00.000000,1,0,0,0,1,533.0,1
203812___364778,cloudbeds,2026-06-01T00:00:00.000000,1,0,0,0,1,429.0,1
203812___364778,cloudbeds,2026-06-02T00:00:00.000000,1,0,0,0,1,429.0,1
203812___364778,cloudbeds,2026-06-03T00:00:00.000000,1,0,0,0,1,429.0,1
203812___364778,cloudbeds,2026-06-04T00:00:00.000000,1,0,0,0,1,750.0,1
203812___364778,cloudbeds,2026-06-05T00:00:00.000000,1,0,0,0,1,1125.0,1
203812___364778,cloudbeds,2026-06-06T00:00:00.000000,1,0,0,0,1,1125.0,1
203812___364778,cloudbeds,2026-06-07T00:00:00.000000,1,0,0,0,1,750.0,1
203812___364778,cloudbeds,2026-06-08T00:00:00.000000,1,1,0,0,1,429.0,0
203812___364778,cloudbeds,2026-06-09T00:00:00.000000,1,1,0,0,1,429.0,0
203812___364778,cloudbeds,2026-06-10T00:00:00.000000,1,0,0,0,1,577.0,1
203812___364778,cloudbeds,2026-06-11T00:00:00.000000,1,0,0,0,1,750.0,1
203812___364778,cloudbeds,2026-06-12T00:00:00.000000,1,0,0,0,1,1125.0,1
203812___364778,cloudbeds,2026-06-13T00:00:00.000000,1,0,0,0,1,1125.0,1
203812___364778,cloudbeds,2026-06-14T00:00:00.000000,1,0,0,0,1,750.0,1
203812___364778,cloudbeds,2026-06-15T00:00:00.000000,1,0,0,0,1,577.0,1
203812___364778,cloudbeds,2026-06-16T00:00:00.000000,1,0,0,0,1,577.0,1
203812___364778,cloudbeds,2026-06-17T00:00:00.000000,1,0,0,0,1,577.0,1
203812___364778,cloudbeds,2026-06-18T00:00:00.000000,1,0,0,0,1,750.0,1
203812___364778,cloudbeds,2026-06-19T00:00:00.000000,1,0,0,0,1,1125.0,1
203812___364778,cloudbeds,2026-06-20T00:00:00.000000,1,0,0,0,1,1125.0,1
203812___364778,cloudbeds,2026-06-21T00:00:00.000000,1,0,0,0,1,750.0,1
203812___364778,cloudbeds,2026-06-22T00:00:00.000000,1,0,0,0,1,577.0,1
203812___364778,cloudbeds,2026-06-23T00:00:00.000000,1,0,0,0,1,577.0,1
203812___364778,cloudbeds,2026-06-24T00:00:00.000000,1,0,0,0,1,577.0,1
203812___364778,cloudbeds,2026-06-25T00:00:00.000000,1,0,0,0,1,750.0,1
203812___364778,cloudbeds,2026-06-26T00:00:00.000000,1,0,0,0,1,1125.0,1
203812___364778,cloudbeds,2026-06-27T00:00:00.000000,1,0,0,0,1,1125.0,1
203812___364778,cloudbeds,2026-06-28T00:00:00.000000,1,0,0,0,1,750.0,1
203812___364778,cloudbeds,2026-06-29T00:00:00.000000,1,0,0,0,1,577.0,1
203812___364778,cloudbeds,2026-06-30T00:00:00.000000,1,0,0,0,1,577.0,1
203812___364778,cloudbeds,2026-07-01T00:00:00.000000,1,0,0,0,1,577.0,1
203812___364778,cloudbeds,2026-07-02T00:00:00.000000,1,0,0,0,1,799.0,1
203812___364778,cloudbeds,2026-07-03T00:00:00.000000,1,0,0,0,1,1299.0,1
203812___364778,cloudbeds,2026-07-04T00:00:00.000000,1,0,0,0,1,1299.0,1
203812___364778,cloudbeds,2026-07-05T00:00:00.000000,1,0,0,0,1,799.0,1
203812___364778,cloudbeds,2026-07-06T00:00:00.000000,1,0,0,0,1,577.0,1
203812___364778,cloudbeds,2026-07-07T00:00:00.000000,1,0,0,0,1,577.0,1
203812___364778,cloudbeds,2026-07-08T00:00:00.000000,1,0,0,0,1,577.0,1
203812___364778,cloudbeds,2026-07-09T00:00:00.000000,1,1,0,0,1,474.0,0
203812___364778,cloudbeds,2026-07-10T00:00:00.000000,1,1,0,0,1,689.0,0
203812___364778,cloudbeds,2026-07-11T00:00:00.000000,1,1,0,0,1,689.0,0
203812___364778,cloudbeds,2026-07-12T00:00:00.000000,1,1,0,0,1,474.0,0
203812___364778,cloudbeds,2026-07-13T00:00:00.000000,1,1,0,0,1,429.0,0
203812___364778,cloudbeds,2026-07-14T00:00:00.000000,1,1,0,0,1,429.0,0
203812___364778,cloudbeds,2026-07-15T00:00:00.000000,1,1,0,0,1,429.0,0
203812___364778,cloudbeds,2026-07-16T00:00:00.000000,1,1,0,0,1,533.0,0
203812___364778,cloudbeds,2026-07-17T00:00:00.000000,1,0,0,0,1,1125.0,1
203812___364778,cloudbeds,2026-07-18T00:00:00.000000,1,0,0,0,1,1125.0,1
203812___364778,cloudbeds,2026-07-19T00:00:00.000000,1,0,0,0,1,750.0,1
203812___364778,cloudbeds,2026-07-20T00:00:00.000000,1,0,0,0,1,577.0,1
203812___364778,cloudbeds,2026-07-21T00:00:00.000000,1,0,0,0,1,577.0,1
203812___364778,cloudbeds,2026-07-22T00:00:00.000000,1,0,0,0,1,577.0,1
203812___364778,cloudbeds,2026-07-23T00:00:00.000000,1,0,0,0,1,750.0,1
203812___364778,cloudbeds,2026-07-24T00:00:00.000000,1,0,0,0,1,1125.0,1
203812___364778,cloudbeds,2026-07-25T00:00:00.000000,1,0,0,0,1,1125.0,1
203812___364778,cloudbeds,2026-07-26T00:00:00.000000,1,0,0,0,1,750.0,1
203812___364778,cloudbeds,2026-07-27T00:00:00.000000,1,0,0,0,1,577.0,1
203812___364778,cloudbeds,2026-07-28T00:00:00.000000,1,0,0,0,1,577.0,1
203812___364778,cloudbeds,2026-07-29T00:00:00.000000,1,0,0,0,1,577.0,1
203812___364778,cloudbeds,2026-07-30T00:00:00.000000,1,0,0,0,1,750.0,1
203812___364778,cloudbeds,2026-07-31T00:00:00.000000,1,0,0,0,1,1125.0,1
203812___364778,cloudbeds,2026-08-01T00:00:00.000000,1,0,0,0,1,1125.0,1
203812___364778,cloudbeds,2026-08-02T00:00:00.000000,1,1,0,0,1,474.0,0
203812___364778,cloudbeds,2026-08-03T00:00:00.000000,1,1,0,0,1,372.0,0
203812___364778,cloudbeds,2026-08-04T00:00:00.000000,1,1,0,0,1,372.0,0
203812___364778,cloudbeds,2026-08-05T00:00:00.000000,1,1,0,0,1,372.0,0
203812___364778,cloudbeds,2026-08-06T00:00:00.000000,1,1,0,0,1,474.0,0
203812___364778,cloudbeds,2026-08-07T00:00:00.000000,1,0,0,0,1,999.0,1
203812___364778,cloudbeds,2026-08-08T00:00:00.000000,1,0,0,0,1,999.0,1
203812___364778,cloudbeds,2026-08-09T00:00:00.000000,1,0,0,0,1,649.0,1
203812___364778,cloudbeds,2026-08-10T00:00:00.000000,1,0,0,0,1,519.0,1
203812___364778,cloudbeds,2026-08-11T00:00:00.000000,1,0,0,0,1,519.0,1
203812___364778,cloudbeds,2026-08-12T00:00:00.000000,1,0,0,0,1,519.0,1
203812___364778,cloudbeds,2026-08-13T00:00:00.000000,1,0,0,0,1,649.0,1
203812___364778,cloudbeds,2026-08-14T00:00:00.000000,1,0,0,0,1,999.0,1
203812___364778,cloudbeds,2026-08-15T00:00:00.000000,1,0,0,0,1,999.0,1
203812___364778,cloudbeds,2026-08-16T00:00:00.000000,1,0,0,0,1,649.0,1
203812___364778,cloudbeds,2026-08-17T00:00:00.000000,1,0,0,0,1,519.0,1
203812___364778,cloudbeds,2026-08-18T00:00:00.000000,1,0,0,0,1,519.0,1
203812___364778,cloudbeds,2026-08-19T00:00:00.000000,1,0,0,0,1,519.0,1
203812___364778,cloudbeds,2026-08-20T00:00:00.000000,1,0,0,0,1,649.0,1
203812___364778,cloudbeds,2026-08-21T00:00:00.000000,1,0,0,0,1,999.0,1
203812___364778,cloudbeds,2026-08-22T00:00:00.000000,1,0,0,0,1,999.0,1
203812___364778,cloudbeds,2026-08-23T00:00:00.000000,1,0,0,0,1,649.0,1
203812___364778,cloudbeds,2026-08-24T00:00:00.000000,1,0,0,0,1,519.0,1
203812___364778,cloudbeds,2026-08-25T00:00:00.000000,1,0,0,0,1,519.0,1
203812___364778,cloudbeds,2026-08-26T00:00:00.000000,1,0,0,0,1,519.0,1
203812___364778,cloudbeds,2026-08-27T00:00:00.000000,1,0,0,0,1,649.0,1
203812___364778,cloudbeds,2026-08-28T00:00:00.000000,1,0,0,0,1,999.0,1
203812___364778,cloudbeds,2026-08-29T00:00:00.000000,1,0,0,0,1,999.0,1
203812___364778,cloudbeds,2026-08-30T00:00:00.000000,1,0,0,0,1,649.0,1
203812___364778,cloudbeds,2026-08-31T00:00:00.000000,1,0,0,0,1,519.0,1
203812___364778,cloudbeds,2026-09-01T00:00:00.000000,1,0,0,0,1,519.0,1
203812___364778,cloudbeds,2026-09-02T00:00:00.000000,1,0,0,0,1,519.0,1
203812___364778,cloudbeds,2026-09-03T00:00:00.000000,1,0,0,0,1,635.0,1
203812___364778,cloudbeds,2026-09-04T00:00:00.000000,1,0,0,0,1,1184.0,1
203812___364778,cloudbeds,2026-09-05T00:00:00.000000,1,0,0,0,1,1184.0,1
203812___364778,cloudbeds,2026-09-06T00:00:00.000000,1,0,0,0,1,701.0,1
203812___364778,cloudbeds,2026-09-07T00:00:00.000000,1,0,0,0,1,554.0,1
203812___364778,cloudbeds,2026-09-08T00:00:00.000000,1,0,0,0,1,533.0,1
203812___364778,cloudbeds,2026-09-09T00:00:00.000000,1,0,0,0,1,533.0,1
203812___364778,cloudbeds,2026-09-10T00:00:00.000000,1,0,0,0,1,635.0,1
203812___364778,cloudbeds,2026-09-11T00:00:00.000000,1,0,0,0,1,962.0,1
203812___364778,cloudbeds,2026-09-12T00:00:00.000000,1,0,0,0,1,962.0,1
203812___364778,cloudbeds,2026-09-13T00:00:00.000000,1,0,0,0,1,635.0,1
203812___364778,cloudbeds,2026-09-14T00:00:00.000000,1,0,0,0,1,533.0,1
203812___364778,cloudbeds,2026-09-15T00:00:00.000000,1,0,0,0,1,533.0,1
203812___364778,cloudbeds,2026-09-16T00:00:00.000000,1,0,0,0,1,533.0,1
203812___364778,cloudbeds,2026-09-17T00:00:00.000000,1,0,0,0,1,673.0,1
203812___364778,cloudbeds,2026-09-18T00:00:00.000000,1,0,0,0,1,962.0,1
203812___364778,cloudbeds,2026-09-19T00:00:00.000000,1,0,0,0,1,962.0,1
203812___364778,cloudbeds,2026-09-20T00:00:00.000000,1,0,0,0,1,673.0,1
203812___364778,cloudbeds,2026-09-21T00:00:00.000000,1,0,0,0,1,533.0,1
203812___364778,cloudbeds,2026-09-22T00:00:00.000000,1,0,0,0,1,533.0,1
203812___364778,cloudbeds,2026-09-23T00:00:00.000000,1,0,0,0,1,533.0,1
203812___364778,cloudbeds,2026-09-24T00:00:00.000000,1,0,0,0,1,635.0,1
203812___364778,cloudbeds,2026-09-25T00:00:00.000000,1,0,0,0,1,1218.0,1
203812___364778,cloudbeds,2026-09-26T00:00:00.000000,1,0,0,0,1,1218.0,1
203812___364778,cloudbeds,2026-09-27T00:00:00.000000,1,0,0,0,1,635.0,1
203812___364778,cloudbeds,2026-09-28T00:00:00.000000,1,0,0,0,1,533.0,1
203812___364778,cloudbeds,2026-09-29T00:00:00.000000,1,0,0,0,1,533.0,1
203812___364778,cloudbeds,2026-09-30T00:00:00.000000,1,0,0,0,1,533.0,1
203812___364778,cloudbeds,2026-10-01T00:00:00.000000,1,0,0,0,1,673.0,1
203812___364778,cloudbeds,2026-10-02T00:00:00.000000,1,0,0,0,1,1218.0,1
203812___364778,cloudbeds,2026-10-03T00:00:00.000000,1,0,0,0,1,1218.0,1
203812___364778,cloudbeds,2026-10-04T00:00:00.000000,1,0,0,0,1,673.0,1
203812___364778,cloudbeds,2026-10-05T00:00:00.000000,1,0,0,0,1,533.0,1
203812___364778,cloudbeds,2026-10-06T00:00:00.000000,1,0,0,0,1,533.0,1
203812___364778,cloudbeds,2026-10-07T00:00:00.000000,1,0,0,0,1,533.0,1
203812___364778,cloudbeds,2026-10-08T00:00:00.000000,1,0,0,0,1,673.0,1
203812___364778,cloudbeds,2026-10-09T00:00:00.000000,1,0,0,0,1,1340.0,1
203812___364778,cloudbeds,2026-10-10T00:00:00.000000,1,0,0,0,1,1340.0,1
203812___364778,cloudbeds,2026-10-11T00:00:00.000000,1,0,0,0,1,740.0,1
203812___364778,cloudbeds,2026-10-12T00:00:00.000000,1,0,0,0,1,635.0,1
203812___364778,cloudbeds,2026-10-13T00:00:00.000000,1,0,0,0,1,533.0,1
203812___364778,cloudbeds,2026-10-14T00:00:00.000000,1,0,0,0,1,533.0,1
203812___364778,cloudbeds,2026-10-15T00:00:00.000000,1,0,0,0,1,804.0,1
203812___364778,cloudbeds,2026-10-16T00:00:00.000000,1,0,0,0,1,1218.0,1
203812___364778,cloudbeds,2026-10-17T00:00:00.000000,1,0,0,0,1,1218.0,1
203812___364778,cloudbeds,2026-10-18T00:00:00.000000,1,0,0,0,1,804.0,1
203812___364778,cloudbeds,2026-10-19T00:00:00.000000,1,0,0,0,1,630.0,1
203812___364778,cloudbeds,2026-10-20T00:00:00.000000,1,0,0,0,1,630.0,1
203812___364778,cloudbeds,2026-10-21T00:00:00.000000,1,0,0,0,1,630.0,1
203812___364778,cloudbeds,2026-10-22T00:00:00.000000,1,0,0,0,1,804.0,1
203812___364778,cloudbeds,2026-10-23T00:00:00.000000,1,0,0,0,1,1218.0,1
203812___364778,cloudbeds,2026-10-24T00:00:00.000000,1,0,0,0,1,1218.0,1
203812___364778,cloudbeds,2026-10-25T00:00:00.000000,1,0,0,0,1,804.0,1
203812___364778,cloudbeds,2026-10-26T00:00:00.000000,1,0,0,0,1,533.0,1
203812___364778,cloudbeds,2026-10-27T00:00:00.000000,1,0,0,0,1,533.0,1
203812___364778,cloudbeds,2026-10-28T00:00:00.000000,1,0,0,0,1,533.0,1
203812___364778,cloudbeds,2026-10-29T00:00:00.000000,1,0,0,0,1,804.0,1
203812___364778,cloudbeds,2026-10-30T00:00:00.000000,1,0,0,0,1,1218.0,1
203812___364778,cloudbeds,2026-10-31T00:00:00.000000,1,0,0,0,1,1218.0,1
203812___364778,cloudbeds,2026-11-01T00:00:00.000000,1,0,0,0,1,804.0,1
203812___364778,cloudbeds,2026-11-02T00:00:00.000000,1,0,0,0,1,533.0,1
203812___364778,cloudbeds,2026-11-03T00:00:00.000000,1,0,0,0,1,533.0,1
203812___364778,cloudbeds,2026-11-04T00:00:00.000000,1,0,0,0,1,533.0,1
203812___364778,cloudbeds,2026-11-05T00:00:00.000000,1,0,0,0,1,673.0,1
203812___364778,cloudbeds,2026-11-06T00:00:00.000000,1,0,0,0,1,1218.0,1
203812___364778,cloudbeds,2026-11-07T00:00:00.000000,1,0,0,0,1,1218.0,1
203812___364778,cloudbeds,2026-11-08T00:00:00.000000,1,0,0,0,1,673.0,1
203812___364778,cloudbeds,2026-11-09T00:00:00.000000,1,0,0,0,1,429.0,1
203812___364778,cloudbeds,2026-11-10T00:00:00.000000,1,0,0,0,1,429.0,1
203812___364778,cloudbeds,2026-11-11T00:00:00.000000,1,0,0,0,1,429.0,1
203812___364778,cloudbeds,2026-11-12T00:00:00.000000,1,0,0,0,1,673.0,1
203812___364778,cloudbeds,2026-11-13T00:00:00.000000,1,0,0,0,1,1218.0,1
203812___364778,cloudbeds,2026-11-14T00:00:00.000000,1,0,0,0,1,1218.0,1
203812___364778,cloudbeds,2026-11-15T00:00:00.000000,1,0,0,0,1,673.0,1
203812___364778,cloudbeds,2026-11-16T00:00:00.000000,1,0,0,0,1,533.0,1
203812___364778,cloudbeds,2026-11-17T00:00:00.000000,1,0,0,0,1,533.0,1
203812___364778,cloudbeds,2026-11-18T00:00:00.000000,1,0,0,0,1,533.0,1
203812___364778,cloudbeds,2026-11-19T00:00:00.000000,1,0,0,0,1,673.0,1
203812___364778,cloudbeds,2026-11-20T00:00:00.000000,1,0,0,0,1,1099.0,1
203812___364778,cloudbeds,2026-11-21T00:00:00.000000,1,0,0,0,1,1099.0,1
203812___364778,cloudbeds,2026-11-22T00:00:00.000000,1,0,0,0,1,673.0,1
203812___364778,cloudbeds,2026-11-23T00:00:00.000000,1,0,0,0,1,630.0,1
203812___364778,cloudbeds,2026-11-24T00:00:00.000000,1,0,0,0,1,630.0,1
203812___364778,cloudbeds,2026-11-25T00:00:00.000000,1,0,0,0,1,630.0,1
203812___364778,cloudbeds,2026-11-26T00:00:00.000000,1,0,0,0,1,848.0,1
203812___364778,cloudbeds,2026-11-27T00:00:00.000000,1,0,0,0,1,1099.0,1
203812___364778,cloudbeds,2026-11-28T00:00:00.000000,1,0,0,0,1,1099.0,1
203812___364778,cloudbeds,2026-11-29T00:00:00.000000,1,0,0,0,1,673.0,1
203812___364778,cloudbeds,2026-11-30T00:00:00.000000,1,0,0,0,1,429.0,1
203812___364778,cloudbeds,2026-12-01T00:00:00.000000,1,0,0,0,1,429.0,1
203812___364778,cloudbeds,2026-12-02T00:00:00.000000,1,0,0,0,1,429.0,1
203812___364778,cloudbeds,2026-12-03T00:00:00.000000,1,0,0,0,1,533.0,1
203812___364778,cloudbeds,2026-12-04T00:00:00.000000,1,0,0,0,1,962.0,1
203812___364778,cloudbeds,2026-12-05T00:00:00.000000,1,0,0,0,1,962.0,1
203812___364778,cloudbeds,2026-12-06T00:00:00.000000,1,0,0,0,1,533.0,1
203812___364778,cloudbeds,2026-12-07T00:00:00.000000,1,0,0,0,1,429.0,1
203812___364778,cloudbeds,2026-12-08T00:00:00.000000,1,0,0,0,1,429.0,1
203812___364778,cloudbeds,2026-12-09T00:00:00.000000,1,0,0,0,1,429.0,1
203812___364778,cloudbeds,2026-12-10T00:00:00.000000,1,0,0,0,1,533.0,1
203812___364778,cloudbeds,2026-12-11T00:00:00.000000,1,0,0,0,1,962.0,1
203812___364778,cloudbeds,2026-12-12T00:00:00.000000,1,0,0,0,1,962.0,1
203812___364778,cloudbeds,2026-12-13T00:00:00.000000,1,0,0,0,1,533.0,1
203812___364778,cloudbeds,2026-12-14T00:00:00.000000,1,0,0,0,1,429.0,1
203812___364778,cloudbeds,2026-12-15T00:00:00.000000,1,0,0,0,1,429.0,1
203812___364778,cloudbeds,2026-12-16T00:00:00.000000,1,0,0,0,1,429.0,1
203812___364778,cloudbeds,2026-12-17T00:00:00.000000,1,0,0,0,1,533.0,1
203812___364778,cloudbeds,2026-12-18T00:00:00.000000,1,0,0,0,1,1016.0,1
203812___364778,cloudbeds,2026-12-19T00:00:00.000000,1,0,0,0,1,1016.0,1
203812___364778,cloudbeds,2026-12-20T00:00:00.000000,1,0,0,0,1,635.0,1
203812___364778,cloudbeds,2026-12-21T00:00:00.000000,1,0,0,0,1,554.0,1
203812___364778,cloudbeds,2026-12-22T00:00:00.000000,1,0,0,0,1,554.0,1
203812___364778,cloudbeds,2026-12-23T00:00:00.000000,1,0,0,0,1,673.0,1
203812___364778,cloudbeds,2026-12-24T00:00:00.000000,1,0,0,0,1,673.0,1
203812___364778,cloudbeds,2026-12-25T00:00:00.000000,1,0,0,0,1,1418.0,1
203812___364778,cloudbeds,2026-12-26T00:00:00.000000,1,0,0,0,1,1418.0,1
203812___364778,cloudbeds,2026-12-27T00:00:00.000000,1,0,0,0,1,673.0,1
203812___364778,cloudbeds,2026-12-28T00:00:00.000000,1,0,0,0,1,429.0,1
203812___364778,cloudbeds,2026-12-29T00:00:00.000000,1,0,0,0,1,429.0,1
203812___364778,cloudbeds,2026-12-30T00:00:00.000000,1,0,0,0,1,1642.0,1
203812___364778,cloudbeds,2026-12-31T00:00:00.000000,1,0,0,0,1,1642.0,1
203812___364778,cloudbeds,2027-01-01T00:00:00.000000,1,0,0,0,1,962.0,1
203812___364778,cloudbeds,2027-01-02T00:00:00.000000,1,0,0,0,1,962.0,1
203812___364778,cloudbeds,2027-01-03T00:00:00.000000,1,0,0,0,1,533.0,1
203812___364779,cloudbeds,2026-02-04T00:00:00.000000,1,0,0,0,1,208.0,1
203812___364779,cloudbeds,2026-02-05T00:00:00.000000,1,1,0,0,1,217.0,0
203812___364779,cloudbeds,2026-02-06T00:00:00.000000,1,1,0,0,1,531.0,0
203812___364779,cloudbeds,2026-02-07T00:00:00.000000,1,1,0,0,1,531.0,0
203812___364779,cloudbeds,2026-02-08T00:00:00.000000,1,1,0,0,1,333.0,0
203812___364779,cloudbeds,2026-02-09T00:00:00.000000,1,1,0,0,1,208.0,0
203812___364779,cloudbeds,2026-02-10T00:00:00.000000,1,1,0,0,1,208.0,0
203812___364779,cloudbeds,2026-02-11T00:00:00.000000,1,1,0,0,1,189.0,0
203812___364779,cloudbeds,2026-02-12T00:00:00.000000,1,0,0,0,1,207.0,1
203812___364779,cloudbeds,2026-02-13T00:00:00.000000,1,1,0,0,1,1096.0,0
203812___364779,cloudbeds,2026-02-14T00:00:00.000000,1,1,0,0,1,1096.0,0
203812___364779,cloudbeds,2026-02-15T00:00:00.000000,1,1,0,0,1,349.0,0
203812___364779,cloudbeds,2026-02-16T00:00:00.000000,1,1,0,0,1,447.0,0
203812___364779,cloudbeds,2026-02-17T00:00:00.000000,1,1,0,0,1,447.0,0
203812___364779,cloudbeds,2026-02-18T00:00:00.000000,1,1,0,0,1,372.0,0
203812___364779,cloudbeds,2026-02-19T00:00:00.000000,1,1,0,0,1,430.0,0
203812___364779,cloudbeds,2026-02-20T00:00:00.000000,1,1,0,0,1,664.0,0
203812___364779,cloudbeds,2026-02-21T00:00:00.000000,1,0,0,0,1,730.0,1
203812___364779,cloudbeds,2026-02-22T00:00:00.000000,1,0,0,0,1,430.0,1
203812___364779,cloudbeds,2026-02-23T00:00:00.000000,1,1,0,0,1,212.0,0
203812___364779,cloudbeds,2026-02-24T00:00:00.000000,1,0,0,0,1,212.0,1
203812___364779,cloudbeds,2026-02-25T00:00:00.000000,1,1,0,0,1,212.0,0
203812___364779,cloudbeds,2026-02-26T00:00:00.000000,1,0,0,0,1,333.0,1
203812___364779,cloudbeds,2026-02-27T00:00:00.000000,1,0,0,0,1,664.0,1
203812___364779,cloudbeds,2026-02-28T00:00:00.000000,1,0,0,0,1,664.0,1
203812___364779,cloudbeds,2026-03-01T00:00:00.000000,1,0,0,0,1,333.0,1
203812___364779,cloudbeds,2026-03-02T00:00:00.000000,1,0,0,0,1,372.0,1
203812___364779,cloudbeds,2026-03-03T00:00:00.000000,1,0,0,0,1,372.0,1
203812___364779,cloudbeds,2026-03-04T00:00:00.000000,1,0,0,0,1,372.0,1
203812___364779,cloudbeds,2026-03-05T00:00:00.000000,1,0,0,0,1,444.0,1
203812___364779,cloudbeds,2026-03-06T00:00:00.000000,1,0,0,0,1,948.0,1
203812___364779,cloudbeds,2026-03-07T00:00:00.000000,1,0,0,0,1,948.0,1
203812___364779,cloudbeds,2026-03-08T00:00:00.000000,1,0,0,0,1,444.0,1
203812___364779,cloudbeds,2026-03-09T00:00:00.000000,1,1,0,0,1,372.0,0
203812___364779,cloudbeds,2026-03-10T00:00:00.000000,1,1,0,0,1,372.0,0
203812___364779,cloudbeds,2026-03-11T00:00:00.000000,1,0,0,0,1,409.0,1
203812___364779,cloudbeds,2026-03-12T00:00:00.000000,1,0,0,0,1,444.0,1
203812___364779,cloudbeds,2026-03-13T00:00:00.000000,1,0,0,0,1,1162.0,1
203812___364779,cloudbeds,2026-03-14T00:00:00.000000,1,0,0,0,1,1162.0,1
203812___364779,cloudbeds,2026-03-15T00:00:00.000000,1,0,0,0,1,689.0,1
203812___364779,cloudbeds,2026-03-16T00:00:00.000000,1,0,0,0,1,474.0,1
203812___364779,cloudbeds,2026-03-17T00:00:00.000000,1,0,0,0,1,474.0,1
203812___364779,cloudbeds,2026-03-18T00:00:00.000000,1,0,0,0,1,474.0,1
203812___364779,cloudbeds,2026-03-19T00:00:00.000000,1,0,0,0,1,573.0,1
203812___364779,cloudbeds,2026-03-20T00:00:00.000000,1,0,0,0,1,1162.0,1
203812___364779,cloudbeds,2026-03-21T00:00:00.000000,1,0,0,0,1,1162.0,1
203812___364779,cloudbeds,2026-03-22T00:00:00.000000,1,0,0,0,1,630.0,1
203812___364779,cloudbeds,2026-03-23T00:00:00.000000,1,0,0,0,1,409.0,1
203812___364779,cloudbeds,2026-03-24T00:00:00.000000,1,0,0,0,1,409.0,1
203812___364779,cloudbeds,2026-03-25T00:00:00.000000,1,0,0,0,1,409.0,1
203812___364779,cloudbeds,2026-03-26T00:00:00.000000,1,0,0,0,1,630.0,1
203812___364779,cloudbeds,2026-03-27T00:00:00.000000,1,0,0,0,1,962.0,1
203812___364779,cloudbeds,2026-03-28T00:00:00.000000,1,0,0,0,1,962.0,1
203812___364779,cloudbeds,2026-03-29T00:00:00.000000,1,0,0,0,1,573.0,1
203812___364779,cloudbeds,2026-03-30T00:00:00.000000,1,0,0,0,1,372.0,1
203812___364779,cloudbeds,2026-03-31T00:00:00.000000,1,0,0,0,1,372.0,1
203812___364779,cloudbeds,2026-04-01T00:00:00.000000,1,0,0,0,1,372.0,1
203812___364779,cloudbeds,2026-04-02T00:00:00.000000,1,0,0,0,1,573.0,1
203812___364779,cloudbeds,2026-04-03T00:00:00.000000,1,0,0,0,1,962.0,1
203812___364779,cloudbeds,2026-04-04T00:00:00.000000,1,0,0,0,1,962.0,1
203812___364779,cloudbeds,2026-04-05T00:00:00.000000,1,0,0,0,1,573.0,1
203812___364779,cloudbeds,2026-04-06T00:00:00.000000,1,0,0,0,1,372.0,1
203812___364779,cloudbeds,2026-04-07T00:00:00.000000,1,0,0,0,1,372.0,1
203812___364779,cloudbeds,2026-04-08T00:00:00.000000,1,0,0,0,1,372.0,1
203812___364779,cloudbeds,2026-04-09T00:00:00.000000,1,0,0,0,1,385.0,1
203812___364779,cloudbeds,2026-04-10T00:00:00.000000,1,0,0,0,1,962.0,1
203812___364779,cloudbeds,2026-04-11T00:00:00.000000,1,0,0,0,1,962.0,1
203812___364779,cloudbeds,2026-04-12T00:00:00.000000,1,0,0,0,1,385.0,1
203812___364779,cloudbeds,2026-04-13T00:00:00.000000,1,0,0,0,1,372.0,1
203812___364779,cloudbeds,2026-04-14T00:00:00.000000,1,0,0,0,1,372.0,1
203812___364779,cloudbeds,2026-04-15T00:00:00.000000,1,0,0,0,1,372.0,1
203812___364779,cloudbeds,2026-04-16T00:00:00.000000,1,0,0,0,1,385.0,1
203812___364779,cloudbeds,2026-04-17T00:00:00.000000,1,0,0,0,1,962.0,1
203812___364779,cloudbeds,2026-04-18T00:00:00.000000,1,0,0,0,1,962.0,1
203812___364779,cloudbeds,2026-04-19T00:00:00.000000,1,0,0,0,1,385.0,1
203812___364779,cloudbeds,2026-04-20T00:00:00.000000,1,0,0,0,1,372.0,1
203812___364779,cloudbeds,2026-04-21T00:00:00.000000,1,0,0,0,1,372.0,1
203812___364779,cloudbeds,2026-04-22T00:00:00.000000,1,0,0,0,1,372.0,1
203812___364779,cloudbeds,2026-04-23T00:00:00.000000,1,0,0,0,1,444.0,1
203812___364779,cloudbeds,2026-04-24T00:00:00.000000,1,0,0,0,1,962.0,1
203812___364779,cloudbeds,2026-04-25T00:00:00.000000,1,0,0,0,1,962.0,1
203812___364779,cloudbeds,2026-04-26T00:00:00.000000,1,0,0,0,1,444.0,1
203812___364779,cloudbeds,2026-04-27T00:00:00.000000,1,0,0,0,1,372.0,1
203812___364779,cloudbeds,2026-04-28T00:00:00.000000,1,0,0,0,1,372.0,1
203812___364779,cloudbeds,2026-04-29T00:00:00.000000,1,0,0,0,1,372.0,1
203812___364779,cloudbeds,2026-04-30T00:00:00.000000,1,0,0,0,1,444.0,1
203812___364779,cloudbeds,2026-05-01T00:00:00.000000,1,0,0,0,1,905.0,1
203812___364779,cloudbeds,2026-05-02T00:00:00.000000,1,0,0,0,1,905.0,1
203812___364779,cloudbeds,2026-05-03T00:00:00.000000,1,0,0,0,1,444.0,1
203812___364779,cloudbeds,2026-05-04T00:00:00.000000,1,0,0,0,1,373.0,1
203812___364779,cloudbeds,2026-05-05T00:00:00.000000,1,0,0,0,1,373.0,1
203812___364779,cloudbeds,2026-05-06T00:00:00.000000,1,0,0,0,1,373.0,1
203812___364779,cloudbeds,2026-05-07T00:00:00.000000,1,0,0,0,1,444.0,1
203812___364779,cloudbeds,2026-05-08T00:00:00.000000,1,0,0,0,1,961.0,1
203812___364779,cloudbeds,2026-05-09T00:00:00.000000,1,0,0,0,1,961.0,1
203812___364779,cloudbeds,2026-05-10T00:00:00.000000,1,0,0,0,1,444.0,1
203812___364779,cloudbeds,2026-05-11T00:00:00.000000,1,0,0,0,1,373.0,1
203812___364779,cloudbeds,2026-05-12T00:00:00.000000,1,0,0,0,1,373.0,1
203812___364779,cloudbeds,2026-05-13T00:00:00.000000,1,0,0,0,1,373.0,1
203812___364779,cloudbeds,2026-05-14T00:00:00.000000,1,0,0,0,1,444.0,1
203812___364779,cloudbeds,2026-05-15T00:00:00.000000,1,0,0,0,1,961.0,1
203812___364779,cloudbeds,2026-05-16T00:00:00.000000,1,0,0,0,1,961.0,1
203812___364779,cloudbeds,2026-05-17T00:00:00.000000,1,0,0,0,1,444.0,1
203812___364779,cloudbeds,2026-05-18T00:00:00.000000,1,0,0,0,1,373.0,1
203812___364779,cloudbeds,2026-05-19T00:00:00.000000,1,0,0,0,1,373.0,1
203812___364779,cloudbeds,2026-05-20T00:00:00.000000,1,0,0,0,1,373.0,1
203812___364779,cloudbeds,2026-05-21T00:00:00.000000,1,0,0,0,1,444.0,1
203812___364779,cloudbeds,2026-05-22T00:00:00.000000,1,0,0,0,1,1002.0,1
203812___364779,cloudbeds,2026-05-23T00:00:00.000000,1,0,0,0,1,1002.0,1
203812___364779,cloudbeds,2026-05-24T00:00:00.000000,1,0,0,0,1,512.0,1
203812___364779,cloudbeds,2026-05-25T00:00:00.000000,1,0,0,0,1,429.0,1
203812___364779,cloudbeds,2026-05-26T00:00:00.000000,1,0,0,0,1,373.0,1
203812___364779,cloudbeds,2026-05-27T00:00:00.000000,1,0,0,0,1,373.0,1
203812___364779,cloudbeds,2026-05-28T00:00:00.000000,1,0,0,0,1,444.0,1
203812___364779,cloudbeds,2026-05-29T00:00:00.000000,1,0,0,0,1,905.0,1
203812___364779,cloudbeds,2026-05-30T00:00:00.000000,1,0,0,0,1,905.0,1
203812___364779,cloudbeds,2026-05-31T00:00:00.000000,1,0,0,0,1,444.0,1
203812___364779,cloudbeds,2026-06-01T00:00:00.000000,1,0,0,0,1,372.0,1
203812___364779,cloudbeds,2026-06-02T00:00:00.000000,1,0,0,0,1,372.0,1
203812___364779,cloudbeds,2026-06-03T00:00:00.000000,1,0,0,0,1,372.0,1
203812___364779,cloudbeds,2026-06-04T00:00:00.000000,1,0,0,0,1,444.0,1
203812___364779,cloudbeds,2026-06-05T00:00:00.000000,1,0,0,0,1,905.0,1
203812___364779,cloudbeds,2026-06-06T00:00:00.000000,1,0,0,0,1,905.0,1
203812___364779,cloudbeds,2026-06-07T00:00:00.000000,1,0,0,0,1,444.0,1
203812___364779,cloudbeds,2026-06-08T00:00:00.000000,1,0,0,0,1,372.0,1
203812___364779,cloudbeds,2026-06-09T00:00:00.000000,1,0,0,0,1,372.0,1
203812___364779,cloudbeds,2026-06-10T00:00:00.000000,1,0,0,0,1,372.0,1
203812___364779,cloudbeds,2026-06-11T00:00:00.000000,1,0,0,0,1,573.0,1
203812___364779,cloudbeds,2026-06-12T00:00:00.000000,1,0,0,0,1,905.0,1
203812___364779,cloudbeds,2026-06-13T00:00:00.000000,1,0,0,0,1,905.0,1
203812___364779,cloudbeds,2026-06-14T00:00:00.000000,1,0,0,0,1,573.0,1
203812___364779,cloudbeds,2026-06-15T00:00:00.000000,1,0,0,0,1,372.0,1
203812___364779,cloudbeds,2026-06-16T00:00:00.000000,1,0,0,0,1,372.0,1
203812___364779,cloudbeds,2026-06-17T00:00:00.000000,1,0,0,0,1,372.0,1
203812___364779,cloudbeds,2026-06-18T00:00:00.000000,1,0,0,0,1,573.0,1
203812___364779,cloudbeds,2026-06-19T00:00:00.000000,1,0,0,0,1,905.0,1
203812___364779,cloudbeds,2026-06-20T00:00:00.000000,1,0,0,0,1,905.0,1
203812___364779,cloudbeds,2026-06-21T00:00:00.000000,1,0,0,0,1,573.0,1
203812___364779,cloudbeds,2026-06-22T00:00:00.000000,1,0,0,0,1,372.0,1
203812___364779,cloudbeds,2026-06-23T00:00:00.000000,1,0,0,0,1,372.0,1
203812___364779,cloudbeds,2026-06-24T00:00:00.000000,1,0,0,0,1,372.0,1
203812___364779,cloudbeds,2026-06-25T00:00:00.000000,1,0,0,0,1,573.0,1
203812___364779,cloudbeds,2026-06-26T00:00:00.000000,1,0,0,0,1,905.0,1
203812___364779,cloudbeds,2026-06-27T00:00:00.000000,1,0,0,0,1,905.0,1
203812___364779,cloudbeds,2026-06-28T00:00:00.000000,1,0,0,0,1,573.0,1
203812___364779,cloudbeds,2026-06-29T00:00:00.000000,1,0,0,0,1,372.0,1
203812___364779,cloudbeds,2026-06-30T00:00:00.000000,1,0,0,0,1,372.0,1
203812___364779,cloudbeds,2026-07-01T00:00:00.000000,1,0,0,0,1,372.0,1
203812___364779,cloudbeds,2026-07-02T00:00:00.000000,1,0,0,0,1,629.0,1
203812___364779,cloudbeds,2026-07-03T00:00:00.000000,1,0,0,0,1,921.0,1
203812___364779,cloudbeds,2026-07-04T00:00:00.000000,1,0,0,0,1,921.0,1
203812___364779,cloudbeds,2026-07-05T00:00:00.000000,1,0,0,0,1,629.0,1
203812___364779,cloudbeds,2026-07-06T00:00:00.000000,1,0,0,0,1,372.0,1
203812___364779,cloudbeds,2026-07-07T00:00:00.000000,1,0,0,0,1,372.0,1
203812___364779,cloudbeds,2026-07-08T00:00:00.000000,1,0,0,0,1,372.0,1
203812___364779,cloudbeds,2026-07-09T00:00:00.000000,1,0,0,0,1,385.0,1
203812___364779,cloudbeds,2026-07-10T00:00:00.000000,1,0,0,0,1,615.0,1
203812___364779,cloudbeds,2026-07-11T00:00:00.000000,1,0,0,0,1,615.0,1
203812___364779,cloudbeds,2026-07-12T00:00:00.000000,1,0,0,0,1,385.0,1
203812___364779,cloudbeds,2026-07-13T00:00:00.000000,1,0,0,0,1,372.0,1
203812___364779,cloudbeds,2026-07-14T00:00:00.000000,1,0,0,0,1,372.0,1
203812___364779,cloudbeds,2026-07-15T00:00:00.000000,1,0,0,0,1,372.0,1
203812___364779,cloudbeds,2026-07-16T00:00:00.000000,1,0,0,0,1,444.0,1
203812___364779,cloudbeds,2026-07-17T00:00:00.000000,1,0,0,0,1,905.0,1
203812___364779,cloudbeds,2026-07-18T00:00:00.000000,1,0,0,0,1,905.0,1
203812___364779,cloudbeds,2026-07-19T00:00:00.000000,1,0,0,0,1,444.0,1
203812___364779,cloudbeds,2026-07-20T00:00:00.000000,1,0,0,0,1,326.0,1
203812___364779,cloudbeds,2026-07-21T00:00:00.000000,1,0,0,0,1,326.0,1
203812___364779,cloudbeds,2026-07-22T00:00:00.000000,1,0,0,0,1,326.0,1
203812___364779,cloudbeds,2026-07-23T00:00:00.000000,1,0,0,0,1,385.0,1
203812___364779,cloudbeds,2026-07-24T00:00:00.000000,1,0,0,0,1,793.0,1
203812___364779,cloudbeds,2026-07-25T00:00:00.000000,1,0,0,0,1,793.0,1
203812___364779,cloudbeds,2026-07-26T00:00:00.000000,1,0,0,0,1,385.0,1
203812___364779,cloudbeds,2026-07-27T00:00:00.000000,1,0,0,0,1,372.0,1
203812___364779,cloudbeds,2026-07-28T00:00:00.000000,1,0,0,0,1,372.0,1
203812___364779,cloudbeds,2026-07-29T00:00:00.000000,1,0,0,0,1,372.0,1
203812___364779,cloudbeds,2026-07-30T00:00:00.000000,1,0,0,0,1,385.0,1
203812___364779,cloudbeds,2026-07-31T00:00:00.000000,1,0,0,0,1,793.0,1
203812___364779,cloudbeds,2026-08-01T00:00:00.000000,1,0,0,0,1,793.0,1
203812___364779,cloudbeds,2026-08-02T00:00:00.000000,1,0,0,0,1,385.0,1
203812___364779,cloudbeds,2026-08-03T00:00:00.000000,1,0,0,0,1,326.0,1
203812___364779,cloudbeds,2026-08-04T00:00:00.000000,1,0,0,0,1,326.0,1
203812___364779,cloudbeds,2026-08-05T00:00:00.000000,1,0,0,0,1,344.0,1
203812___364779,cloudbeds,2026-08-06T00:00:00.000000,1,0,0,0,1,406.0,1
203812___364779,cloudbeds,2026-08-07T00:00:00.000000,1,0,0,0,1,648.0,1
203812___364779,cloudbeds,2026-08-08T00:00:00.000000,1,0,0,0,1,648.0,1
203812___364779,cloudbeds,2026-08-09T00:00:00.000000,1,0,0,0,1,406.0,1
203812___364779,cloudbeds,2026-08-10T00:00:00.000000,1,0,0,0,1,392.0,1
203812___364779,cloudbeds,2026-08-11T00:00:00.000000,1,0,0,0,1,392.0,1
203812___364779,cloudbeds,2026-08-12T00:00:00.000000,1,0,0,0,1,392.0,1
203812___364779,cloudbeds,2026-08-13T00:00:00.000000,1,0,0,0,1,468.0,1
203812___364779,cloudbeds,2026-08-14T00:00:00.000000,1,0,0,0,1,648.0,1
203812___364779,cloudbeds,2026-08-15T00:00:00.000000,1,0,0,0,1,648.0,1
203812___364779,cloudbeds,2026-08-16T00:00:00.000000,1,0,0,0,1,468.0,1
203812___364779,cloudbeds,2026-08-17T00:00:00.000000,1,0,0,0,1,392.0,1
203812___364779,cloudbeds,2026-08-18T00:00:00.000000,1,0,0,0,1,392.0,1
203812___364779,cloudbeds,2026-08-19T00:00:00.000000,1,0,0,0,1,392.0,1
203812___364779,cloudbeds,2026-08-20T00:00:00.000000,1,0,0,0,1,406.0,1
203812___364779,cloudbeds,2026-08-21T00:00:00.000000,1,0,0,0,1,953.0,1
203812___364779,cloudbeds,2026-08-22T00:00:00.000000,1,0,0,0,1,953.0,1
203812___364779,cloudbeds,2026-08-23T00:00:00.000000,1,0,0,0,1,406.0,1
203812___364779,cloudbeds,2026-08-24T00:00:00.000000,1,0,0,0,1,392.0,1
203812___364779,cloudbeds,2026-08-25T00:00:00.000000,1,0,0,0,1,392.0,1
203812___364779,cloudbeds,2026-08-26T00:00:00.000000,1,0,0,0,1,392.0,1
203812___364779,cloudbeds,2026-08-27T00:00:00.000000,1,0,0,0,1,406.0,1
203812___364779,cloudbeds,2026-08-28T00:00:00.000000,1,0,0,0,1,953.0,1
203812___364779,cloudbeds,2026-08-29T00:00:00.000000,1,0,0,0,1,953.0,1
203812___364779,cloudbeds,2026-08-30T00:00:00.000000,1,0,0,0,1,406.0,1
203812___364779,cloudbeds,2026-08-31T00:00:00.000000,1,0,0,0,1,392.0,1
203812___364779,cloudbeds,2026-09-01T00:00:00.000000,1,0,0,0,1,392.0,1
203812___364779,cloudbeds,2026-09-02T00:00:00.000000,1,0,0,0,1,392.0,1
203812___364779,cloudbeds,2026-09-03T00:00:00.000000,1,0,0,0,1,562.0,1
203812___364779,cloudbeds,2026-09-04T00:00:00.000000,1,0,0,0,1,1119.0,1
203812___364779,cloudbeds,2026-09-05T00:00:00.000000,1,0,0,0,1,1119.0,1
203812___364779,cloudbeds,2026-09-06T00:00:00.000000,1,0,0,0,1,618.0,1
203812___364779,cloudbeds,2026-09-07T00:00:00.000000,1,0,0,0,1,512.0,1
203812___364779,cloudbeds,2026-09-08T00:00:00.000000,1,0,0,0,1,499.0,1
203812___364779,cloudbeds,2026-09-09T00:00:00.000000,1,0,0,0,1,499.0,1
203812___364779,cloudbeds,2026-09-10T00:00:00.000000,1,0,0,0,1,562.0,1
203812___364779,cloudbeds,2026-09-11T00:00:00.000000,1,0,0,0,1,913.0,1
203812___364779,cloudbeds,2026-09-12T00:00:00.000000,1,0,0,0,1,913.0,1
203812___364779,cloudbeds,2026-09-13T00:00:00.000000,1,0,0,0,1,562.0,1
203812___364779,cloudbeds,2026-09-14T00:00:00.000000,1,0,0,0,1,499.0,1
203812___364779,cloudbeds,2026-09-15T00:00:00.000000,1,0,0,0,1,499.0,1
203812___364779,cloudbeds,2026-09-16T00:00:00.000000,1,0,0,0,1,499.0,1
203812___364779,cloudbeds,2026-09-17T00:00:00.000000,1,0,0,0,1,604.0,1
203812___364779,cloudbeds,2026-09-18T00:00:00.000000,1,0,0,0,1,913.0,1
203812___364779,cloudbeds,2026-09-19T00:00:00.000000,1,0,0,0,1,913.0,1
203812___364779,cloudbeds,2026-09-20T00:00:00.000000,1,0,0,0,1,604.0,1
203812___364779,cloudbeds,2026-09-21T00:00:00.000000,1,0,0,0,1,392.0,1
203812___364779,cloudbeds,2026-09-22T00:00:00.000000,1,0,0,0,1,392.0,1
203812___364779,cloudbeds,2026-09-23T00:00:00.000000,1,0,0,0,1,392.0,1
203812___364779,cloudbeds,2026-09-24T00:00:00.000000,1,0,0,0,1,562.0,1
203812___364779,cloudbeds,2026-09-25T00:00:00.000000,1,0,0,0,1,954.0,1
203812___364779,cloudbeds,2026-09-26T00:00:00.000000,1,0,0,0,1,954.0,1
203812___364779,cloudbeds,2026-09-27T00:00:00.000000,1,0,0,0,1,562.0,1
203812___364779,cloudbeds,2026-09-28T00:00:00.000000,1,0,0,0,1,499.0,1
203812___364779,cloudbeds,2026-09-29T00:00:00.000000,1,0,0,0,1,499.0,1
203812___364779,cloudbeds,2026-09-30T00:00:00.000000,1,0,0,0,1,499.0,1
203812___364779,cloudbeds,2026-10-01T00:00:00.000000,1,0,0,0,1,604.0,1
203812___364779,cloudbeds,2026-10-02T00:00:00.000000,1,0,0,0,1,954.0,1
203812___364779,cloudbeds,2026-10-03T00:00:00.000000,1,0,0,0,1,954.0,1
203812___364779,cloudbeds,2026-10-04T00:00:00.000000,1,0,0,0,1,604.0,1
203812___364779,cloudbeds,2026-10-05T00:00:00.000000,1,0,0,0,1,499.0,1
203812___364779,cloudbeds,2026-10-06T00:00:00.000000,1,0,0,0,1,499.0,1
203812___364779,cloudbeds,2026-10-07T00:00:00.000000,1,0,0,0,1,499.0,1
203812___364779,cloudbeds,2026-10-08T00:00:00.000000,1,0,0,0,1,604.0,1
203812___364779,cloudbeds,2026-10-09T00:00:00.000000,1,0,0,0,1,1054.0,1
203812___364779,cloudbeds,2026-10-10T00:00:00.000000,1,0,0,0,1,1054.0,1
203812___364779,cloudbeds,2026-10-11T00:00:00.000000,1,0,0,0,1,664.0,1
203812___364779,cloudbeds,2026-10-12T00:00:00.000000,1,0,0,0,1,596.0,1
203812___364779,cloudbeds,2026-10-13T00:00:00.000000,1,0,0,0,1,499.0,1
203812___364779,cloudbeds,2026-10-14T00:00:00.000000,1,0,0,0,1,499.0,1
203812___364779,cloudbeds,2026-10-15T00:00:00.000000,1,0,0,0,1,726.0,1
203812___364779,cloudbeds,2026-10-16T00:00:00.000000,1,0,0,0,1,954.0,1
203812___364779,cloudbeds,2026-10-17T00:00:00.000000,1,0,0,0,1,954.0,1
203812___364779,cloudbeds,2026-10-18T00:00:00.000000,1,0,0,0,1,726.0,1
203812___364779,cloudbeds,2026-10-19T00:00:00.000000,1,0,0,0,1,604.0,1
203812___364779,cloudbeds,2026-10-20T00:00:00.000000,1,0,0,0,1,604.0,1
203812___364779,cloudbeds,2026-10-21T00:00:00.000000,1,0,0,0,1,604.0,1
203812___364779,cloudbeds,2026-10-22T00:00:00.000000,1,0,0,0,1,726.0,1
203812___364779,cloudbeds,2026-10-23T00:00:00.000000,1,0,0,0,1,954.0,1
203812___364779,cloudbeds,2026-10-24T00:00:00.000000,1,0,0,0,1,954.0,1
203812___364779,cloudbeds,2026-10-25T00:00:00.000000,1,0,0,0,1,726.0,1
203812___364779,cloudbeds,2026-10-26T00:00:00.000000,1,0,0,0,1,499.0,1
203812___364779,cloudbeds,2026-10-27T00:00:00.000000,1,0,0,0,1,499.0,1
203812___364779,cloudbeds,2026-10-28T00:00:00.000000,1,0,0,0,1,499.0,1
203812___364779,cloudbeds,2026-10-29T00:00:00.000000,1,0,0,0,1,726.0,1
203812___364779,cloudbeds,2026-10-30T00:00:00.000000,1,0,0,0,1,954.0,1
203812___364779,cloudbeds,2026-10-31T00:00:00.000000,1,0,0,0,1,954.0,1
203812___364779,cloudbeds,2026-11-01T00:00:00.000000,1,0,0,0,1,726.0,1
203812___364779,cloudbeds,2026-11-02T00:00:00.000000,1,0,0,0,1,499.0,1
203812___364779,cloudbeds,2026-11-03T00:00:00.000000,1,0,0,0,1,499.0,1
203812___364779,cloudbeds,2026-11-04T00:00:00.000000,1,0,0,0,1,499.0,1
203812___364779,cloudbeds,2026-11-05T00:00:00.000000,1,0,0,0,1,604.0,1
203812___364779,cloudbeds,2026-11-06T00:00:00.000000,1,0,0,0,1,954.0,1
203812___364779,cloudbeds,2026-11-07T00:00:00.000000,1,0,0,0,1,954.0,1
203812___364779,cloudbeds,2026-11-08T00:00:00.000000,1,0,0,0,1,604.0,1
203812___364779,cloudbeds,2026-11-09T00:00:00.000000,1,0,0,0,1,392.0,1
203812___364779,cloudbeds,2026-11-10T00:00:00.000000,1,0,0,0,1,392.0,1
203812___364779,cloudbeds,2026-11-11T00:00:00.000000,1,0,0,0,1,392.0,1
203812___364779,cloudbeds,2026-11-12T00:00:00.000000,1,0,0,0,1,604.0,1
203812___364779,cloudbeds,2026-11-13T00:00:00.000000,1,0,0,0,1,954.0,1
203812___364779,cloudbeds,2026-11-14T00:00:00.000000,1,0,0,0,1,954.0,1
203812___364779,cloudbeds,2026-11-15T00:00:00.000000,1,0,0,0,1,604.0,1
203812___364779,cloudbeds,2026-11-16T00:00:00.000000,1,0,0,0,1,499.0,1
203812___364779,cloudbeds,2026-11-17T00:00:00.000000,1,0,0,0,1,499.0,1
203812___364779,cloudbeds,2026-11-18T00:00:00.000000,1,0,0,0,1,499.0,1
203812___364779,cloudbeds,2026-11-19T00:00:00.000000,1,0,0,0,1,604.0,1
203812___364779,cloudbeds,2026-11-20T00:00:00.000000,1,0,0,0,1,861.0,1
203812___364779,cloudbeds,2026-11-21T00:00:00.000000,1,0,0,0,1,861.0,1
203812___364779,cloudbeds,2026-11-22T00:00:00.000000,1,0,0,0,1,604.0,1
203812___364779,cloudbeds,2026-11-23T00:00:00.000000,1,0,0,0,1,604.0,1
203812___364779,cloudbeds,2026-11-24T00:00:00.000000,1,0,0,0,1,604.0,1
203812___364779,cloudbeds,2026-11-25T00:00:00.000000,1,0,0,0,1,604.0,1
203812___364779,cloudbeds,2026-11-26T00:00:00.000000,1,0,0,0,1,760.0,1
203812___364779,cloudbeds,2026-11-27T00:00:00.000000,1,0,0,0,1,861.0,1
203812___364779,cloudbeds,2026-11-28T00:00:00.000000,1,0,0,0,1,861.0,1
203812___364779,cloudbeds,2026-11-29T00:00:00.000000,1,0,0,0,1,604.0,1
203812___364779,cloudbeds,2026-11-30T00:00:00.000000,1,0,0,0,1,392.0,1
203812___364779,cloudbeds,2026-12-01T00:00:00.000000,1,0,0,0,1,392.0,1
203812___364779,cloudbeds,2026-12-02T00:00:00.000000,1,0,0,0,1,392.0,1
203812___364779,cloudbeds,2026-12-03T00:00:00.000000,1,0,0,0,1,468.0,1
203812___364779,cloudbeds,2026-12-04T00:00:00.000000,1,0,0,0,1,760.0,1
203812___364779,cloudbeds,2026-12-05T00:00:00.000000,1,0,0,0,1,760.0,1
203812___364779,cloudbeds,2026-12-06T00:00:00.000000,1,0,0,0,1,468.0,1
203812___364779,cloudbeds,2026-12-07T00:00:00.000000,1,0,0,0,1,392.0,1
203812___364779,cloudbeds,2026-12-08T00:00:00.000000,1,0,0,0,1,392.0,1
203812___364779,cloudbeds,2026-12-09T00:00:00.000000,1,0,0,0,1,392.0,1
203812___364779,cloudbeds,2026-12-10T00:00:00.000000,1,0,0,0,1,468.0,1
203812___364779,cloudbeds,2026-12-11T00:00:00.000000,1,0,0,0,1,760.0,1
203812___364779,cloudbeds,2026-12-12T00:00:00.000000,1,0,0,0,1,760.0,1
203812___364779,cloudbeds,2026-12-13T00:00:00.000000,1,0,0,0,1,468.0,1
203812___364779,cloudbeds,2026-12-14T00:00:00.000000,1,0,0,0,1,392.0,1
203812___364779,cloudbeds,2026-12-15T00:00:00.000000,1,0,0,0,1,392.0,1
203812___364779,cloudbeds,2026-12-16T00:00:00.000000,1,0,0,0,1,392.0,1
203812___364779,cloudbeds,2026-12-17T00:00:00.000000,1,0,0,0,1,468.0,1
203812___364779,cloudbeds,2026-12-18T00:00:00.000000,1,0,0,0,1,795.0,1
203812___364779,cloudbeds,2026-12-19T00:00:00.000000,1,0,0,0,1,795.0,1
203812___364779,cloudbeds,2026-12-20T00:00:00.000000,1,0,0,0,1,562.0,1
203812___364779,cloudbeds,2026-12-21T00:00:00.000000,1,0,0,0,1,512.0,1
203812___364779,cloudbeds,2026-12-22T00:00:00.000000,1,0,0,0,1,512.0,1
203812___364779,cloudbeds,2026-12-23T00:00:00.000000,1,0,0,0,1,604.0,1
203812___364779,cloudbeds,2026-12-24T00:00:00.000000,1,0,0,0,1,604.0,1
203812___364779,cloudbeds,2026-12-25T00:00:00.000000,1,0,0,0,1,1114.0,1
203812___364779,cloudbeds,2026-12-26T00:00:00.000000,1,0,0,0,1,1114.0,1
203812___364779,cloudbeds,2026-12-27T00:00:00.000000,1,0,0,0,1,604.0,1
203812___364779,cloudbeds,2026-12-28T00:00:00.000000,1,0,0,0,1,392.0,1
203812___364779,cloudbeds,2026-12-29T00:00:00.000000,1,0,0,0,1,392.0,1
203812___364779,cloudbeds,2026-12-30T00:00:00.000000,1,0,0,0,1,1291.0,1
203812___364779,cloudbeds,2026-12-31T00:00:00.000000,1,0,0,0,1,1291.0,1
203812___364779,cloudbeds,2027-01-01T00:00:00.000000,1,0,0,0,1,760.0,1
203812___364779,cloudbeds,2027-01-02T00:00:00.000000,1,0,0,0,1,760.0,1
203812___364779,cloudbeds,2027-01-03T00:00:00.000000,1,0,0,0,1,468.0,1
203812___364780,cloudbeds,2026-02-04T00:00:00.000000,1,0,0,0,1,208.0,1
203812___364780,cloudbeds,2026-02-05T00:00:00.000000,1,1,0,0,1,269.0,0
203812___364780,cloudbeds,2026-02-06T00:00:00.000000,1,1,0,0,1,504.0,0
203812___364780,cloudbeds,2026-02-07T00:00:00.000000,1,1,0,0,1,504.0,0
203812___364780,cloudbeds,2026-02-08T00:00:00.000000,1,1,0,0,1,269.0,0
203812___364780,cloudbeds,2026-02-09T00:00:00.000000,1,1,0,0,1,208.0,0
203812___364780,cloudbeds,2026-02-10T00:00:00.000000,1,1,0,0,1,208.0,0
203812___364780,cloudbeds,2026-02-11T00:00:00.000000,1,0,0,0,1,229.0,1
203812___364780,cloudbeds,2026-02-12T00:00:00.000000,1,1,0,0,1,316.0,0
203812___364780,cloudbeds,2026-02-13T00:00:00.000000,1,0,0,0,1,1040.0,1
203812___364780,cloudbeds,2026-02-14T00:00:00.000000,1,1,0,0,1,1387.0,0
203812___364780,cloudbeds,2026-02-15T00:00:00.000000,1,1,0,0,1,441.0,0
203812___364780,cloudbeds,2026-02-16T00:00:00.000000,1,0,0,0,1,208.0,1
203812___364780,cloudbeds,2026-02-17T00:00:00.000000,1,1,0,0,1,189.0,0
203812___364780,cloudbeds,2026-02-18T00:00:00.000000,1,1,0,0,1,189.0,0
203812___364780,cloudbeds,2026-02-19T00:00:00.000000,1,1,0,0,1,207.0,0
203812___364780,cloudbeds,2026-02-20T00:00:00.000000,1,1,0,0,1,630.0,0
203812___364780,cloudbeds,2026-02-21T00:00:00.000000,1,1,0,0,1,630.0,0
203812___364780,cloudbeds,2026-02-22T00:00:00.000000,1,0,0,0,1,370.0,1
203812___364780,cloudbeds,2026-02-23T00:00:00.000000,1,1,0,0,1,309.0,0
203812___364780,cloudbeds,2026-02-24T00:00:00.000000,1,1,0,0,1,309.0,0
203812___364780,cloudbeds,2026-02-25T00:00:00.000000,1,0,0,0,1,201.0,1
203812___364780,cloudbeds,2026-02-26T00:00:00.000000,1,0,0,0,1,316.0,1
203812___364780,cloudbeds,2026-02-27T00:00:00.000000,1,0,0,0,1,630.0,1
203812___364780,cloudbeds,2026-02-28T00:00:00.000000,1,1,0,0,1,900.0,0
203812___364780,cloudbeds,2026-03-01T00:00:00.000000,1,1,0,0,1,421.0,0
203812___364780,cloudbeds,2026-03-02T00:00:00.000000,1,1,0,0,1,353.0,0
203812___364780,cloudbeds,2026-03-03T00:00:00.000000,1,0,0,0,1,353.0,1
203812___364780,cloudbeds,2026-03-04T00:00:00.000000,1,0,0,0,1,353.0,1
203812___364780,cloudbeds,2026-03-05T00:00:00.000000,1,0,0,0,1,421.0,1
203812___364780,cloudbeds,2026-03-06T00:00:00.000000,1,0,0,0,1,900.0,1
203812___364780,cloudbeds,2026-03-07T00:00:00.000000,1,0,0,0,1,900.0,1
203812___364780,cloudbeds,2026-03-08T00:00:00.000000,1,0,0,0,1,421.0,1
203812___364780,cloudbeds,2026-03-09T00:00:00.000000,1,1,0,0,1,353.0,0
203812___364780,cloudbeds,2026-03-10T00:00:00.000000,1,1,0,0,1,353.0,0
203812___364780,cloudbeds,2026-03-11T00:00:00.000000,1,1,0,0,1,353.0,0
203812___364780,cloudbeds,2026-03-12T00:00:00.000000,1,1,0,0,1,421.0,0
203812___364780,cloudbeds,2026-03-13T00:00:00.000000,1,1,0,0,1,1103.0,0
203812___364780,cloudbeds,2026-03-14T00:00:00.000000,1,1,0,0,1,1103.0,0
203812___364780,cloudbeds,2026-03-15T00:00:00.000000,1,0,0,0,1,540.0,1
203812___364780,cloudbeds,2026-03-16T00:00:00.000000,1,0,0,0,1,450.0,1
203812___364780,cloudbeds,2026-03-17T00:00:00.000000,1,0,0,0,1,450.0,1
203812___364780,cloudbeds,2026-03-18T00:00:00.000000,1,0,0,0,1,450.0,1
203812___364780,cloudbeds,2026-03-19T00:00:00.000000,1,1,0,0,1,544.0,0
203812___364780,cloudbeds,2026-03-20T00:00:00.000000,1,1,0,0,1,1103.0,0
203812___364780,cloudbeds,2026-03-21T00:00:00.000000,1,1,0,0,1,1103.0,0
203812___364780,cloudbeds,2026-03-22T00:00:00.000000,1,0,0,0,1,465.0,1
203812___364780,cloudbeds,2026-03-23T00:00:00.000000,1,0,0,0,1,388.0,1
203812___364780,cloudbeds,2026-03-24T00:00:00.000000,1,1,0,0,1,353.0,0
203812___364780,cloudbeds,2026-03-25T00:00:00.000000,1,1,0,0,1,353.0,0
203812___364780,cloudbeds,2026-03-26T00:00:00.000000,1,1,0,0,1,544.0,0
203812___364780,cloudbeds,2026-03-27T00:00:00.000000,1,0,0,0,1,913.0,1
203812___364780,cloudbeds,2026-03-28T00:00:00.000000,1,0,0,0,1,913.0,1
203812___364780,cloudbeds,2026-03-29T00:00:00.000000,1,0,0,0,1,544.0,1
203812___364780,cloudbeds,2026-03-30T00:00:00.000000,1,0,0,0,1,353.0,1
203812___364780,cloudbeds,2026-03-31T00:00:00.000000,1,0,0,0,1,353.0,1
203812___364780,cloudbeds,2026-04-01T00:00:00.000000,1,0,0,0,1,353.0,1
203812___364780,cloudbeds,2026-04-02T00:00:00.000000,1,0,0,0,1,544.0,1
203812___364780,cloudbeds,2026-04-03T00:00:00.000000,1,0,0,0,1,913.0,1
203812___364780,cloudbeds,2026-04-04T00:00:00.000000,1,0,0,0,1,913.0,1
203812___364780,cloudbeds,2026-04-05T00:00:00.000000,1,0,0,0,1,544.0,1
203812___364780,cloudbeds,2026-04-06T00:00:00.000000,1,0,0,0,1,353.0,1
203812___364780,cloudbeds,2026-04-07T00:00:00.000000,1,0,0,0,1,353.0,1
203812___364780,cloudbeds,2026-04-08T00:00:00.000000,1,0,0,0,1,353.0,1
203812___364780,cloudbeds,2026-04-09T00:00:00.000000,1,0,0,0,1,365.0,1
203812___364780,cloudbeds,2026-04-10T00:00:00.000000,1,0,0,0,1,913.0,1
203812___364780,cloudbeds,2026-04-11T00:00:00.000000,1,0,0,0,1,913.0,1
203812___364780,cloudbeds,2026-04-12T00:00:00.000000,1,0,0,0,1,365.0,1
203812___364780,cloudbeds,2026-04-13T00:00:00.000000,1,0,0,0,1,353.0,1
203812___364780,cloudbeds,2026-04-14T00:00:00.000000,1,0,0,0,1,353.0,1
203812___364780,cloudbeds,2026-04-15T00:00:00.000000,1,0,0,0,1,353.0,1
203812___364780,cloudbeds,2026-04-16T00:00:00.000000,1,0,0,0,1,365.0,1
203812___364780,cloudbeds,2026-04-17T00:00:00.000000,1,0,0,0,1,913.0,1
203812___364780,cloudbeds,2026-04-18T00:00:00.000000,1,0,0,0,1,913.0,1
203812___364780,cloudbeds,2026-04-19T00:00:00.000000,1,0,0,0,1,365.0,1
203812___364780,cloudbeds,2026-04-20T00:00:00.000000,1,0,0,0,1,353.0,1
203812___364780,cloudbeds,2026-04-21T00:00:00.000000,1,0,0,0,1,353.0,1
203812___364780,cloudbeds,2026-04-22T00:00:00.000000,1,0,0,0,1,353.0,1
203812___364780,cloudbeds,2026-04-23T00:00:00.000000,1,0,0,0,1,421.0,1
203812___364780,cloudbeds,2026-04-24T00:00:00.000000,1,0,0,0,1,913.0,1
203812___364780,cloudbeds,2026-04-25T00:00:00.000000,1,0,0,0,1,913.0,1
203812___364780,cloudbeds,2026-04-26T00:00:00.000000,1,0,0,0,1,421.0,1
203812___364780,cloudbeds,2026-04-27T00:00:00.000000,1,0,0,0,1,353.0,1
203812___364780,cloudbeds,2026-04-28T00:00:00.000000,1,0,0,0,1,353.0,1
203812___364780,cloudbeds,2026-04-29T00:00:00.000000,1,0,0,0,1,353.0,1
203812___364780,cloudbeds,2026-04-30T00:00:00.000000,1,0,0,0,1,421.0,1
203812___364780,cloudbeds,2026-05-01T00:00:00.000000,1,0,0,0,1,859.0,1
203812___364780,cloudbeds,2026-05-02T00:00:00.000000,1,0,0,0,1,859.0,1
203812___364780,cloudbeds,2026-05-03T00:00:00.000000,1,0,0,0,1,421.0,1
203812___364780,cloudbeds,2026-05-04T00:00:00.000000,1,0,0,0,1,354.0,1
203812___364780,cloudbeds,2026-05-05T00:00:00.000000,1,0,0,0,1,354.0,1
203812___364780,cloudbeds,2026-05-06T00:00:00.000000,1,0,0,0,1,354.0,1
203812___364780,cloudbeds,2026-05-07T00:00:00.000000,1,0,0,0,1,421.0,1
203812___364780,cloudbeds,2026-05-08T00:00:00.000000,1,0,0,0,1,912.0,1
203812___364780,cloudbeds,2026-05-09T00:00:00.000000,1,0,0,0,1,912.0,1
203812___364780,cloudbeds,2026-05-10T00:00:00.000000,1,0,0,0,1,421.0,1
203812___364780,cloudbeds,2026-05-11T00:00:00.000000,1,0,0,0,1,354.0,1
203812___364780,cloudbeds,2026-05-12T00:00:00.000000,1,0,0,0,1,354.0,1
203812___364780,cloudbeds,2026-05-13T00:00:00.000000,1,0,0,0,1,354.0,1
203812___364780,cloudbeds,2026-05-14T00:00:00.000000,1,0,0,0,1,421.0,1
203812___364780,cloudbeds,2026-05-15T00:00:00.000000,1,0,0,0,1,912.0,1
203812___364780,cloudbeds,2026-05-16T00:00:00.000000,1,0,0,0,1,912.0,1
203812___364780,cloudbeds,2026-05-17T00:00:00.000000,1,0,0,0,1,421.0,1
203812___364780,cloudbeds,2026-05-18T00:00:00.000000,1,0,0,0,1,354.0,1
203812___364780,cloudbeds,2026-05-19T00:00:00.000000,1,0,0,0,1,354.0,1
203812___364780,cloudbeds,2026-05-20T00:00:00.000000,1,0,0,0,1,354.0,1
203812___364780,cloudbeds,2026-05-21T00:00:00.000000,1,0,0,0,1,421.0,1
203812___364780,cloudbeds,2026-05-22T00:00:00.000000,1,0,0,0,1,951.0,1
203812___364780,cloudbeds,2026-05-23T00:00:00.000000,1,0,0,0,1,951.0,1
203812___364780,cloudbeds,2026-05-24T00:00:00.000000,1,0,0,0,1,486.0,1
203812___364780,cloudbeds,2026-05-25T00:00:00.000000,1,1,0,0,1,407.0,0
203812___364780,cloudbeds,2026-05-26T00:00:00.000000,1,1,0,0,1,354.0,0
203812___364780,cloudbeds,2026-05-27T00:00:00.000000,1,0,0,0,1,354.0,1
203812___364780,cloudbeds,2026-05-28T00:00:00.000000,1,0,0,0,1,421.0,1
203812___364780,cloudbeds,2026-05-29T00:00:00.000000,1,0,0,0,1,859.0,1
203812___364780,cloudbeds,2026-05-30T00:00:00.000000,1,0,0,0,1,859.0,1
203812___364780,cloudbeds,2026-05-31T00:00:00.000000,1,0,0,0,1,421.0,1
203812___364780,cloudbeds,2026-06-01T00:00:00.000000,1,0,0,0,1,353.0,1
203812___364780,cloudbeds,2026-06-02T00:00:00.000000,1,0,0,0,1,353.0,1
203812___364780,cloudbeds,2026-06-03T00:00:00.000000,1,0,0,0,1,353.0,1
203812___364780,cloudbeds,2026-06-04T00:00:00.000000,1,0,0,0,1,421.0,1
203812___364780,cloudbeds,2026-06-05T00:00:00.000000,1,0,0,0,1,859.0,1
203812___364780,cloudbeds,2026-06-06T00:00:00.000000,1,0,0,0,1,859.0,1
203812___364780,cloudbeds,2026-06-07T00:00:00.000000,1,0,0,0,1,421.0,1
203812___364780,cloudbeds,2026-06-08T00:00:00.000000,1,0,0,0,1,353.0,1
203812___364780,cloudbeds,2026-06-09T00:00:00.000000,1,0,0,0,1,353.0,1
203812___364780,cloudbeds,2026-06-10T00:00:00.000000,1,0,0,0,1,353.0,1
203812___364780,cloudbeds,2026-06-11T00:00:00.000000,1,0,0,0,1,544.0,1
203812___364780,cloudbeds,2026-06-12T00:00:00.000000,1,0,0,0,1,859.0,1
203812___364780,cloudbeds,2026-06-13T00:00:00.000000,1,0,0,0,1,859.0,1
203812___364780,cloudbeds,2026-06-14T00:00:00.000000,1,0,0,0,1,544.0,1
203812___364780,cloudbeds,2026-06-15T00:00:00.000000,1,0,0,0,1,353.0,1
203812___364780,cloudbeds,2026-06-16T00:00:00.000000,1,0,0,0,1,353.0,1
203812___364780,cloudbeds,2026-06-17T00:00:00.000000,1,0,0,0,1,353.0,1
203812___364780,cloudbeds,2026-06-18T00:00:00.000000,1,0,0,0,1,544.0,1
203812___364780,cloudbeds,2026-06-19T00:00:00.000000,1,0,0,0,1,859.0,1
203812___364780,cloudbeds,2026-06-20T00:00:00.000000,1,0,0,0,1,859.0,1
203812___364780,cloudbeds,2026-06-21T00:00:00.000000,1,0,0,0,1,544.0,1
203812___364780,cloudbeds,2026-06-22T00:00:00.000000,1,0,0,0,1,353.0,1
203812___364780,cloudbeds,2026-06-23T00:00:00.000000,1,0,0,0,1,353.0,1
203812___364780,cloudbeds,2026-06-24T00:00:00.000000,1,0,0,0,1,353.0,1
203812___364780,cloudbeds,2026-06-25T00:00:00.000000,1,0,0,0,1,544.0,1
203812___364780,cloudbeds,2026-06-26T00:00:00.000000,1,0,0,0,1,859.0,1
203812___364780,cloudbeds,2026-06-27T00:00:00.000000,1,0,0,0,1,859.0,1
203812___364780,cloudbeds,2026-06-28T00:00:00.000000,1,0,0,0,1,544.0,1
203812___364780,cloudbeds,2026-06-29T00:00:00.000000,1,0,0,0,1,353.0,1
203812___364780,cloudbeds,2026-06-30T00:00:00.000000,1,0,0,0,1,353.0,1
203812___364780,cloudbeds,2026-07-01T00:00:00.000000,1,0,0,0,1,353.0,1
203812___364780,cloudbeds,2026-07-02T00:00:00.000000,1,0,0,0,1,597.0,1
203812___364780,cloudbeds,2026-07-03T00:00:00.000000,1,0,0,0,1,874.0,1
203812___364780,cloudbeds,2026-07-04T00:00:00.000000,1,0,0,0,1,874.0,1
203812___364780,cloudbeds,2026-07-05T00:00:00.000000,1,0,0,0,1,597.0,1
203812___364780,cloudbeds,2026-07-06T00:00:00.000000,1,0,0,0,1,353.0,1
203812___364780,cloudbeds,2026-07-07T00:00:00.000000,1,0,0,0,1,353.0,1
203812___364780,cloudbeds,2026-07-08T00:00:00.000000,1,0,0,0,1,353.0,1
203812___364780,cloudbeds,2026-07-09T00:00:00.000000,1,0,0,0,1,365.0,1
203812___364780,cloudbeds,2026-07-10T00:00:00.000000,1,0,0,0,1,584.0,1
203812___364780,cloudbeds,2026-07-11T00:00:00.000000,1,0,0,0,1,584.0,1
203812___364780,cloudbeds,2026-07-12T00:00:00.000000,1,0,0,0,1,365.0,1
203812___364780,cloudbeds,2026-07-13T00:00:00.000000,1,0,0,0,1,353.0,1
203812___364780,cloudbeds,2026-07-14T00:00:00.000000,1,0,0,0,1,353.0,1
203812___364780,cloudbeds,2026-07-15T00:00:00.000000,1,0,0,0,1,353.0,1
203812___364780,cloudbeds,2026-07-16T00:00:00.000000,1,0,0,0,1,421.0,1
203812___364780,cloudbeds,2026-07-17T00:00:00.000000,1,0,0,0,1,859.0,1
203812___364780,cloudbeds,2026-07-18T00:00:00.000000,1,0,0,0,1,859.0,1
203812___364780,cloudbeds,2026-07-19T00:00:00.000000,1,0,0,0,1,421.0,1
203812___364780,cloudbeds,2026-07-20T00:00:00.000000,1,0,0,0,1,309.0,1
203812___364780,cloudbeds,2026-07-21T00:00:00.000000,1,0,0,0,1,309.0,1
203812___364780,cloudbeds,2026-07-22T00:00:00.000000,1,0,0,0,1,309.0,1
203812___364780,cloudbeds,2026-07-23T00:00:00.000000,1,0,0,0,1,365.0,1
203812___364780,cloudbeds,2026-07-24T00:00:00.000000,1,0,0,0,1,753.0,1
203812___364780,cloudbeds,2026-07-25T00:00:00.000000,1,0,0,0,1,753.0,1
203812___364780,cloudbeds,2026-07-26T00:00:00.000000,1,0,0,0,1,365.0,1
203812___364780,cloudbeds,2026-07-27T00:00:00.000000,1,0,0,0,1,353.0,1
203812___364780,cloudbeds,2026-07-28T00:00:00.000000,1,0,0,0,1,353.0,1
203812___364780,cloudbeds,2026-07-29T00:00:00.000000,1,0,0,0,1,353.0,1
203812___364780,cloudbeds,2026-07-30T00:00:00.000000,1,0,0,0,1,365.0,1
203812___364780,cloudbeds,2026-07-31T00:00:00.000000,1,0,0,0,1,753.0,1
203812___364780,cloudbeds,2026-08-01T00:00:00.000000,1,0,0,0,1,753.0,1
203812___364780,cloudbeds,2026-08-02T00:00:00.000000,1,0,0,0,1,365.0,1
203812___364780,cloudbeds,2026-08-03T00:00:00.000000,1,0,0,0,1,309.0,1
203812___364780,cloudbeds,2026-08-04T00:00:00.000000,1,0,0,0,1,309.0,1
203812___364780,cloudbeds,2026-08-05T00:00:00.000000,1,0,0,0,1,309.0,1
203812___364780,cloudbeds,2026-08-06T00:00:00.000000,1,0,0,0,1,365.0,1
203812___364780,cloudbeds,2026-08-07T00:00:00.000000,1,0,0,0,1,584.0,1
203812___364780,cloudbeds,2026-08-08T00:00:00.000000,1,0,0,0,1,584.0,1
203812___364780,cloudbeds,2026-08-09T00:00:00.000000,1,0,0,0,1,365.0,1
203812___364780,cloudbeds,2026-08-10T00:00:00.000000,1,0,0,0,1,353.0,1
203812___364780,cloudbeds,2026-08-11T00:00:00.000000,1,0,0,0,1,353.0,1
203812___364780,cloudbeds,2026-08-12T00:00:00.000000,1,0,0,0,1,353.0,1
203812___364780,cloudbeds,2026-08-13T00:00:00.000000,1,0,0,0,1,421.0,1
203812___364780,cloudbeds,2026-08-14T00:00:00.000000,1,0,0,0,1,584.0,1
203812___364780,cloudbeds,2026-08-15T00:00:00.000000,1,0,0,0,1,584.0,1
203812___364780,cloudbeds,2026-08-16T00:00:00.000000,1,0,0,0,1,421.0,1
203812___364780,cloudbeds,2026-08-17T00:00:00.000000,1,0,0,0,1,353.0,1
203812___364780,cloudbeds,2026-08-18T00:00:00.000000,1,0,0,0,1,353.0,1
203812___364780,cloudbeds,2026-08-19T00:00:00.000000,1,0,0,0,1,353.0,1
203812___364780,cloudbeds,2026-08-20T00:00:00.000000,1,0,0,0,1,365.0,1
203812___364780,cloudbeds,2026-08-21T00:00:00.000000,1,0,0,0,1,859.0,1
203812___364780,cloudbeds,2026-08-22T00:00:00.000000,1,0,0,0,1,859.0,1
203812___364780,cloudbeds,2026-08-23T00:00:00.000000,1,0,0,0,1,365.0,1
203812___364780,cloudbeds,2026-08-24T00:00:00.000000,1,0,0,0,1,353.0,1
203812___364780,cloudbeds,2026-08-25T00:00:00.000000,1,0,0,0,1,353.0,1
203812___364780,cloudbeds,2026-08-26T00:00:00.000000,1,0,0,0,1,353.0,1
203812___364780,cloudbeds,2026-08-27T00:00:00.000000,1,0,0,0,1,365.0,1
203812___364780,cloudbeds,2026-08-28T00:00:00.000000,1,0,0,0,1,859.0,1
203812___364780,cloudbeds,2026-08-29T00:00:00.000000,1,0,0,0,1,859.0,1
203812___364780,cloudbeds,2026-08-30T00:00:00.000000,1,0,0,0,1,365.0,1
203812___364780,cloudbeds,2026-08-31T00:00:00.000000,1,0,0,0,1,353.0,1
203812___364780,cloudbeds,2026-09-01T00:00:00.000000,1,0,0,0,1,353.0,1
203812___364780,cloudbeds,2026-09-02T00:00:00.000000,1,0,0,0,1,353.0,1
203812___364780,cloudbeds,2026-09-03T00:00:00.000000,1,0,0,0,1,506.0,1
203812___364780,cloudbeds,2026-09-04T00:00:00.000000,1,0,0,0,1,1009.0,1
203812___364780,cloudbeds,2026-09-05T00:00:00.000000,1,0,0,0,1,1009.0,1
203812___364780,cloudbeds,2026-09-06T00:00:00.000000,1,0,0,0,1,557.0,1
203812___364780,cloudbeds,2026-09-07T00:00:00.000000,1,0,0,0,1,461.0,1
203812___364780,cloudbeds,2026-09-08T00:00:00.000000,1,0,0,0,1,450.0,1
203812___364780,cloudbeds,2026-09-09T00:00:00.000000,1,0,0,0,1,450.0,1
203812___364780,cloudbeds,2026-09-10T00:00:00.000000,1,0,0,0,1,506.0,1
203812___364780,cloudbeds,2026-09-11T00:00:00.000000,1,0,0,0,1,823.0,1
203812___364780,cloudbeds,2026-09-12T00:00:00.000000,1,0,0,0,1,823.0,1
203812___364780,cloudbeds,2026-09-13T00:00:00.000000,1,0,0,0,1,506.0,1
203812___364780,cloudbeds,2026-09-14T00:00:00.000000,1,0,0,0,1,450.0,1
203812___364780,cloudbeds,2026-09-15T00:00:00.000000,1,0,0,0,1,450.0,1
203812___364780,cloudbeds,2026-09-16T00:00:00.000000,1,0,0,0,1,450.0,1
203812___364780,cloudbeds,2026-09-17T00:00:00.000000,1,0,0,0,1,544.0,1
203812___364780,cloudbeds,2026-09-18T00:00:00.000000,1,0,0,0,1,823.0,1
203812___364780,cloudbeds,2026-09-19T00:00:00.000000,1,0,0,0,1,823.0,1
203812___364780,cloudbeds,2026-09-20T00:00:00.000000,1,0,0,0,1,544.0,1
203812___364780,cloudbeds,2026-09-21T00:00:00.000000,1,0,0,0,1,353.0,1
203812___364780,cloudbeds,2026-09-22T00:00:00.000000,1,0,0,0,1,353.0,1
203812___364780,cloudbeds,2026-09-23T00:00:00.000000,1,0,0,0,1,353.0,1
203812___364780,cloudbeds,2026-09-24T00:00:00.000000,1,0,0,0,1,506.0,1
203812___364780,cloudbeds,2026-09-25T00:00:00.000000,1,0,0,0,1,860.0,1
203812___364780,cloudbeds,2026-09-26T00:00:00.000000,1,0,0,0,1,860.0,1
203812___364780,cloudbeds,2026-09-27T00:00:00.000000,1,0,0,0,1,506.0,1
203812___364780,cloudbeds,2026-09-28T00:00:00.000000,1,0,0,0,1,450.0,1
203812___364780,cloudbeds,2026-09-29T00:00:00.000000,1,0,0,0,1,450.0,1
203812___364780,cloudbeds,2026-09-30T00:00:00.000000,1,0,0,0,1,450.0,1
203812___364780,cloudbeds,2026-10-01T00:00:00.000000,1,0,0,0,1,544.0,1
203812___364780,cloudbeds,2026-10-02T00:00:00.000000,1,0,0,0,1,860.0,1
203812___364780,cloudbeds,2026-10-03T00:00:00.000000,1,0,0,0,1,860.0,1
203812___364780,cloudbeds,2026-10-04T00:00:00.000000,1,0,0,0,1,544.0,1
203812___364780,cloudbeds,2026-10-05T00:00:00.000000,1,0,0,0,1,450.0,1
203812___364780,cloudbeds,2026-10-06T00:00:00.000000,1,0,0,0,1,450.0,1
203812___364780,cloudbeds,2026-10-07T00:00:00.000000,1,0,0,0,1,450.0,1
203812___364780,cloudbeds,2026-10-08T00:00:00.000000,1,0,0,0,1,544.0,1
203812___364780,cloudbeds,2026-10-09T00:00:00.000000,1,0,0,0,1,950.0,1
203812___364780,cloudbeds,2026-10-10T00:00:00.000000,1,0,0,0,1,950.0,1
203812___364780,cloudbeds,2026-10-11T00:00:00.000000,1,0,0,0,1,598.0,1
203812___364780,cloudbeds,2026-10-12T00:00:00.000000,1,0,0,0,1,537.0,1
203812___364780,cloudbeds,2026-10-13T00:00:00.000000,1,0,0,0,1,450.0,1
203812___364780,cloudbeds,2026-10-14T00:00:00.000000,1,0,0,0,1,450.0,1
203812___364780,cloudbeds,2026-10-15T00:00:00.000000,1,0,0,0,1,654.0,1
203812___364780,cloudbeds,2026-10-16T00:00:00.000000,1,0,0,0,1,860.0,1
203812___364780,cloudbeds,2026-10-17T00:00:00.000000,1,0,0,0,1,860.0,1
203812___364780,cloudbeds,2026-10-18T00:00:00.000000,1,0,0,0,1,654.0,1
203812___364780,cloudbeds,2026-10-19T00:00:00.000000,1,0,0,0,1,544.0,1
203812___364780,cloudbeds,2026-10-20T00:00:00.000000,1,0,0,0,1,544.0,1
203812___364780,cloudbeds,2026-10-21T00:00:00.000000,1,0,0,0,1,544.0,1
203812___364780,cloudbeds,2026-10-22T00:00:00.000000,1,0,0,0,1,654.0,1
203812___364780,cloudbeds,2026-10-23T00:00:00.000000,1,0,0,0,1,860.0,1
203812___364780,cloudbeds,2026-10-24T00:00:00.000000,1,0,0,0,1,860.0,1
203812___364780,cloudbeds,2026-10-25T00:00:00.000000,1,0,0,0,1,654.0,1
203812___364780,cloudbeds,2026-10-26T00:00:00.000000,1,0,0,0,1,450.0,1
203812___364780,cloudbeds,2026-10-27T00:00:00.000000,1,0,0,0,1,450.0,1
203812___364780,cloudbeds,2026-10-28T00:00:00.000000,1,0,0,0,1,450.0,1
203812___364780,cloudbeds,2026-10-29T00:00:00.000000,1,0,0,0,1,654.0,1
203812___364780,cloudbeds,2026-10-30T00:00:00.000000,1,0,0,0,1,860.0,1
203812___364780,cloudbeds,2026-10-31T00:00:00.000000,1,0,0,0,1,860.0,1
203812___364780,cloudbeds,2026-11-01T00:00:00.000000,1,0,0,0,1,654.0,1
203812___364780,cloudbeds,2026-11-02T00:00:00.000000,1,0,0,0,1,450.0,1
203812___364780,cloudbeds,2026-11-03T00:00:00.000000,1,0,0,0,1,450.0,1
203812___364780,cloudbeds,2026-11-04T00:00:00.000000,1,0,0,0,1,450.0,1
203812___364780,cloudbeds,2026-11-05T00:00:00.000000,1,0,0,0,1,544.0,1
203812___364780,cloudbeds,2026-11-06T00:00:00.000000,1,0,0,0,1,860.0,1
203812___364780,cloudbeds,2026-11-07T00:00:00.000000,1,0,0,0,1,860.0,1
203812___364780,cloudbeds,2026-11-08T00:00:00.000000,1,0,0,0,1,544.0,1
203812___364780,cloudbeds,2026-11-09T00:00:00.000000,1,0,0,0,1,353.0,1
203812___364780,cloudbeds,2026-11-10T00:00:00.000000,1,0,0,0,1,353.0,1
203812___364780,cloudbeds,2026-11-11T00:00:00.000000,1,0,0,0,1,353.0,1
203812___364780,cloudbeds,2026-11-12T00:00:00.000000,1,0,0,0,1,544.0,1
203812___364780,cloudbeds,2026-11-13T00:00:00.000000,1,0,0,0,1,860.0,1
203812___364780,cloudbeds,2026-11-14T00:00:00.000000,1,0,0,0,1,860.0,1
203812___364780,cloudbeds,2026-11-15T00:00:00.000000,1,0,0,0,1,544.0,1
203812___364780,cloudbeds,2026-11-16T00:00:00.000000,1,0,0,0,1,450.0,1
203812___364780,cloudbeds,2026-11-17T00:00:00.000000,1,0,0,0,1,450.0,1
203812___364780,cloudbeds,2026-11-18T00:00:00.000000,1,0,0,0,1,450.0,1
203812___364780,cloudbeds,2026-11-19T00:00:00.000000,1,0,0,0,1,544.0,1
203812___364780,cloudbeds,2026-11-20T00:00:00.000000,1,0,0,0,1,776.0,1
203812___364780,cloudbeds,2026-11-21T00:00:00.000000,1,0,0,0,1,776.0,1
203812___364780,cloudbeds,2026-11-22T00:00:00.000000,1,0,0,0,1,544.0,1
203812___364780,cloudbeds,2026-11-23T00:00:00.000000,1,0,0,0,1,544.0,1
203812___364780,cloudbeds,2026-11-24T00:00:00.000000,1,0,0,0,1,544.0,1
203812___364780,cloudbeds,2026-11-25T00:00:00.000000,1,0,0,0,1,544.0,1
203812___364780,cloudbeds,2026-11-26T00:00:00.000000,1,0,0,0,1,685.0,1
203812___364780,cloudbeds,2026-11-27T00:00:00.000000,1,0,0,0,1,776.0,1
203812___364780,cloudbeds,2026-11-28T00:00:00.000000,1,0,0,0,1,776.0,1
203812___364780,cloudbeds,2026-11-29T00:00:00.000000,1,0,0,0,1,544.0,1
203812___364780,cloudbeds,2026-11-30T00:00:00.000000,1,0,0,0,1,353.0,1
203812___364780,cloudbeds,2026-12-01T00:00:00.000000,1,0,0,0,1,353.0,1
203812___364780,cloudbeds,2026-12-02T00:00:00.000000,1,0,0,0,1,353.0,1
203812___364780,cloudbeds,2026-12-03T00:00:00.000000,1,0,0,0,1,421.0,1
203812___364780,cloudbeds,2026-12-04T00:00:00.000000,1,0,0,0,1,685.0,1
203812___364780,cloudbeds,2026-12-05T00:00:00.000000,1,0,0,0,1,685.0,1
203812___364780,cloudbeds,2026-12-06T00:00:00.000000,1,0,0,0,1,421.0,1
203812___364780,cloudbeds,2026-12-07T00:00:00.000000,1,0,0,0,1,353.0,1
203812___364780,cloudbeds,2026-12-08T00:00:00.000000,1,0,0,0,1,353.0,1
203812___364780,cloudbeds,2026-12-09T00:00:00.000000,1,0,0,0,1,353.0,1
203812___364780,cloudbeds,2026-12-10T00:00:00.000000,1,0,0,0,1,421.0,1
203812___364780,cloudbeds,2026-12-11T00:00:00.000000,1,0,0,0,1,685.0,1
203812___364780,cloudbeds,2026-12-12T00:00:00.000000,1,0,0,0,1,685.0,1
203812___364780,cloudbeds,2026-12-13T00:00:00.000000,1,0,0,0,1,421.0,1
203812___364780,cloudbeds,2026-12-14T00:00:00.000000,1,0,0,0,1,353.0,1
203812___364780,cloudbeds,2026-12-15T00:00:00.000000,1,0,0,0,1,353.0,1
203812___364780,cloudbeds,2026-12-16T00:00:00.000000,1,0,0,0,1,353.0,1
203812___364780,cloudbeds,2026-12-17T00:00:00.000000,1,0,0,0,1,421.0,1
203812___364780,cloudbeds,2026-12-18T00:00:00.000000,1,0,0,0,1,717.0,1
203812___364780,cloudbeds,2026-12-19T00:00:00.000000,1,0,0,0,1,755.0,1
203812___364780,cloudbeds,2026-12-20T00:00:00.000000,1,0,0,0,1,533.0,1
203812___364780,cloudbeds,2026-12-21T00:00:00.000000,1,0,0,0,1,486.0,1
203812___364780,cloudbeds,2026-12-22T00:00:00.000000,1,0,0,0,1,486.0,1
203812___364780,cloudbeds,2026-12-23T00:00:00.000000,1,0,0,0,1,573.0,1
203812___364780,cloudbeds,2026-12-24T00:00:00.000000,1,0,0,0,1,573.0,1
203812___364780,cloudbeds,2026-12-25T00:00:00.000000,1,0,0,0,1,1058.0,1
203812___364780,cloudbeds,2026-12-26T00:00:00.000000,1,0,0,0,1,1058.0,1
203812___364780,cloudbeds,2026-12-27T00:00:00.000000,1,0,0,0,1,573.0,1
203812___364780,cloudbeds,2026-12-28T00:00:00.000000,1,0,0,0,1,372.0,1
203812___364780,cloudbeds,2026-12-29T00:00:00.000000,1,0,0,0,1,372.0,1
203812___364780,cloudbeds,2026-12-30T00:00:00.000000,1,0,0,0,1,1226.0,1
203812___364780,cloudbeds,2026-12-31T00:00:00.000000,1,0,0,0,1,1226.0,1
203812___364780,cloudbeds,2027-01-01T00:00:00.000000,1,0,0,0,1,722.0,1
203812___364780,cloudbeds,2027-01-02T00:00:00.000000,1,0,0,0,1,722.0,1
203812___364780,cloudbeds,2027-01-03T00:00:00.000000,1,0,0,0,1,444.0,1
203812___364781,cloudbeds,2026-02-04T00:00:00.000000,1,0,0,0,1,230.0,1
203812___364781,cloudbeds,2026-02-05T00:00:00.000000,1,1,0,0,1,291.0,0
203812___364781,cloudbeds,2026-02-06T00:00:00.000000,1,1,0,0,1,1004.0,0
203812___364781,cloudbeds,2026-02-07T00:00:00.000000,1,1,0,0,1,1004.0,0
203812___364781,cloudbeds,2026-02-08T00:00:00.000000,1,1,0,0,1,276.0,0
203812___364781,cloudbeds,2026-02-09T00:00:00.000000,1,1,0,0,1,230.0,0
203812___364781,cloudbeds,2026-02-10T00:00:00.000000,1,1,0,0,1,230.0,0
203812___364781,cloudbeds,2026-02-11T00:00:00.000000,1,1,0,0,1,265.0,0
203812___364781,cloudbeds,2026-02-12T00:00:00.000000,1,1,0,0,1,380.0,0
203812___364781,cloudbeds,2026-02-13T00:00:00.000000,1,1,0,0,1,972.0,0
203812___364781,cloudbeds,2026-02-14T00:00:00.000000,1,1,0,0,1,1215.0,0
203812___364781,cloudbeds,2026-02-15T00:00:00.000000,1,1,0,0,1,403.0,0
203812___364781,cloudbeds,2026-02-16T00:00:00.000000,1,0,0,0,1,230.0,1
203812___364781,cloudbeds,2026-02-17T00:00:00.000000,1,1,0,0,1,317.0,0
203812___364781,cloudbeds,2026-02-18T00:00:00.000000,1,1,0,0,1,265.0,0
203812___364781,cloudbeds,2026-02-19T00:00:00.000000,1,0,0,0,1,291.0,1
203812___364781,cloudbeds,2026-02-20T00:00:00.000000,1,1,0,0,1,753.0,0
203812___364781,cloudbeds,2026-02-21T00:00:00.000000,1,1,0,0,1,753.0,0
203812___364781,cloudbeds,2026-02-22T00:00:00.000000,1,1,0,0,1,479.0,0
203812___364781,cloudbeds,2026-02-23T00:00:00.000000,1,1,0,0,1,353.0,0
203812___364781,cloudbeds,2026-02-24T00:00:00.000000,1,1,0,0,1,353.0,0
203812___364781,cloudbeds,2026-02-25T00:00:00.000000,1,1,0,0,1,353.0,0
203812___364781,cloudbeds,2026-02-26T00:00:00.000000,1,0,0,0,1,380.0,1
203812___364781,cloudbeds,2026-02-27T00:00:00.000000,1,0,0,0,1,753.0,1
203812___364781,cloudbeds,2026-02-28T00:00:00.000000,1,0,0,0,1,753.0,1
203812___364781,cloudbeds,2026-03-01T00:00:00.000000,1,1,0,0,1,506.0,0
203812___364781,cloudbeds,2026-03-02T00:00:00.000000,1,1,0,0,1,428.0,0
203812___364781,cloudbeds,2026-03-03T00:00:00.000000,1,1,0,0,1,428.0,0
203812___364781,cloudbeds,2026-03-04T00:00:00.000000,1,1,0,0,1,428.0,0
203812___364781,cloudbeds,2026-03-05T00:00:00.000000,1,1,0,0,1,506.0,0
203812___364781,cloudbeds,2026-03-06T00:00:00.000000,1,1,0,0,1,1004.0,0
203812___364781,cloudbeds,2026-03-07T00:00:00.000000,1,1,0,0,1,1004.0,0
203812___364781,cloudbeds,2026-03-08T00:00:00.000000,1,0,0,0,1,506.0,1
203812___364781,cloudbeds,2026-03-09T00:00:00.000000,1,0,0,0,1,471.0,1
203812___364781,cloudbeds,2026-03-10T00:00:00.000000,1,1,0,0,1,428.0,0
203812___364781,cloudbeds,2026-03-11T00:00:00.000000,1,1,0,0,1,428.0,0
203812___364781,cloudbeds,2026-03-12T00:00:00.000000,1,0,0,0,1,506.0,1
203812___364781,cloudbeds,2026-03-13T00:00:00.000000,1,0,0,0,1,1290.0,1
203812___364781,cloudbeds,2026-03-14T00:00:00.000000,1,0,0,0,1,1290.0,1
203812___364781,cloudbeds,2026-03-15T00:00:00.000000,1,0,0,0,1,763.0,1
203812___364781,cloudbeds,2026-03-16T00:00:00.000000,1,0,0,0,1,506.0,1
203812___364781,cloudbeds,2026-03-17T00:00:00.000000,1,1,0,0,1,506.0,0
203812___364781,cloudbeds,2026-03-18T00:00:00.000000,1,1,0,0,1,506.0,0
203812___364781,cloudbeds,2026-03-19T00:00:00.000000,1,1,0,0,1,639.0,0
203812___364781,cloudbeds,2026-03-20T00:00:00.000000,1,0,0,0,1,1290.0,1
203812___364781,cloudbeds,2026-03-21T00:00:00.000000,1,0,0,0,1,1290.0,1
203812___364781,cloudbeds,2026-03-22T00:00:00.000000,1,0,0,0,1,703.0,1
203812___364781,cloudbeds,2026-03-23T00:00:00.000000,1,0,0,0,1,471.0,1
203812___364781,cloudbeds,2026-03-24T00:00:00.000000,1,0,0,0,1,471.0,1
203812___364781,cloudbeds,2026-03-25T00:00:00.000000,1,0,0,0,1,471.0,1
203812___364781,cloudbeds,2026-03-26T00:00:00.000000,1,0,0,0,1,703.0,1
203812___364781,cloudbeds,2026-03-27T00:00:00.000000,1,0,0,0,1,1066.0,1
203812___364781,cloudbeds,2026-03-28T00:00:00.000000,1,0,0,0,1,1066.0,1
203812___364781,cloudbeds,2026-03-29T00:00:00.000000,1,0,0,0,1,639.0,1
203812___364781,cloudbeds,2026-03-30T00:00:00.000000,1,0,0,0,1,428.0,1
203812___364781,cloudbeds,2026-03-31T00:00:00.000000,1,0,0,0,1,428.0,1
203812___364781,cloudbeds,2026-04-01T00:00:00.000000,1,0,0,0,1,428.0,1
203812___364781,cloudbeds,2026-04-02T00:00:00.000000,1,0,0,0,1,639.0,1
203812___364781,cloudbeds,2026-04-03T00:00:00.000000,1,0,0,0,1,1066.0,1
203812___364781,cloudbeds,2026-04-04T00:00:00.000000,1,1,0,0,1,1066.0,0
203812___364781,cloudbeds,2026-04-05T00:00:00.000000,1,1,0,0,1,639.0,0
203812___364781,cloudbeds,2026-04-06T00:00:00.000000,1,1,0,0,1,428.0,0
203812___364781,cloudbeds,2026-04-07T00:00:00.000000,1,1,0,0,1,428.0,0
203812___364781,cloudbeds,2026-04-08T00:00:00.000000,1,1,0,0,1,428.0,0
203812___364781,cloudbeds,2026-04-09T00:00:00.000000,1,0,0,0,1,450.0,1
203812___364781,cloudbeds,2026-04-10T00:00:00.000000,1,0,0,0,1,1233.0,1
203812___364781,cloudbeds,2026-04-11T00:00:00.000000,1,0,0,0,1,1233.0,1
203812___364781,cloudbeds,2026-04-12T00:00:00.000000,1,0,0,0,1,450.0,1
203812___364781,cloudbeds,2026-04-13T00:00:00.000000,1,0,0,0,1,418.0,1
203812___364781,cloudbeds,2026-04-14T00:00:00.000000,1,0,0,0,1,418.0,1
203812___364781,cloudbeds,2026-04-15T00:00:00.000000,1,0,0,0,1,418.0,1
203812___364781,cloudbeds,2026-04-16T00:00:00.000000,1,0,0,0,1,450.0,1
203812___364781,cloudbeds,2026-04-17T00:00:00.000000,1,0,0,0,1,1233.0,1
203812___364781,cloudbeds,2026-04-18T00:00:00.000000,1,0,0,0,1,1233.0,1
203812___364781,cloudbeds,2026-04-19T00:00:00.000000,1,0,0,0,1,450.0,1
203812___364781,cloudbeds,2026-04-20T00:00:00.000000,1,0,0,0,1,418.0,1
203812___364781,cloudbeds,2026-04-21T00:00:00.000000,1,0,0,0,1,418.0,1
203812___364781,cloudbeds,2026-04-22T00:00:00.000000,1,0,0,0,1,418.0,1
203812___364781,cloudbeds,2026-04-23T00:00:00.000000,1,0,0,0,1,506.0,1
203812___364781,cloudbeds,2026-04-24T00:00:00.000000,1,0,0,0,1,1233.0,1
203812___364781,cloudbeds,2026-04-25T00:00:00.000000,1,0,0,0,1,1233.0,1
203812___364781,cloudbeds,2026-04-26T00:00:00.000000,1,0,0,0,1,506.0,1
203812___364781,cloudbeds,2026-04-27T00:00:00.000000,1,0,0,0,1,428.0,1
203812___364781,cloudbeds,2026-04-28T00:00:00.000000,1,0,0,0,1,428.0,1
203812___364781,cloudbeds,2026-04-29T00:00:00.000000,1,1,0,0,1,428.0,0
203812___364781,cloudbeds,2026-04-30T00:00:00.000000,1,1,0,0,1,506.0,0
203812___364781,cloudbeds,2026-05-01T00:00:00.000000,1,0,0,0,1,951.0,1
203812___364781,cloudbeds,2026-05-02T00:00:00.000000,1,0,0,0,1,951.0,1
203812___364781,cloudbeds,2026-05-03T00:00:00.000000,1,0,0,0,1,506.0,1
203812___364781,cloudbeds,2026-05-04T00:00:00.000000,1,0,0,0,1,428.0,1
203812___364781,cloudbeds,2026-05-05T00:00:00.000000,1,0,0,0,1,428.0,1
203812___364781,cloudbeds,2026-05-06T00:00:00.000000,1,0,0,0,1,428.0,1
203812___364781,cloudbeds,2026-05-07T00:00:00.000000,1,0,0,0,1,506.0,1
203812___364781,cloudbeds,2026-05-08T00:00:00.000000,1,0,0,0,1,1227.0,1
203812___364781,cloudbeds,2026-05-09T00:00:00.000000,1,0,0,0,1,1227.0,1
203812___364781,cloudbeds,2026-05-10T00:00:00.000000,1,0,0,0,1,506.0,1
203812___364781,cloudbeds,2026-05-11T00:00:00.000000,1,0,0,0,1,428.0,1
203812___364781,cloudbeds,2026-05-12T00:00:00.000000,1,0,0,0,1,428.0,1
203812___364781,cloudbeds,2026-05-13T00:00:00.000000,1,0,0,0,1,428.0,1
203812___364781,cloudbeds,2026-05-14T00:00:00.000000,1,0,0,0,1,506.0,1
203812___364781,cloudbeds,2026-05-15T00:00:00.000000,1,0,0,0,1,1227.0,1
203812___364781,cloudbeds,2026-05-16T00:00:00.000000,1,0,0,0,1,1227.0,1
203812___364781,cloudbeds,2026-05-17T00:00:00.000000,1,1,0,0,1,506.0,0
203812___364781,cloudbeds,2026-05-18T00:00:00.000000,1,1,0,0,1,428.0,0
203812___364781,cloudbeds,2026-05-19T00:00:00.000000,1,1,0,0,1,428.0,0
203812___364781,cloudbeds,2026-05-20T00:00:00.000000,1,0,0,0,1,428.0,1
203812___364781,cloudbeds,2026-05-21T00:00:00.000000,1,0,0,0,1,506.0,1
203812___364781,cloudbeds,2026-05-22T00:00:00.000000,1,0,0,0,1,1287.0,1
203812___364781,cloudbeds,2026-05-23T00:00:00.000000,1,0,0,0,1,1287.0,1
203812___364781,cloudbeds,2026-05-24T00:00:00.000000,1,0,0,0,1,577.0,1
203812___364781,cloudbeds,2026-05-25T00:00:00.000000,1,0,0,0,1,488.0,1
203812___364781,cloudbeds,2026-05-26T00:00:00.000000,1,0,0,0,1,428.0,1
203812___364781,cloudbeds,2026-05-27T00:00:00.000000,1,1,0,0,1,428.0,0
203812___364781,cloudbeds,2026-05-28T00:00:00.000000,1,1,0,0,1,506.0,0
203812___364781,cloudbeds,2026-05-29T00:00:00.000000,1,0,0,0,1,951.0,1
203812___364781,cloudbeds,2026-05-30T00:00:00.000000,1,0,0,0,1,951.0,1
203812___364781,cloudbeds,2026-05-31T00:00:00.000000,1,0,0,0,1,506.0,1
203812___364781,cloudbeds,2026-06-01T00:00:00.000000,1,0,0,0,1,407.0,1
203812___364781,cloudbeds,2026-06-02T00:00:00.000000,1,0,0,0,1,407.0,1
203812___364781,cloudbeds,2026-06-03T00:00:00.000000,1,0,0,0,1,407.0,1
203812___364781,cloudbeds,2026-06-04T00:00:00.000000,1,0,0,0,1,506.0,1
203812___364781,cloudbeds,2026-06-05T00:00:00.000000,1,0,0,0,1,951.0,1
203812___364781,cloudbeds,2026-06-06T00:00:00.000000,1,0,0,0,1,951.0,1
203812___364781,cloudbeds,2026-06-07T00:00:00.000000,1,0,0,0,1,506.0,1
203812___364781,cloudbeds,2026-06-08T00:00:00.000000,1,0,0,0,1,407.0,1
203812___364781,cloudbeds,2026-06-09T00:00:00.000000,1,0,0,0,1,407.0,1
203812___364781,cloudbeds,2026-06-10T00:00:00.000000,1,0,0,0,1,407.0,1
203812___364781,cloudbeds,2026-06-11T00:00:00.000000,1,0,0,0,1,639.0,1
203812___364781,cloudbeds,2026-06-12T00:00:00.000000,1,0,0,0,1,951.0,1
203812___364781,cloudbeds,2026-06-13T00:00:00.000000,1,0,0,0,1,951.0,1
203812___364781,cloudbeds,2026-06-14T00:00:00.000000,1,0,0,0,1,639.0,1
203812___364781,cloudbeds,2026-06-15T00:00:00.000000,1,0,0,0,1,407.0,1
203812___364781,cloudbeds,2026-06-16T00:00:00.000000,1,0,0,0,1,407.0,1
203812___364781,cloudbeds,2026-06-17T00:00:00.000000,1,0,0,0,1,407.0,1
203812___364781,cloudbeds,2026-06-18T00:00:00.000000,1,0,0,0,1,639.0,1
203812___364781,cloudbeds,2026-06-19T00:00:00.000000,1,0,0,0,1,951.0,1
203812___364781,cloudbeds,2026-06-20T00:00:00.000000,1,0,0,0,1,951.0,1
203812___364781,cloudbeds,2026-06-21T00:00:00.000000,1,0,0,0,1,639.0,1
203812___364781,cloudbeds,2026-06-22T00:00:00.000000,1,0,0,0,1,407.0,1
203812___364781,cloudbeds,2026-06-23T00:00:00.000000,1,0,0,0,1,407.0,1
203812___364781,cloudbeds,2026-06-24T00:00:00.000000,1,0,0,0,1,407.0,1
203812___364781,cloudbeds,2026-06-25T00:00:00.000000,1,0,0,0,1,639.0,1
203812___364781,cloudbeds,2026-06-26T00:00:00.000000,1,0,0,0,1,951.0,1
203812___364781,cloudbeds,2026-06-27T00:00:00.000000,1,0,0,0,1,951.0,1
203812___364781,cloudbeds,2026-06-28T00:00:00.000000,1,0,0,0,1,639.0,1
203812___364781,cloudbeds,2026-06-29T00:00:00.000000,1,0,0,0,1,407.0,1
203812___364781,cloudbeds,2026-06-30T00:00:00.000000,1,0,0,0,1,407.0,1
203812___364781,cloudbeds,2026-07-01T00:00:00.000000,1,0,0,0,1,407.0,1
203812___364781,cloudbeds,2026-07-02T00:00:00.000000,1,0,0,0,1,702.0,1
203812___364781,cloudbeds,2026-07-03T00:00:00.000000,1,0,0,0,1,1177.0,1
203812___364781,cloudbeds,2026-07-04T00:00:00.000000,1,0,0,0,1,1177.0,1
203812___364781,cloudbeds,2026-07-05T00:00:00.000000,1,0,0,0,1,702.0,1
203812___364781,cloudbeds,2026-07-06T00:00:00.000000,1,0,0,0,1,407.0,1
203812___364781,cloudbeds,2026-07-07T00:00:00.000000,1,0,0,0,1,407.0,1
203812___364781,cloudbeds,2026-07-08T00:00:00.000000,1,0,0,0,1,407.0,1
203812___364781,cloudbeds,2026-07-09T00:00:00.000000,1,0,0,0,1,450.0,1
203812___364781,cloudbeds,2026-07-10T00:00:00.000000,1,0,0,0,1,654.0,1
203812___364781,cloudbeds,2026-07-11T00:00:00.000000,1,0,0,0,1,654.0,1
203812___364781,cloudbeds,2026-07-12T00:00:00.000000,1,0,0,0,1,450.0,1
203812___364781,cloudbeds,2026-07-13T00:00:00.000000,1,0,0,0,1,407.0,1
203812___364781,cloudbeds,2026-07-14T00:00:00.000000,1,0,0,0,1,407.0,1
203812___364781,cloudbeds,2026-07-15T00:00:00.000000,1,0,0,0,1,407.0,1
203812___364781,cloudbeds,2026-07-16T00:00:00.000000,1,0,0,0,1,506.0,1
203812___364781,cloudbeds,2026-07-17T00:00:00.000000,1,0,0,0,1,951.0,1
203812___364781,cloudbeds,2026-07-18T00:00:00.000000,1,0,0,0,1,951.0,1
203812___364781,cloudbeds,2026-07-19T00:00:00.000000,1,0,0,0,1,506.0,1
203812___364781,cloudbeds,2026-07-20T00:00:00.000000,1,0,0,0,1,353.0,1
203812___364781,cloudbeds,2026-07-21T00:00:00.000000,1,0,0,0,1,353.0,1
203812___364781,cloudbeds,2026-07-22T00:00:00.000000,1,0,0,0,1,353.0,1
203812___364781,cloudbeds,2026-07-23T00:00:00.000000,1,0,0,0,1,450.0,1
203812___364781,cloudbeds,2026-07-24T00:00:00.000000,1,0,0,0,1,1010.0,1
203812___364781,cloudbeds,2026-07-25T00:00:00.000000,1,0,0,0,1,1010.0,1
203812___364781,cloudbeds,2026-07-26T00:00:00.000000,1,0,0,0,1,450.0,1
203812___364781,cloudbeds,2026-07-27T00:00:00.000000,1,0,0,0,1,407.0,1
203812___364781,cloudbeds,2026-07-28T00:00:00.000000,1,0,0,0,1,407.0,1
203812___364781,cloudbeds,2026-07-29T00:00:00.000000,1,0,0,0,1,407.0,1
203812___364781,cloudbeds,2026-07-30T00:00:00.000000,1,0,0,0,1,450.0,1
203812___364781,cloudbeds,2026-07-31T00:00:00.000000,1,0,0,0,1,1010.0,1
203812___364781,cloudbeds,2026-08-01T00:00:00.000000,1,0,0,0,1,1010.0,1
203812___364781,cloudbeds,2026-08-02T00:00:00.000000,1,0,0,0,1,450.0,1
203812___364781,cloudbeds,2026-08-03T00:00:00.000000,1,0,0,0,1,353.0,1
203812___364781,cloudbeds,2026-08-04T00:00:00.000000,1,0,0,0,1,353.0,1
203812___364781,cloudbeds,2026-08-05T00:00:00.000000,1,0,0,0,1,353.0,1
203812___364781,cloudbeds,2026-08-06T00:00:00.000000,1,0,0,0,1,450.0,1
203812___364781,cloudbeds,2026-08-07T00:00:00.000000,1,0,0,0,1,654.0,1
203812___364781,cloudbeds,2026-08-08T00:00:00.000000,1,0,0,0,1,654.0,1
203812___364781,cloudbeds,2026-08-09T00:00:00.000000,1,0,0,0,1,450.0,1
203812___364781,cloudbeds,2026-08-10T00:00:00.000000,1,0,0,0,1,407.0,1
203812___364781,cloudbeds,2026-08-11T00:00:00.000000,1,0,0,0,1,407.0,1
203812___364781,cloudbeds,2026-08-12T00:00:00.000000,1,0,0,0,1,407.0,1
203812___364781,cloudbeds,2026-08-13T00:00:00.000000,1,0,0,0,1,506.0,1
203812___364781,cloudbeds,2026-08-14T00:00:00.000000,1,0,0,0,1,654.0,1
203812___364781,cloudbeds,2026-08-15T00:00:00.000000,1,0,0,0,1,654.0,1
203812___364781,cloudbeds,2026-08-16T00:00:00.000000,1,0,0,0,1,506.0,1
203812___364781,cloudbeds,2026-08-17T00:00:00.000000,1,0,0,0,1,407.0,1
203812___364781,cloudbeds,2026-08-18T00:00:00.000000,1,0,0,0,1,407.0,1
203812___364781,cloudbeds,2026-08-19T00:00:00.000000,1,0,0,0,1,407.0,1
203812___364781,cloudbeds,2026-08-20T00:00:00.000000,1,0,0,0,1,450.0,1
203812___364781,cloudbeds,2026-08-21T00:00:00.000000,1,0,0,0,1,951.0,1
203812___364781,cloudbeds,2026-08-22T00:00:00.000000,1,0,0,0,1,951.0,1
203812___364781,cloudbeds,2026-08-23T00:00:00.000000,1,0,0,0,1,450.0,1
203812___364781,cloudbeds,2026-08-24T00:00:00.000000,1,0,0,0,1,407.0,1
203812___364781,cloudbeds,2026-08-25T00:00:00.000000,1,0,0,0,1,407.0,1
203812___364781,cloudbeds,2026-08-26T00:00:00.000000,1,0,0,0,1,407.0,1
203812___364781,cloudbeds,2026-08-27T00:00:00.000000,1,0,0,0,1,450.0,1
203812___364781,cloudbeds,2026-08-28T00:00:00.000000,1,0,0,0,1,951.0,1
203812___364781,cloudbeds,2026-08-29T00:00:00.000000,1,0,0,0,1,951.0,1
203812___364781,cloudbeds,2026-08-30T00:00:00.000000,1,0,0,0,1,450.0,1
203812___364781,cloudbeds,2026-08-31T00:00:00.000000,1,0,0,0,1,407.0,1
203812___364781,cloudbeds,2026-09-01T00:00:00.000000,1,0,0,0,1,407.0,1
203812___364781,cloudbeds,2026-09-02T00:00:00.000000,1,0,0,0,1,407.0,1
203812___364781,cloudbeds,2026-09-03T00:00:00.000000,1,0,0,0,1,603.0,1
203812___364781,cloudbeds,2026-09-04T00:00:00.000000,1,0,0,0,1,1124.0,1
203812___364781,cloudbeds,2026-09-05T00:00:00.000000,1,0,0,0,1,1124.0,1
203812___364781,cloudbeds,2026-09-06T00:00:00.000000,1,0,0,0,1,665.0,1
203812___364781,cloudbeds,2026-09-07T00:00:00.000000,1,0,0,0,1,526.0,1
203812___364781,cloudbeds,2026-09-08T00:00:00.000000,1,0,0,0,1,506.0,1
203812___364781,cloudbeds,2026-09-09T00:00:00.000000,1,0,0,0,1,506.0,1
203812___364781,cloudbeds,2026-09-10T00:00:00.000000,1,0,0,0,1,603.0,1
203812___364781,cloudbeds,2026-09-11T00:00:00.000000,1,0,0,0,1,913.0,1
203812___364781,cloudbeds,2026-09-12T00:00:00.000000,1,0,0,0,1,913.0,1
203812___364781,cloudbeds,2026-09-13T00:00:00.000000,1,0,0,0,1,603.0,1
203812___364781,cloudbeds,2026-09-14T00:00:00.000000,1,0,0,0,1,506.0,1
203812___364781,cloudbeds,2026-09-15T00:00:00.000000,1,0,0,0,1,506.0,1
203812___364781,cloudbeds,2026-09-16T00:00:00.000000,1,0,0,0,1,506.0,1
203812___364781,cloudbeds,2026-09-17T00:00:00.000000,1,0,0,0,1,639.0,1
203812___364781,cloudbeds,2026-09-18T00:00:00.000000,1,0,0,0,1,913.0,1
203812___364781,cloudbeds,2026-09-19T00:00:00.000000,1,0,0,0,1,913.0,1
203812___364781,cloudbeds,2026-09-20T00:00:00.000000,1,0,0,0,1,639.0,1
203812___364781,cloudbeds,2026-09-21T00:00:00.000000,1,0,0,0,1,407.0,1
203812___364781,cloudbeds,2026-09-22T00:00:00.000000,1,0,0,0,1,407.0,1
203812___364781,cloudbeds,2026-09-23T00:00:00.000000,1,0,0,0,1,407.0,1
203812___364781,cloudbeds,2026-09-24T00:00:00.000000,1,0,0,0,1,603.0,1
203812___364781,cloudbeds,2026-09-25T00:00:00.000000,1,0,0,0,1,1157.0,1
203812___364781,cloudbeds,2026-09-26T00:00:00.000000,1,0,0,0,1,1157.0,1
203812___364781,cloudbeds,2026-09-27T00:00:00.000000,1,0,0,0,1,603.0,1
203812___364781,cloudbeds,2026-09-28T00:00:00.000000,1,0,0,0,1,506.0,1
203812___364781,cloudbeds,2026-09-29T00:00:00.000000,1,0,0,0,1,506.0,1
203812___364781,cloudbeds,2026-09-30T00:00:00.000000,1,0,0,0,1,506.0,1
203812___364781,cloudbeds,2026-10-01T00:00:00.000000,1,0,0,0,1,639.0,1
203812___364781,cloudbeds,2026-10-02T00:00:00.000000,1,0,0,0,1,1157.0,1
203812___364781,cloudbeds,2026-10-03T00:00:00.000000,1,0,0,0,1,1157.0,1
203812___364781,cloudbeds,2026-10-04T00:00:00.000000,1,0,0,0,1,639.0,1
203812___364781,cloudbeds,2026-10-05T00:00:00.000000,1,0,0,0,1,506.0,1
203812___364781,cloudbeds,2026-10-06T00:00:00.000000,1,0,0,0,1,506.0,1
203812___364781,cloudbeds,2026-10-07T00:00:00.000000,1,0,0,0,1,506.0,1
203812___364781,cloudbeds,2026-10-08T00:00:00.000000,1,0,0,0,1,639.0,1
203812___364781,cloudbeds,2026-10-09T00:00:00.000000,1,0,0,0,1,1273.0,1
203812___364781,cloudbeds,2026-10-10T00:00:00.000000,1,0,0,0,1,1273.0,1
203812___364781,cloudbeds,2026-10-11T00:00:00.000000,1,0,0,0,1,703.0,1
203812___364781,cloudbeds,2026-10-12T00:00:00.000000,1,0,0,0,1,603.0,1
203812___364781,cloudbeds,2026-10-13T00:00:00.000000,1,0,0,0,1,506.0,1
203812___364781,cloudbeds,2026-10-14T00:00:00.000000,1,0,0,0,1,506.0,1
203812___364781,cloudbeds,2026-10-15T00:00:00.000000,1,0,0,0,1,763.0,1
203812___364781,cloudbeds,2026-10-16T00:00:00.000000,1,0,0,0,1,1157.0,1
203812___364781,cloudbeds,2026-10-17T00:00:00.000000,1,0,0,0,1,1157.0,1
203812___364781,cloudbeds,2026-10-18T00:00:00.000000,1,0,0,0,1,763.0,1
203812___364781,cloudbeds,2026-10-19T00:00:00.000000,1,0,0,0,1,598.0,1
203812___364781,cloudbeds,2026-10-20T00:00:00.000000,1,0,0,0,1,598.0,1
203812___364781,cloudbeds,2026-10-21T00:00:00.000000,1,0,0,0,1,598.0,1
203812___364781,cloudbeds,2026-10-22T00:00:00.000000,1,0,0,0,1,763.0,1
203812___364781,cloudbeds,2026-10-23T00:00:00.000000,1,0,0,0,1,1157.0,1
203812___364781,cloudbeds,2026-10-24T00:00:00.000000,1,0,0,0,1,1157.0,1
203812___364781,cloudbeds,2026-10-25T00:00:00.000000,1,0,0,0,1,763.0,1
203812___364781,cloudbeds,2026-10-26T00:00:00.000000,1,1,0,0,1,506.0,0
203812___364781,cloudbeds,2026-10-27T00:00:00.000000,1,1,0,0,1,506.0,0
203812___364781,cloudbeds,2026-10-28T00:00:00.000000,1,0,0,0,1,506.0,1
203812___364781,cloudbeds,2026-10-29T00:00:00.000000,1,0,0,0,1,763.0,1
203812___364781,cloudbeds,2026-10-30T00:00:00.000000,1,0,0,0,1,1157.0,1
203812___364781,cloudbeds,2026-10-31T00:00:00.000000,1,0,0,0,1,1157.0,1
203812___364781,cloudbeds,2026-11-01T00:00:00.000000,1,0,0,0,1,763.0,1
203812___364781,cloudbeds,2026-11-02T00:00:00.000000,1,0,0,0,1,506.0,1
203812___364781,cloudbeds,2026-11-03T00:00:00.000000,1,0,0,0,1,506.0,1
203812___364781,cloudbeds,2026-11-04T00:00:00.000000,1,0,0,0,1,506.0,1
203812___364781,cloudbeds,2026-11-05T00:00:00.000000,1,0,0,0,1,639.0,1
203812___364781,cloudbeds,2026-11-06T00:00:00.000000,1,0,0,0,1,1157.0,1
203812___364781,cloudbeds,2026-11-07T00:00:00.000000,1,0,0,0,1,1157.0,1
203812___364781,cloudbeds,2026-11-08T00:00:00.000000,1,0,0,0,1,639.0,1
203812___364781,cloudbeds,2026-11-09T00:00:00.000000,1,0,0,0,1,407.0,1
203812___364781,cloudbeds,2026-11-10T00:00:00.000000,1,0,0,0,1,407.0,1
203812___364781,cloudbeds,2026-11-11T00:00:00.000000,1,0,0,0,1,407.0,1
203812___364781,cloudbeds,2026-11-12T00:00:00.000000,1,0,0,0,1,639.0,1
203812___364781,cloudbeds,2026-11-13T00:00:00.000000,1,0,0,0,1,1157.0,1
203812___364781,cloudbeds,2026-11-14T00:00:00.000000,1,0,0,0,1,1157.0,1
203812___364781,cloudbeds,2026-11-15T00:00:00.000000,1,0,0,0,1,639.0,1
203812___364781,cloudbeds,2026-11-16T00:00:00.000000,1,0,0,0,1,506.0,1
203812___364781,cloudbeds,2026-11-17T00:00:00.000000,1,0,0,0,1,506.0,1
203812___364781,cloudbeds,2026-11-18T00:00:00.000000,1,0,0,0,1,506.0,1
203812___364781,cloudbeds,2026-11-19T00:00:00.000000,1,0,0,0,1,639.0,1
203812___364781,cloudbeds,2026-11-20T00:00:00.000000,1,0,0,0,1,1044.0,1
203812___364781,cloudbeds,2026-11-21T00:00:00.000000,1,0,0,0,1,1044.0,1
203812___364781,cloudbeds,2026-11-22T00:00:00.000000,1,0,0,0,1,639.0,1
203812___364781,cloudbeds,2026-11-23T00:00:00.000000,1,0,0,0,1,598.0,1
203812___364781,cloudbeds,2026-11-24T00:00:00.000000,1,0,0,0,1,598.0,1
203812___364781,cloudbeds,2026-11-25T00:00:00.000000,1,0,0,0,1,598.0,1
203812___364781,cloudbeds,2026-11-26T00:00:00.000000,1,0,0,0,1,805.0,1
203812___364781,cloudbeds,2026-11-27T00:00:00.000000,1,0,0,0,1,1044.0,1
203812___364781,cloudbeds,2026-11-28T00:00:00.000000,1,0,0,0,1,1044.0,1
203812___364781,cloudbeds,2026-11-29T00:00:00.000000,1,0,0,0,1,639.0,1
203812___364781,cloudbeds,2026-11-30T00:00:00.000000,1,0,0,0,1,407.0,1
203812___364781,cloudbeds,2026-12-01T00:00:00.000000,1,0,0,0,1,407.0,1
203812___364781,cloudbeds,2026-12-02T00:00:00.000000,1,0,0,0,1,407.0,1
203812___364781,cloudbeds,2026-12-03T00:00:00.000000,1,0,0,0,1,506.0,1
203812___364781,cloudbeds,2026-12-04T00:00:00.000000,1,0,0,0,1,913.0,1
203812___364781,cloudbeds,2026-12-05T00:00:00.000000,1,0,0,0,1,913.0,1
203812___364781,cloudbeds,2026-12-06T00:00:00.000000,1,0,0,0,1,506.0,1
203812___364781,cloudbeds,2026-12-07T00:00:00.000000,1,0,0,0,1,407.0,1
203812___364781,cloudbeds,2026-12-08T00:00:00.000000,1,0,0,0,1,407.0,1
203812___364781,cloudbeds,2026-12-09T00:00:00.000000,1,0,0,0,1,407.0,1
203812___364781,cloudbeds,2026-12-10T00:00:00.000000,1,0,0,0,1,506.0,1
203812___364781,cloudbeds,2026-12-11T00:00:00.000000,1,0,0,0,1,913.0,1
203812___364781,cloudbeds,2026-12-12T00:00:00.000000,1,0,0,0,1,913.0,1
203812___364781,cloudbeds,2026-12-13T00:00:00.000000,1,0,0,0,1,506.0,1
203812___364781,cloudbeds,2026-12-14T00:00:00.000000,1,0,0,0,1,407.0,1
203812___364781,cloudbeds,2026-12-15T00:00:00.000000,1,0,0,0,1,407.0,1
203812___364781,cloudbeds,2026-12-16T00:00:00.000000,1,0,0,0,1,407.0,1
203812___364781,cloudbeds,2026-12-17T00:00:00.000000,1,0,0,0,1,506.0,1
203812___364781,cloudbeds,2026-12-18T00:00:00.000000,1,0,0,0,1,965.0,1
203812___364781,cloudbeds,2026-12-19T00:00:00.000000,1,0,0,0,1,965.0,1
203812___364781,cloudbeds,2026-12-20T00:00:00.000000,1,0,0,0,1,603.0,1
203812___364781,cloudbeds,2026-12-21T00:00:00.000000,1,0,0,0,1,526.0,1
203812___364781,cloudbeds,2026-12-22T00:00:00.000000,1,0,0,0,1,526.0,1
203812___364781,cloudbeds,2026-12-23T00:00:00.000000,1,0,0,0,1,639.0,1
203812___364781,cloudbeds,2026-12-24T00:00:00.000000,1,0,0,0,1,639.0,1
203812___364781,cloudbeds,2026-12-25T00:00:00.000000,1,0,0,0,1,1347.0,1
203812___364781,cloudbeds,2026-12-26T00:00:00.000000,1,0,0,0,1,1347.0,1
203812___364781,cloudbeds,2026-12-27T00:00:00.000000,1,0,0,0,1,639.0,1
203812___364781,cloudbeds,2026-12-28T00:00:00.000000,1,0,0,0,1,407.0,1
203812___364781,cloudbeds,2026-12-29T00:00:00.000000,1,0,0,0,1,407.0,1
203812___364781,cloudbeds,2026-12-30T00:00:00.000000,1,0,0,0,1,1559.0,1
203812___364781,cloudbeds,2026-12-31T00:00:00.000000,1,0,0,0,1,1559.0,1
203812___364781,cloudbeds,2027-01-01T00:00:00.000000,1,0,0,0,1,913.0,1
203812___364781,cloudbeds,2027-01-02T00:00:00.000000,1,0,0,0,1,913.0,1
203812___364781,cloudbeds,2027-01-03T00:00:00.000000,1,0,0,0,1,506.0,1
203812___364782,cloudbeds,2026-02-04T00:00:00.000000,1,0,0,0,1,208.0,1
203812___364782,cloudbeds,2026-02-05T00:00:00.000000,1,0,0,0,1,217.0,1
203812___364782,cloudbeds,2026-02-06T00:00:00.000000,1,1,0,0,1,289.0,0
203812___364782,cloudbeds,2026-02-07T00:00:00.000000,1,1,0,0,1,317.0,0
203812___364782,cloudbeds,2026-02-08T00:00:00.000000,1,0,0,0,1,242.0,1
203812___364782,cloudbeds,2026-02-09T00:00:00.000000,1,0,0,0,1,208.0,1
203812___364782,cloudbeds,2026-02-10T00:00:00.000000,1,0,0,0,1,208.0,1
203812___364782,cloudbeds,2026-02-11T00:00:00.000000,1,1,0,0,1,189.0,0
203812___364782,cloudbeds,2026-02-12T00:00:00.000000,1,1,0,0,1,316.0,0
203812___364782,cloudbeds,2026-02-13T00:00:00.000000,1,1,0,0,1,1040.0,0
203812___364782,cloudbeds,2026-02-14T00:00:00.000000,1,1,0,0,1,1040.0,0
203812___364782,cloudbeds,2026-02-15T00:00:00.000000,1,1,0,0,1,331.0,0
203812___364782,cloudbeds,2026-02-16T00:00:00.000000,1,0,0,0,1,208.0,1
203812___364782,cloudbeds,2026-02-17T00:00:00.000000,1,0,0,0,1,208.0,1
203812___364782,cloudbeds,2026-02-18T00:00:00.000000,1,0,0,0,1,208.0,1
203812___364782,cloudbeds,2026-02-19T00:00:00.000000,1,0,0,0,1,408.0,1
203812___364782,cloudbeds,2026-02-20T00:00:00.000000,1,0,0,0,1,630.0,1
203812___364782,cloudbeds,2026-02-21T00:00:00.000000,1,0,0,0,1,693.0,1
203812___364782,cloudbeds,2026-02-22T00:00:00.000000,1,0,0,0,1,408.0,1
203812___364782,cloudbeds,2026-02-23T00:00:00.000000,1,1,0,0,1,201.0,0
203812___364782,cloudbeds,2026-02-24T00:00:00.000000,1,0,0,0,1,201.0,1
203812___364782,cloudbeds,2026-02-25T00:00:00.000000,1,0,0,0,1,201.0,1
203812___364782,cloudbeds,2026-02-26T00:00:00.000000,1,0,0,0,1,316.0,1
203812___364782,cloudbeds,2026-02-27T00:00:00.000000,1,0,0,0,1,630.0,1
203812___364782,cloudbeds,2026-02-28T00:00:00.000000,1,0,0,0,1,630.0,1
203812___364782,cloudbeds,2026-03-01T00:00:00.000000,1,0,0,0,1,316.0,1
203812___364782,cloudbeds,2026-03-02T00:00:00.000000,1,0,0,0,1,353.0,1
203812___364782,cloudbeds,2026-03-03T00:00:00.000000,1,0,0,0,1,353.0,1
203812___364782,cloudbeds,2026-03-04T00:00:00.000000,1,1,0,0,1,353.0,0
203812___364782,cloudbeds,2026-03-05T00:00:00.000000,1,1,0,0,1,421.0,0
203812___364782,cloudbeds,2026-03-06T00:00:00.000000,1,1,0,0,1,900.0,0
203812___364782,cloudbeds,2026-03-07T00:00:00.000000,1,0,0,0,1,900.0,1
203812___364782,cloudbeds,2026-03-08T00:00:00.000000,1,0,0,0,1,421.0,1
203812___364782,cloudbeds,2026-03-09T00:00:00.000000,1,1,0,0,1,353.0,0
203812___364782,cloudbeds,2026-03-10T00:00:00.000000,1,1,0,0,1,353.0,0
203812___364782,cloudbeds,2026-03-11T00:00:00.000000,1,0,0,0,1,388.0,1
203812___364782,cloudbeds,2026-03-12T00:00:00.000000,1,0,0,0,1,421.0,1
203812___364782,cloudbeds,2026-03-13T00:00:00.000000,1,0,0,0,1,1103.0,1
203812___364782,cloudbeds,2026-03-14T00:00:00.000000,1,0,0,0,1,1103.0,1
203812___364782,cloudbeds,2026-03-15T00:00:00.000000,1,0,0,0,1,654.0,1
203812___364782,cloudbeds,2026-03-16T00:00:00.000000,1,0,0,0,1,450.0,1
203812___364782,cloudbeds,2026-03-17T00:00:00.000000,1,0,0,0,1,450.0,1
203812___364782,cloudbeds,2026-03-18T00:00:00.000000,1,0,0,0,1,450.0,1
203812___364782,cloudbeds,2026-03-19T00:00:00.000000,1,0,0,0,1,544.0,1
203812___364782,cloudbeds,2026-03-20T00:00:00.000000,1,0,0,0,1,1103.0,1
203812___364782,cloudbeds,2026-03-21T00:00:00.000000,1,0,0,0,1,1103.0,1
203812___364782,cloudbeds,2026-03-22T00:00:00.000000,1,0,0,0,1,598.0,1
203812___364782,cloudbeds,2026-03-23T00:00:00.000000,1,0,0,0,1,388.0,1
203812___364782,cloudbeds,2026-03-24T00:00:00.000000,1,0,0,0,1,388.0,1
203812___364782,cloudbeds,2026-03-25T00:00:00.000000,1,0,0,0,1,388.0,1
203812___364782,cloudbeds,2026-03-26T00:00:00.000000,1,0,0,0,1,544.0,1
203812___364782,cloudbeds,2026-03-27T00:00:00.000000,1,0,0,0,1,913.0,1
203812___364782,cloudbeds,2026-03-28T00:00:00.000000,1,0,0,0,1,913.0,1
203812___364782,cloudbeds,2026-03-29T00:00:00.000000,1,0,0,0,1,544.0,1
203812___364782,cloudbeds,2026-03-30T00:00:00.000000,1,0,0,0,1,353.0,1
203812___364782,cloudbeds,2026-03-31T00:00:00.000000,1,0,0,0,1,353.0,1
203812___364782,cloudbeds,2026-04-01T00:00:00.000000,1,0,0,0,1,353.0,1
203812___364782,cloudbeds,2026-04-02T00:00:00.000000,1,0,0,0,1,544.0,1
203812___364782,cloudbeds,2026-04-03T00:00:00.000000,1,0,0,0,1,913.0,1
203812___364782,cloudbeds,2026-04-04T00:00:00.000000,1,0,0,0,1,913.0,1
203812___364782,cloudbeds,2026-04-05T00:00:00.000000,1,0,0,0,1,544.0,1
203812___364782,cloudbeds,2026-04-06T00:00:00.000000,1,0,0,0,1,353.0,1
203812___364782,cloudbeds,2026-04-07T00:00:00.000000,1,0,0,0,1,353.0,1
203812___364782,cloudbeds,2026-04-08T00:00:00.000000,1,0,0,0,1,353.0,1
203812___364782,cloudbeds,2026-04-09T00:00:00.000000,1,0,0,0,1,365.0,1
203812___364782,cloudbeds,2026-04-10T00:00:00.000000,1,0,0,0,1,913.0,1
203812___364782,cloudbeds,2026-04-11T00:00:00.000000,1,0,0,0,1,913.0,1
203812___364782,cloudbeds,2026-04-12T00:00:00.000000,1,0,0,0,1,365.0,1
203812___364782,cloudbeds,2026-04-13T00:00:00.000000,1,0,0,0,1,353.0,1
203812___364782,cloudbeds,2026-04-14T00:00:00.000000,1,0,0,0,1,353.0,1
203812___364782,cloudbeds,2026-04-15T00:00:00.000000,1,0,0,0,1,353.0,1
203812___364782,cloudbeds,2026-04-16T00:00:00.000000,1,0,0,0,1,365.0,1
203812___364782,cloudbeds,2026-04-17T00:00:00.000000,1,0,0,0,1,913.0,1
203812___364782,cloudbeds,2026-04-18T00:00:00.000000,1,0,0,0,1,913.0,1
203812___364782,cloudbeds,2026-04-19T00:00:00.000000,1,0,0,0,1,365.0,1
203812___364782,cloudbeds,2026-04-20T00:00:00.000000,1,0,0,0,1,353.0,1
203812___364782,cloudbeds,2026-04-21T00:00:00.000000,1,0,0,0,1,353.0,1
203812___364782,cloudbeds,2026-04-22T00:00:00.000000,1,0,0,0,1,372.0,1
203812___364782,cloudbeds,2026-04-23T00:00:00.000000,1,0,0,0,1,444.0,1
203812___364782,cloudbeds,2026-04-24T00:00:00.000000,1,0,0,0,1,962.0,1
203812___364782,cloudbeds,2026-04-25T00:00:00.000000,1,0,0,0,1,962.0,1
203812___364782,cloudbeds,2026-04-26T00:00:00.000000,1,0,0,0,1,444.0,1
203812___364782,cloudbeds,2026-04-27T00:00:00.000000,1,0,0,0,1,372.0,1
203812___364782,cloudbeds,2026-04-28T00:00:00.000000,1,0,0,0,1,372.0,1
203812___364782,cloudbeds,2026-04-29T00:00:00.000000,1,0,0,0,1,372.0,1
203812___364782,cloudbeds,2026-04-30T00:00:00.000000,1,0,0,0,1,444.0,1
203812___364782,cloudbeds,2026-05-01T00:00:00.000000,1,0,0,0,1,905.0,1
203812___364782,cloudbeds,2026-05-02T00:00:00.000000,1,0,0,0,1,905.0,1
203812___364782,cloudbeds,2026-05-03T00:00:00.000000,1,0,0,0,1,444.0,1
203812___364782,cloudbeds,2026-05-04T00:00:00.000000,1,0,0,0,1,373.0,1
203812___364782,cloudbeds,2026-05-05T00:00:00.000000,1,0,0,0,1,373.0,1
203812___364782,cloudbeds,2026-05-06T00:00:00.000000,1,0,0,0,1,373.0,1
203812___364782,cloudbeds,2026-05-07T00:00:00.000000,1,0,0,0,1,444.0,1
203812___364782,cloudbeds,2026-05-08T00:00:00.000000,1,0,0,0,1,961.0,1
203812___364782,cloudbeds,2026-05-09T00:00:00.000000,1,0,0,0,1,961.0,1
203812___364782,cloudbeds,2026-05-10T00:00:00.000000,1,0,0,0,1,444.0,1
203812___364782,cloudbeds,2026-05-11T00:00:00.000000,1,0,0,0,1,373.0,1
203812___364782,cloudbeds,2026-05-12T00:00:00.000000,1,0,0,0,1,373.0,1
203812___364782,cloudbeds,2026-05-13T00:00:00.000000,1,0,0,0,1,373.0,1
203812___364782,cloudbeds,2026-05-14T00:00:00.000000,1,0,0,0,1,444.0,1
203812___364782,cloudbeds,2026-05-15T00:00:00.000000,1,0,0,0,1,961.0,1
203812___364782,cloudbeds,2026-05-16T00:00:00.000000,1,0,0,0,1,961.0,1
203812___364782,cloudbeds,2026-05-17T00:00:00.000000,1,0,0,0,1,444.0,1
203812___364782,cloudbeds,2026-05-18T00:00:00.000000,1,0,0,0,1,373.0,1
203812___364782,cloudbeds,2026-05-19T00:00:00.000000,1,0,0,0,1,373.0,1
203812___364782,cloudbeds,2026-05-20T00:00:00.000000,1,0,0,0,1,373.0,1
203812___364782,cloudbeds,2026-05-21T00:00:00.000000,1,0,0,0,1,444.0,1
203812___364782,cloudbeds,2026-05-22T00:00:00.000000,1,0,0,0,1,1002.0,1
203812___364782,cloudbeds,2026-05-23T00:00:00.000000,1,0,0,0,1,1002.0,1
203812___364782,cloudbeds,2026-05-24T00:00:00.000000,1,0,0,0,1,512.0,1
203812___364782,cloudbeds,2026-05-25T00:00:00.000000,1,0,0,0,1,429.0,1
203812___364782,cloudbeds,2026-05-26T00:00:00.000000,1,0,0,0,1,373.0,1
203812___364782,cloudbeds,2026-05-27T00:00:00.000000,1,0,0,0,1,373.0,1
203812___364782,cloudbeds,2026-05-28T00:00:00.000000,1,0,0,0,1,444.0,1
203812___364782,cloudbeds,2026-05-29T00:00:00.000000,1,0,0,0,1,905.0,1
203812___364782,cloudbeds,2026-05-30T00:00:00.000000,1,0,0,0,1,905.0,1
203812___364782,cloudbeds,2026-05-31T00:00:00.000000,1,0,0,0,1,444.0,1
203812___364782,cloudbeds,2026-06-01T00:00:00.000000,1,0,0,0,1,372.0,1
203812___364782,cloudbeds,2026-06-02T00:00:00.000000,1,0,0,0,1,372.0,1
203812___364782,cloudbeds,2026-06-03T00:00:00.000000,1,0,0,0,1,372.0,1
203812___364782,cloudbeds,2026-06-04T00:00:00.000000,1,0,0,0,1,444.0,1
203812___364782,cloudbeds,2026-06-05T00:00:00.000000,1,0,0,0,1,905.0,1
203812___364782,cloudbeds,2026-06-06T00:00:00.000000,1,0,0,0,1,905.0,1
203812___364782,cloudbeds,2026-06-07T00:00:00.000000,1,0,0,0,1,444.0,1
203812___364782,cloudbeds,2026-06-08T00:00:00.000000,1,0,0,0,1,372.0,1
203812___364782,cloudbeds,2026-06-09T00:00:00.000000,1,0,0,0,1,372.0,1
203812___364782,cloudbeds,2026-06-10T00:00:00.000000,1,0,0,0,1,372.0,1
203812___364782,cloudbeds,2026-06-11T00:00:00.000000,1,0,0,0,1,573.0,1
203812___364782,cloudbeds,2026-06-12T00:00:00.000000,1,0,0,0,1,905.0,1
203812___364782,cloudbeds,2026-06-13T00:00:00.000000,1,0,0,0,1,905.0,1
203812___364782,cloudbeds,2026-06-14T00:00:00.000000,1,0,0,0,1,573.0,1
203812___364782,cloudbeds,2026-06-15T00:00:00.000000,1,0,0,0,1,372.0,1
203812___364782,cloudbeds,2026-06-16T00:00:00.000000,1,0,0,0,1,372.0,1
203812___364782,cloudbeds,2026-06-17T00:00:00.000000,1,0,0,0,1,372.0,1
203812___364782,cloudbeds,2026-06-18T00:00:00.000000,1,0,0,0,1,573.0,1
203812___364782,cloudbeds,2026-06-19T00:00:00.000000,1,0,0,0,1,905.0,1
203812___364782,cloudbeds,2026-06-20T00:00:00.000000,1,0,0,0,1,905.0,1
203812___364782,cloudbeds,2026-06-21T00:00:00.000000,1,0,0,0,1,573.0,1
203812___364782,cloudbeds,2026-06-22T00:00:00.000000,1,0,0,0,1,372.0,1
203812___364782,cloudbeds,2026-06-23T00:00:00.000000,1,0,0,0,1,372.0,1
203812___364782,cloudbeds,2026-06-24T00:00:00.000000,1,0,0,0,1,372.0,1
203812___364782,cloudbeds,2026-06-25T00:00:00.000000,1,0,0,0,1,573.0,1
203812___364782,cloudbeds,2026-06-26T00:00:00.000000,1,0,0,0,1,905.0,1
203812___364782,cloudbeds,2026-06-27T00:00:00.000000,1,0,0,0,1,905.0,1
203812___364782,cloudbeds,2026-06-28T00:00:00.000000,1,0,0,0,1,573.0,1
203812___364782,cloudbeds,2026-06-29T00:00:00.000000,1,0,0,0,1,372.0,1
203812___364782,cloudbeds,2026-06-30T00:00:00.000000,1,0,0,0,1,372.0,1
203812___364782,cloudbeds,2026-07-01T00:00:00.000000,1,0,0,0,1,372.0,1
203812___364782,cloudbeds,2026-07-02T00:00:00.000000,1,0,0,0,1,629.0,1
203812___364782,cloudbeds,2026-07-03T00:00:00.000000,1,0,0,0,1,921.0,1
203812___364782,cloudbeds,2026-07-04T00:00:00.000000,1,0,0,0,1,921.0,1
203812___364782,cloudbeds,2026-07-05T00:00:00.000000,1,0,0,0,1,629.0,1
203812___364782,cloudbeds,2026-07-06T00:00:00.000000,1,0,0,0,1,372.0,1
203812___364782,cloudbeds,2026-07-07T00:00:00.000000,1,0,0,0,1,372.0,1
203812___364782,cloudbeds,2026-07-08T00:00:00.000000,1,0,0,0,1,372.0,1
203812___364782,cloudbeds,2026-07-09T00:00:00.000000,1,0,0,0,1,385.0,1
203812___364782,cloudbeds,2026-07-10T00:00:00.000000,1,0,0,0,1,615.0,1
203812___364782,cloudbeds,2026-07-11T00:00:00.000000,1,0,0,0,1,615.0,1
203812___364782,cloudbeds,2026-07-12T00:00:00.000000,1,0,0,0,1,385.0,1
203812___364782,cloudbeds,2026-07-13T00:00:00.000000,1,0,0,0,1,372.0,1
203812___364782,cloudbeds,2026-07-14T00:00:00.000000,1,0,0,0,1,372.0,1
203812___364782,cloudbeds,2026-07-15T00:00:00.000000,1,0,0,0,1,372.0,1
203812___364782,cloudbeds,2026-07-16T00:00:00.000000,1,0,0,0,1,444.0,1
203812___364782,cloudbeds,2026-07-17T00:00:00.000000,1,0,0,0,1,905.0,1
203812___364782,cloudbeds,2026-07-18T00:00:00.000000,1,0,0,0,1,905.0,1
203812___364782,cloudbeds,2026-07-19T00:00:00.000000,1,0,0,0,1,444.0,1
203812___364782,cloudbeds,2026-07-20T00:00:00.000000,1,0,0,0,1,326.0,1
203812___364782,cloudbeds,2026-07-21T00:00:00.000000,1,0,0,0,1,326.0,1
203812___364782,cloudbeds,2026-07-22T00:00:00.000000,1,0,0,0,1,326.0,1
203812___364782,cloudbeds,2026-07-23T00:00:00.000000,1,0,0,0,1,385.0,1
203812___364782,cloudbeds,2026-07-24T00:00:00.000000,1,0,0,0,1,793.0,1
203812___364782,cloudbeds,2026-07-25T00:00:00.000000,1,0,0,0,1,793.0,1
203812___364782,cloudbeds,2026-07-26T00:00:00.000000,1,0,0,0,1,385.0,1
203812___364782,cloudbeds,2026-07-27T00:00:00.000000,1,0,0,0,1,372.0,1
203812___364782,cloudbeds,2026-07-28T00:00:00.000000,1,0,0,0,1,372.0,1
203812___364782,cloudbeds,2026-07-29T00:00:00.000000,1,0,0,0,1,372.0,1
203812___364782,cloudbeds,2026-07-30T00:00:00.000000,1,0,0,0,1,385.0,1
203812___364782,cloudbeds,2026-07-31T00:00:00.000000,1,0,0,0,1,793.0,1
203812___364782,cloudbeds,2026-08-01T00:00:00.000000,1,0,0,0,1,793.0,1
203812___364782,cloudbeds,2026-08-02T00:00:00.000000,1,0,0,0,1,385.0,1
203812___364782,cloudbeds,2026-08-03T00:00:00.000000,1,0,0,0,1,326.0,1
203812___364782,cloudbeds,2026-08-04T00:00:00.000000,1,0,0,0,1,326.0,1
203812___364782,cloudbeds,2026-08-05T00:00:00.000000,1,0,0,0,1,326.0,1
203812___364782,cloudbeds,2026-08-06T00:00:00.000000,1,0,0,0,1,385.0,1
203812___364782,cloudbeds,2026-08-07T00:00:00.000000,1,0,0,0,1,615.0,1
203812___364782,cloudbeds,2026-08-08T00:00:00.000000,1,0,0,0,1,615.0,1
203812___364782,cloudbeds,2026-08-09T00:00:00.000000,1,0,0,0,1,385.0,1
203812___364782,cloudbeds,2026-08-10T00:00:00.000000,1,0,0,0,1,372.0,1
203812___364782,cloudbeds,2026-08-11T00:00:00.000000,1,0,0,0,1,372.0,1
203812___364782,cloudbeds,2026-08-12T00:00:00.000000,1,0,0,0,1,372.0,1
203812___364782,cloudbeds,2026-08-13T00:00:00.000000,1,0,0,0,1,444.0,1
203812___364782,cloudbeds,2026-08-14T00:00:00.000000,1,0,0,0,1,615.0,1
203812___364782,cloudbeds,2026-08-15T00:00:00.000000,1,0,0,0,1,615.0,1
203812___364782,cloudbeds,2026-08-16T00:00:00.000000,1,0,0,0,1,444.0,1
203812___364782,cloudbeds,2026-08-17T00:00:00.000000,1,0,0,0,1,372.0,1
203812___364782,cloudbeds,2026-08-18T00:00:00.000000,1,0,0,0,1,372.0,1
203812___364782,cloudbeds,2026-08-19T00:00:00.000000,1,0,0,0,1,372.0,1
203812___364782,cloudbeds,2026-08-20T00:00:00.000000,1,0,0,0,1,385.0,1
203812___364782,cloudbeds,2026-08-21T00:00:00.000000,1,0,0,0,1,905.0,1
203812___364782,cloudbeds,2026-08-22T00:00:00.000000,1,0,0,0,1,905.0,1
203812___364782,cloudbeds,2026-08-23T00:00:00.000000,1,0,0,0,1,385.0,1
203812___364782,cloudbeds,2026-08-24T00:00:00.000000,1,0,0,0,1,372.0,1
203812___364782,cloudbeds,2026-08-25T00:00:00.000000,1,0,0,0,1,372.0,1
203812___364782,cloudbeds,2026-08-26T00:00:00.000000,1,0,0,0,1,372.0,1
203812___364782,cloudbeds,2026-08-27T00:00:00.000000,1,0,0,0,1,385.0,1
203812___364782,cloudbeds,2026-08-28T00:00:00.000000,1,0,0,0,1,905.0,1
203812___364782,cloudbeds,2026-08-29T00:00:00.000000,1,0,0,0,1,905.0,1
203812___364782,cloudbeds,2026-08-30T00:00:00.000000,1,0,0,0,1,385.0,1
203812___364782,cloudbeds,2026-08-31T00:00:00.000000,1,0,0,0,1,372.0,1
203812___364782,cloudbeds,2026-09-01T00:00:00.000000,1,0,0,0,1,372.0,1
203812___364782,cloudbeds,2026-09-02T00:00:00.000000,1,0,0,0,1,372.0,1
203812___364782,cloudbeds,2026-09-03T00:00:00.000000,1,0,0,0,1,533.0,1
203812___364782,cloudbeds,2026-09-04T00:00:00.000000,1,0,0,0,1,1063.0,1
203812___364782,cloudbeds,2026-09-05T00:00:00.000000,1,0,0,0,1,1063.0,1
203812___364782,cloudbeds,2026-09-06T00:00:00.000000,1,0,0,0,1,587.0,1
203812___364782,cloudbeds,2026-09-07T00:00:00.000000,1,0,0,0,1,486.0,1
203812___364782,cloudbeds,2026-09-08T00:00:00.000000,1,0,0,0,1,474.0,1
203812___364782,cloudbeds,2026-09-09T00:00:00.000000,1,0,0,0,1,474.0,1
203812___364782,cloudbeds,2026-09-10T00:00:00.000000,1,0,0,0,1,533.0,1
203812___364782,cloudbeds,2026-09-11T00:00:00.000000,1,0,0,0,1,867.0,1
203812___364782,cloudbeds,2026-09-12T00:00:00.000000,1,0,0,0,1,867.0,1
203812___364782,cloudbeds,2026-09-13T00:00:00.000000,1,0,0,0,1,533.0,1
203812___364782,cloudbeds,2026-09-14T00:00:00.000000,1,0,0,0,1,474.0,1
203812___364782,cloudbeds,2026-09-15T00:00:00.000000,1,0,0,0,1,474.0,1
203812___364782,cloudbeds,2026-09-16T00:00:00.000000,1,0,0,0,1,474.0,1
203812___364782,cloudbeds,2026-09-17T00:00:00.000000,1,0,0,0,1,573.0,1
203812___364782,cloudbeds,2026-09-18T00:00:00.000000,1,0,0,0,1,867.0,1
203812___364782,cloudbeds,2026-09-19T00:00:00.000000,1,0,0,0,1,867.0,1
203812___364782,cloudbeds,2026-09-20T00:00:00.000000,1,0,0,0,1,573.0,1
203812___364782,cloudbeds,2026-09-21T00:00:00.000000,1,0,0,0,1,372.0,1
203812___364782,cloudbeds,2026-09-22T00:00:00.000000,1,0,0,0,1,372.0,1
203812___364782,cloudbeds,2026-09-23T00:00:00.000000,1,0,0,0,1,372.0,1
203812___364782,cloudbeds,2026-09-24T00:00:00.000000,1,0,0,0,1,533.0,1
203812___364782,cloudbeds,2026-09-25T00:00:00.000000,1,0,0,0,1,906.0,1
203812___364782,cloudbeds,2026-09-26T00:00:00.000000,1,0,0,0,1,906.0,1
203812___364782,cloudbeds,2026-09-27T00:00:00.000000,1,0,0,0,1,533.0,1
203812___364782,cloudbeds,2026-09-28T00:00:00.000000,1,0,0,0,1,474.0,1
203812___364782,cloudbeds,2026-09-29T00:00:00.000000,1,0,0,0,1,474.0,1
203812___364782,cloudbeds,2026-09-30T00:00:00.000000,1,0,0,0,1,474.0,1
203812___364782,cloudbeds,2026-10-01T00:00:00.000000,1,0,0,0,1,573.0,1
203812___364782,cloudbeds,2026-10-02T00:00:00.000000,1,0,0,0,1,906.0,1
203812___364782,cloudbeds,2026-10-03T00:00:00.000000,1,0,0,0,1,906.0,1
203812___364782,cloudbeds,2026-10-04T00:00:00.000000,1,0,0,0,1,573.0,1
203812___364782,cloudbeds,2026-10-05T00:00:00.000000,1,0,0,0,1,474.0,1
203812___364782,cloudbeds,2026-10-06T00:00:00.000000,1,0,0,0,1,474.0,1
203812___364782,cloudbeds,2026-10-07T00:00:00.000000,1,0,0,0,1,474.0,1
203812___364782,cloudbeds,2026-10-08T00:00:00.000000,1,0,0,0,1,573.0,1
203812___364782,cloudbeds,2026-10-09T00:00:00.000000,1,0,0,0,1,1001.0,1
203812___364782,cloudbeds,2026-10-10T00:00:00.000000,1,0,0,0,1,1001.0,1
203812___364782,cloudbeds,2026-10-11T00:00:00.000000,1,0,0,0,1,630.0,1
203812___364782,cloudbeds,2026-10-12T00:00:00.000000,1,0,0,0,1,566.0,1
203812___364782,cloudbeds,2026-10-13T00:00:00.000000,1,0,0,0,1,474.0,1
203812___364782,cloudbeds,2026-10-14T00:00:00.000000,1,0,0,0,1,474.0,1
203812___364782,cloudbeds,2026-10-15T00:00:00.000000,1,0,0,0,1,689.0,1
203812___364782,cloudbeds,2026-10-16T00:00:00.000000,1,0,0,0,1,906.0,1
203812___364782,cloudbeds,2026-10-17T00:00:00.000000,1,0,0,0,1,906.0,1
203812___364782,cloudbeds,2026-10-18T00:00:00.000000,1,0,0,0,1,689.0,1
203812___364782,cloudbeds,2026-10-19T00:00:00.000000,1,0,0,0,1,573.0,1
203812___364782,cloudbeds,2026-10-20T00:00:00.000000,1,0,0,0,1,573.0,1
203812___364782,cloudbeds,2026-10-21T00:00:00.000000,1,0,0,0,1,573.0,1
203812___364782,cloudbeds,2026-10-22T00:00:00.000000,1,0,0,0,1,689.0,1
203812___364782,cloudbeds,2026-10-23T00:00:00.000000,1,0,0,0,1,906.0,1
203812___364782,cloudbeds,2026-10-24T00:00:00.000000,1,0,0,0,1,906.0,1
203812___364782,cloudbeds,2026-10-25T00:00:00.000000,1,0,0,0,1,689.0,1
203812___364782,cloudbeds,2026-10-26T00:00:00.000000,1,0,0,0,1,474.0,1
203812___364782,cloudbeds,2026-10-27T00:00:00.000000,1,0,0,0,1,474.0,1
203812___364782,cloudbeds,2026-10-28T00:00:00.000000,1,0,0,0,1,474.0,1
203812___364782,cloudbeds,2026-10-29T00:00:00.000000,1,0,0,0,1,689.0,1
203812___364782,cloudbeds,2026-10-30T00:00:00.000000,1,0,0,0,1,906.0,1
203812___364782,cloudbeds,2026-10-31T00:00:00.000000,1,0,0,0,1,906.0,1
203812___364782,cloudbeds,2026-11-01T00:00:00.000000,1,0,0,0,1,689.0,1
203812___364782,cloudbeds,2026-11-02T00:00:00.000000,1,0,0,0,1,474.0,1
203812___364782,cloudbeds,2026-11-03T00:00:00.000000,1,0,0,0,1,474.0,1
203812___364782,cloudbeds,2026-11-04T00:00:00.000000,1,0,0,0,1,474.0,1
203812___364782,cloudbeds,2026-11-05T00:00:00.000000,1,0,0,0,1,573.0,1
203812___364782,cloudbeds,2026-11-06T00:00:00.000000,1,0,0,0,1,906.0,1
203812___364782,cloudbeds,2026-11-07T00:00:00.000000,1,0,0,0,1,906.0,1
203812___364782,cloudbeds,2026-11-08T00:00:00.000000,1,0,0,0,1,573.0,1
203812___364782,cloudbeds,2026-11-09T00:00:00.000000,1,0,0,0,1,372.0,1
203812___364782,cloudbeds,2026-11-10T00:00:00.000000,1,0,0,0,1,372.0,1
203812___364782,cloudbeds,2026-11-11T00:00:00.000000,1,0,0,0,1,372.0,1
203812___364782,cloudbeds,2026-11-12T00:00:00.000000,1,0,0,0,1,573.0,1
203812___364782,cloudbeds,2026-11-13T00:00:00.000000,1,0,0,0,1,906.0,1
203812___364782,cloudbeds,2026-11-14T00:00:00.000000,1,0,0,0,1,906.0,1
203812___364782,cloudbeds,2026-11-15T00:00:00.000000,1,0,0,0,1,573.0,1
203812___364782,cloudbeds,2026-11-16T00:00:00.000000,1,0,0,0,1,474.0,1
203812___364782,cloudbeds,2026-11-17T00:00:00.000000,1,0,0,0,1,474.0,1
203812___364782,cloudbeds,2026-11-18T00:00:00.000000,1,0,0,0,1,474.0,1
203812___364782,cloudbeds,2026-11-19T00:00:00.000000,1,0,0,0,1,573.0,1
203812___364782,cloudbeds,2026-11-20T00:00:00.000000,1,0,0,0,1,817.0,1
203812___364782,cloudbeds,2026-11-21T00:00:00.000000,1,0,0,0,1,817.0,1
203812___364782,cloudbeds,2026-11-22T00:00:00.000000,1,0,0,0,1,573.0,1
203812___364782,cloudbeds,2026-11-23T00:00:00.000000,1,0,0,0,1,573.0,1
203812___364782,cloudbeds,2026-11-24T00:00:00.000000,1,0,0,0,1,573.0,1
203812___364782,cloudbeds,2026-11-25T00:00:00.000000,1,0,0,0,1,573.0,1
203812___364782,cloudbeds,2026-11-26T00:00:00.000000,1,0,0,0,1,722.0,1
203812___364782,cloudbeds,2026-11-27T00:00:00.000000,1,0,0,0,1,861.0,1
203812___364782,cloudbeds,2026-11-28T00:00:00.000000,1,0,0,0,1,861.0,1
203812___364782,cloudbeds,2026-11-29T00:00:00.000000,1,0,0,0,1,604.0,1
203812___364782,cloudbeds,2026-11-30T00:00:00.000000,1,0,0,0,1,392.0,1
203812___364782,cloudbeds,2026-12-01T00:00:00.000000,1,0,0,0,1,392.0,1
203812___364782,cloudbeds,2026-12-02T00:00:00.000000,1,0,0,0,1,392.0,1
203812___364782,cloudbeds,2026-12-03T00:00:00.000000,1,0,0,0,1,468.0,1
203812___364782,cloudbeds,2026-12-04T00:00:00.000000,1,0,0,0,1,760.0,1
203812___364782,cloudbeds,2026-12-05T00:00:00.000000,1,0,0,0,1,760.0,1
203812___364782,cloudbeds,2026-12-06T00:00:00.000000,1,0,0,0,1,468.0,1
203812___364782,cloudbeds,2026-12-07T00:00:00.000000,1,0,0,0,1,392.0,1
203812___364782,cloudbeds,2026-12-08T00:00:00.000000,1,0,0,0,1,392.0,1
203812___364782,cloudbeds,2026-12-09T00:00:00.000000,1,0,0,0,1,392.0,1
203812___364782,cloudbeds,2026-12-10T00:00:00.000000,1,0,0,0,1,468.0,1
203812___364782,cloudbeds,2026-12-11T00:00:00.000000,1,0,0,0,1,760.0,1
203812___364782,cloudbeds,2026-12-12T00:00:00.000000,1,0,0,0,1,760.0,1
203812___364782,cloudbeds,2026-12-13T00:00:00.000000,1,0,0,0,1,468.0,1
203812___364782,cloudbeds,2026-12-14T00:00:00.000000,1,0,0,0,1,392.0,1
203812___364782,cloudbeds,2026-12-15T00:00:00.000000,1,0,0,0,1,392.0,1
203812___364782,cloudbeds,2026-12-16T00:00:00.000000,1,0,0,0,1,392.0,1
203812___364782,cloudbeds,2026-12-17T00:00:00.000000,1,0,0,0,1,468.0,1
203812___364782,cloudbeds,2026-12-18T00:00:00.000000,1,0,0,0,1,795.0,1
203812___364782,cloudbeds,2026-12-19T00:00:00.000000,1,0,0,0,1,795.0,1
203812___364782,cloudbeds,2026-12-20T00:00:00.000000,1,0,0,0,1,562.0,1
203812___364782,cloudbeds,2026-12-21T00:00:00.000000,1,0,0,0,1,512.0,1
203812___364782,cloudbeds,2026-12-22T00:00:00.000000,1,0,0,0,1,512.0,1
203812___364782,cloudbeds,2026-12-23T00:00:00.000000,1,0,0,0,1,604.0,1
203812___364782,cloudbeds,2026-12-24T00:00:00.000000,1,0,0,0,1,604.0,1
203812___364782,cloudbeds,2026-12-25T00:00:00.000000,1,0,0,0,1,1114.0,1
203812___364782,cloudbeds,2026-12-26T00:00:00.000000,1,0,0,0,1,1114.0,1
203812___364782,cloudbeds,2026-12-27T00:00:00.000000,1,0,0,0,1,604.0,1
203812___364782,cloudbeds,2026-12-28T00:00:00.000000,1,0,0,0,1,392.0,1
203812___364782,cloudbeds,2026-12-29T00:00:00.000000,1,0,0,0,1,392.0,1
203812___364782,cloudbeds,2026-12-30T00:00:00.000000,1,0,0,0,1,1291.0,1
203812___364782,cloudbeds,2026-12-31T00:00:00.000000,1,0,0,0,1,1291.0,1
203812___364782,cloudbeds,2027-01-01T00:00:00.000000,1,0,0,0,1,760.0,1
203812___364782,cloudbeds,2027-01-02T00:00:00.000000,1,0,0,0,1,760.0,1
203812___364782,cloudbeds,2027-01-03T00:00:00.000000,1,0,0,0,1,468.0,1
203812___490007,cloudbeds,2026-02-04T00:00:00.000000,1,1,0,0,1,186.0,0
203812___490007,cloudbeds,2026-02-05T00:00:00.000000,1,0,0,0,1,194.0,1
203812___490007,cloudbeds,2026-02-06T00:00:00.000000,1,0,0,0,1,259.0,1
203812___490007,cloudbeds,2026-02-07T00:00:00.000000,1,1,0,0,1,284.0,0
203812___490007,cloudbeds,2026-02-08T00:00:00.000000,1,0,0,0,1,218.0,1
203812___490007,cloudbeds,2026-02-09T00:00:00.000000,1,0,0,0,1,186.0,1
203812___490007,cloudbeds,2026-02-10T00:00:00.000000,1,0,0,0,1,186.0,1
203812___490007,cloudbeds,2026-02-11T00:00:00.000000,1,0,0,0,1,205.0,1
203812___490007,cloudbeds,2026-02-12T00:00:00.000000,1,0,0,0,1,204.0,1
203812___490007,cloudbeds,2026-02-13T00:00:00.000000,1,1,0,0,1,438.0,0
203812___490007,cloudbeds,2026-02-14T00:00:00.000000,1,1,0,0,1,438.0,0
203812___490007,cloudbeds,2026-02-15T00:00:00.000000,1,1,0,0,1,256.0,0
203812___490007,cloudbeds,2026-02-16T00:00:00.000000,1,0,0,0,1,186.0,1
203812___490007,cloudbeds,2026-02-17T00:00:00.000000,1,0,0,0,1,186.0,1
203812___490007,cloudbeds,2026-02-18T00:00:00.000000,1,0,0,0,1,186.0,1
203812___490007,cloudbeds,2026-02-19T00:00:00.000000,1,0,0,0,1,339.0,1
203812___490007,cloudbeds,2026-02-20T00:00:00.000000,1,0,0,0,1,417.0,1
203812___490007,cloudbeds,2026-02-21T00:00:00.000000,1,0,0,0,1,528.0,1
203812___490007,cloudbeds,2026-02-22T00:00:00.000000,1,0,0,0,1,339.0,1
203812___490007,cloudbeds,2026-02-23T00:00:00.000000,1,0,0,0,1,179.0,1
203812___490007,cloudbeds,2026-02-24T00:00:00.000000,1,0,0,0,1,179.0,1
203812___490007,cloudbeds,2026-02-25T00:00:00.000000,1,0,0,0,1,179.0,1
203812___490007,cloudbeds,2026-02-26T00:00:00.000000,1,0,0,0,1,285.0,1
203812___490007,cloudbeds,2026-02-27T00:00:00.000000,1,0,0,0,1,417.0,1
203812___490007,cloudbeds,2026-02-28T00:00:00.000000,1,0,0,0,1,417.0,1
203812___490007,cloudbeds,2026-03-01T00:00:00.000000,1,0,0,0,1,285.0,1
203812___490007,cloudbeds,2026-03-02T00:00:00.000000,1,0,0,0,1,297.0,1
203812___490007,cloudbeds,2026-03-03T00:00:00.000000,1,0,0,0,1,297.0,1
203812___490007,cloudbeds,2026-03-04T00:00:00.000000,1,0,0,0,1,297.0,1
203812___490007,cloudbeds,2026-03-05T00:00:00.000000,1,0,0,0,1,380.0,1
203812___490007,cloudbeds,2026-03-06T00:00:00.000000,1,0,0,0,1,573.0,1
203812___490007,cloudbeds,2026-03-07T00:00:00.000000,1,0,0,0,1,573.0,1
203812___490007,cloudbeds,2026-03-08T00:00:00.000000,1,0,0,0,1,380.0,1
203812___490007,cloudbeds,2026-03-09T00:00:00.000000,1,1,0,0,1,297.0,0
203812___490007,cloudbeds,2026-03-10T00:00:00.000000,1,1,0,0,1,297.0,0
203812___490007,cloudbeds,2026-03-11T00:00:00.000000,1,0,0,0,1,327.0,1
203812___490007,cloudbeds,2026-03-12T00:00:00.000000,1,0,0,0,1,380.0,1
203812___490007,cloudbeds,2026-03-13T00:00:00.000000,1,0,0,0,1,619.0,1
203812___490007,cloudbeds,2026-03-14T00:00:00.000000,1,0,0,0,1,619.0,1
203812___490007,cloudbeds,2026-03-15T00:00:00.000000,1,0,0,0,1,530.0,1
203812___490007,cloudbeds,2026-03-16T00:00:00.000000,1,0,0,0,1,359.0,1
203812___490007,cloudbeds,2026-03-17T00:00:00.000000,1,0,0,0,1,359.0,1
203812___490007,cloudbeds,2026-03-18T00:00:00.000000,1,0,0,0,1,359.0,1
203812___490007,cloudbeds,2026-03-19T00:00:00.000000,1,0,0,0,1,452.0,1
203812___490007,cloudbeds,2026-03-20T00:00:00.000000,1,0,0,0,1,563.0,1
203812___490007,cloudbeds,2026-03-21T00:00:00.000000,1,0,0,0,1,563.0,1
203812___490007,cloudbeds,2026-03-22T00:00:00.000000,1,0,0,0,1,499.0,1
203812___490007,cloudbeds,2026-03-23T00:00:00.000000,1,0,0,0,1,327.0,1
203812___490007,cloudbeds,2026-03-24T00:00:00.000000,1,0,0,0,1,327.0,1
203812___490007,cloudbeds,2026-03-25T00:00:00.000000,1,0,0,0,1,327.0,1
203812___490007,cloudbeds,2026-03-26T00:00:00.000000,1,0,0,0,1,497.0,1
203812___490007,cloudbeds,2026-03-27T00:00:00.000000,1,0,0,0,1,520.0,1
203812___490007,cloudbeds,2026-03-28T00:00:00.000000,1,0,0,0,1,520.0,1
203812___490007,cloudbeds,2026-03-29T00:00:00.000000,1,0,0,0,1,452.0,1
203812___490007,cloudbeds,2026-03-30T00:00:00.000000,1,0,0,0,1,297.0,1
203812___490007,cloudbeds,2026-03-31T00:00:00.000000,1,0,0,0,1,297.0,1
203812___490007,cloudbeds,2026-04-01T00:00:00.000000,1,0,0,0,1,297.0,1
203812___490007,cloudbeds,2026-04-02T00:00:00.000000,1,0,0,0,1,452.0,1
203812___490007,cloudbeds,2026-04-03T00:00:00.000000,1,0,0,0,1,520.0,1
203812___490007,cloudbeds,2026-04-04T00:00:00.000000,1,0,0,0,1,520.0,1
203812___490007,cloudbeds,2026-04-05T00:00:00.000000,1,0,0,0,1,452.0,1
203812___490007,cloudbeds,2026-04-06T00:00:00.000000,1,0,0,0,1,297.0,1
203812___490007,cloudbeds,2026-04-07T00:00:00.000000,1,0,0,0,1,297.0,1
203812___490007,cloudbeds,2026-04-08T00:00:00.000000,1,0,0,0,1,297.0,1
203812___490007,cloudbeds,2026-04-09T00:00:00.000000,1,0,0,0,1,344.0,1
203812___490007,cloudbeds,2026-04-10T00:00:00.000000,1,0,0,0,1,571.0,1
203812___490007,cloudbeds,2026-04-11T00:00:00.000000,1,0,0,0,1,571.0,1
203812___490007,cloudbeds,2026-04-12T00:00:00.000000,1,0,0,0,1,344.0,1
203812___490007,cloudbeds,2026-04-13T00:00:00.000000,1,0,0,0,1,297.0,1
203812___490007,cloudbeds,2026-04-14T00:00:00.000000,1,0,0,0,1,297.0,1
203812___490007,cloudbeds,2026-04-15T00:00:00.000000,1,0,0,0,1,297.0,1
203812___490007,cloudbeds,2026-04-16T00:00:00.000000,1,0,0,0,1,326.0,1
203812___490007,cloudbeds,2026-04-17T00:00:00.000000,1,1,0,0,1,571.0,0
203812___490007,cloudbeds,2026-04-18T00:00:00.000000,1,1,0,0,1,571.0,0
203812___490007,cloudbeds,2026-04-19T00:00:00.000000,1,1,0,0,1,344.0,0
203812___490007,cloudbeds,2026-04-20T00:00:00.000000,1,0,0,0,1,297.0,1
203812___490007,cloudbeds,2026-04-21T00:00:00.000000,1,0,0,0,1,297.0,1
203812___490007,cloudbeds,2026-04-22T00:00:00.000000,1,0,0,0,1,297.0,1
203812___490007,cloudbeds,2026-04-23T00:00:00.000000,1,0,0,0,1,380.0,1
203812___490007,cloudbeds,2026-04-24T00:00:00.000000,1,0,0,0,1,571.0,1
203812___490007,cloudbeds,2026-04-25T00:00:00.000000,1,0,0,0,1,571.0,1
203812___490007,cloudbeds,2026-04-26T00:00:00.000000,1,0,0,0,1,380.0,1
203812___490007,cloudbeds,2026-04-27T00:00:00.000000,1,0,0,0,1,297.0,1
203812___490007,cloudbeds,2026-04-28T00:00:00.000000,1,0,0,0,1,297.0,1
203812___490007,cloudbeds,2026-04-29T00:00:00.000000,1,0,0,0,1,297.0,1
203812___490007,cloudbeds,2026-04-30T00:00:00.000000,1,0,0,0,1,380.0,1
203812___490007,cloudbeds,2026-05-01T00:00:00.000000,1,0,0,0,1,499.0,1
203812___490007,cloudbeds,2026-05-02T00:00:00.000000,1,0,0,0,1,499.0,1
203812___490007,cloudbeds,2026-05-03T00:00:00.000000,1,0,0,0,1,380.0,1
203812___490007,cloudbeds,2026-05-04T00:00:00.000000,1,0,0,0,1,276.0,1
203812___490007,cloudbeds,2026-05-05T00:00:00.000000,1,0,0,0,1,276.0,1
203812___490007,cloudbeds,2026-05-06T00:00:00.000000,1,0,0,0,1,276.0,1
203812___490007,cloudbeds,2026-05-07T00:00:00.000000,1,0,0,0,1,380.0,1
203812___490007,cloudbeds,2026-05-08T00:00:00.000000,1,0,0,0,1,487.0,1
203812___490007,cloudbeds,2026-05-09T00:00:00.000000,1,0,0,0,1,487.0,1
203812___490007,cloudbeds,2026-05-10T00:00:00.000000,1,0,0,0,1,380.0,1
203812___490007,cloudbeds,2026-05-11T00:00:00.000000,1,0,0,0,1,276.0,1
203812___490007,cloudbeds,2026-05-12T00:00:00.000000,1,0,0,0,1,276.0,1
203812___490007,cloudbeds,2026-05-13T00:00:00.000000,1,0,0,0,1,276.0,1
203812___490007,cloudbeds,2026-05-14T00:00:00.000000,1,0,0,0,1,380.0,1
203812___490007,cloudbeds,2026-05-15T00:00:00.000000,1,0,0,0,1,487.0,1
203812___490007,cloudbeds,2026-05-16T00:00:00.000000,1,0,0,0,1,487.0,1
203812___490007,cloudbeds,2026-05-17T00:00:00.000000,1,0,0,0,1,380.0,1
203812___490007,cloudbeds,2026-05-18T00:00:00.000000,1,0,0,0,1,276.0,1
203812___490007,cloudbeds,2026-05-19T00:00:00.000000,1,0,0,0,1,276.0,1
203812___490007,cloudbeds,2026-05-20T00:00:00.000000,1,0,0,0,1,276.0,1
203812___490007,cloudbeds,2026-05-21T00:00:00.000000,1,0,0,0,1,380.0,1
203812___490007,cloudbeds,2026-05-22T00:00:00.000000,1,0,0,0,1,512.0,1
203812___490007,cloudbeds,2026-05-23T00:00:00.000000,1,0,0,0,1,512.0,1
203812___490007,cloudbeds,2026-05-24T00:00:00.000000,1,0,0,0,1,431.0,1
203812___490007,cloudbeds,2026-05-25T00:00:00.000000,1,0,0,0,1,317.0,1
203812___490007,cloudbeds,2026-05-26T00:00:00.000000,1,0,0,0,1,276.0,1
203812___490007,cloudbeds,2026-05-27T00:00:00.000000,1,0,0,0,1,276.0,1
203812___490007,cloudbeds,2026-05-28T00:00:00.000000,1,0,0,0,1,380.0,1
203812___490007,cloudbeds,2026-05-29T00:00:00.000000,1,0,0,0,1,499.0,1
203812___490007,cloudbeds,2026-05-30T00:00:00.000000,1,0,0,0,1,499.0,1
203812___490007,cloudbeds,2026-05-31T00:00:00.000000,1,0,0,0,1,380.0,1
203812___490007,cloudbeds,2026-06-01T00:00:00.000000,1,0,0,0,1,297.0,1
203812___490007,cloudbeds,2026-06-02T00:00:00.000000,1,0,0,0,1,297.0,1
203812___490007,cloudbeds,2026-06-03T00:00:00.000000,1,0,0,0,1,297.0,1
203812___490007,cloudbeds,2026-06-04T00:00:00.000000,1,0,0,0,1,380.0,1
203812___490007,cloudbeds,2026-06-05T00:00:00.000000,1,0,0,0,1,499.0,1
203812___490007,cloudbeds,2026-06-06T00:00:00.000000,1,0,0,0,1,499.0,1
203812___490007,cloudbeds,2026-06-07T00:00:00.000000,1,0,0,0,1,380.0,1
203812___490007,cloudbeds,2026-06-08T00:00:00.000000,1,0,0,0,1,297.0,1
203812___490007,cloudbeds,2026-06-09T00:00:00.000000,1,0,0,0,1,297.0,1
203812___490007,cloudbeds,2026-06-10T00:00:00.000000,1,0,0,0,1,297.0,1
203812___490007,cloudbeds,2026-06-11T00:00:00.000000,1,0,0,0,1,452.0,1
203812___490007,cloudbeds,2026-06-12T00:00:00.000000,1,0,0,0,1,499.0,1
203812___490007,cloudbeds,2026-06-13T00:00:00.000000,1,0,0,0,1,499.0,1
203812___490007,cloudbeds,2026-06-14T00:00:00.000000,1,0,0,0,1,452.0,1
203812___490007,cloudbeds,2026-06-15T00:00:00.000000,1,0,0,0,1,297.0,1
203812___490007,cloudbeds,2026-06-16T00:00:00.000000,1,0,0,0,1,297.0,1
203812___490007,cloudbeds,2026-06-17T00:00:00.000000,1,0,0,0,1,297.0,1
203812___490007,cloudbeds,2026-06-18T00:00:00.000000,1,0,0,0,1,452.0,1
203812___490007,cloudbeds,2026-06-19T00:00:00.000000,1,0,0,0,1,499.0,1
203812___490007,cloudbeds,2026-06-20T00:00:00.000000,1,0,0,0,1,499.0,1
203812___490007,cloudbeds,2026-06-21T00:00:00.000000,1,0,0,0,1,452.0,1
203812___490007,cloudbeds,2026-06-22T00:00:00.000000,1,0,0,0,1,297.0,1
203812___490007,cloudbeds,2026-06-23T00:00:00.000000,1,0,0,0,1,297.0,1
203812___490007,cloudbeds,2026-06-24T00:00:00.000000,1,0,0,0,1,297.0,1
203812___490007,cloudbeds,2026-06-25T00:00:00.000000,1,0,0,0,1,452.0,1
203812___490007,cloudbeds,2026-06-26T00:00:00.000000,1,0,0,0,1,499.0,1
203812___490007,cloudbeds,2026-06-27T00:00:00.000000,1,0,0,0,1,499.0,1
203812___490007,cloudbeds,2026-06-28T00:00:00.000000,1,0,0,0,1,452.0,1
203812___490007,cloudbeds,2026-06-29T00:00:00.000000,1,0,0,0,1,297.0,1
203812___490007,cloudbeds,2026-06-30T00:00:00.000000,1,0,0,0,1,297.0,1
203812___490007,cloudbeds,2026-07-01T00:00:00.000000,1,0,0,0,1,297.0,1
203812___490007,cloudbeds,2026-07-02T00:00:00.000000,1,0,0,0,1,430.0,1
203812___490007,cloudbeds,2026-07-03T00:00:00.000000,1,0,0,0,1,571.0,1
203812___490007,cloudbeds,2026-07-04T00:00:00.000000,1,0,0,0,1,571.0,1
203812___490007,cloudbeds,2026-07-05T00:00:00.000000,1,0,0,0,1,430.0,1
203812___490007,cloudbeds,2026-07-06T00:00:00.000000,1,0,0,0,1,297.0,1
203812___490007,cloudbeds,2026-07-07T00:00:00.000000,1,0,0,0,1,297.0,1
203812___490007,cloudbeds,2026-07-08T00:00:00.000000,1,0,0,0,1,297.0,1
203812___490007,cloudbeds,2026-07-09T00:00:00.000000,1,0,0,0,1,344.0,1
203812___490007,cloudbeds,2026-07-10T00:00:00.000000,1,0,0,0,1,421.0,1
203812___490007,cloudbeds,2026-07-11T00:00:00.000000,1,0,0,0,1,421.0,1
203812___490007,cloudbeds,2026-07-12T00:00:00.000000,1,0,0,0,1,344.0,1
203812___490007,cloudbeds,2026-07-13T00:00:00.000000,1,0,0,0,1,297.0,1
203812___490007,cloudbeds,2026-07-14T00:00:00.000000,1,0,0,0,1,297.0,1
203812___490007,cloudbeds,2026-07-15T00:00:00.000000,1,0,0,0,1,297.0,1
203812___490007,cloudbeds,2026-07-16T00:00:00.000000,1,0,0,0,1,380.0,1
203812___490007,cloudbeds,2026-07-17T00:00:00.000000,1,0,0,0,1,499.0,1
203812___490007,cloudbeds,2026-07-18T00:00:00.000000,1,0,0,0,1,499.0,1
203812___490007,cloudbeds,2026-07-19T00:00:00.000000,1,0,0,0,1,380.0,1
203812___490007,cloudbeds,2026-07-20T00:00:00.000000,1,0,0,0,1,276.0,1
203812___490007,cloudbeds,2026-07-21T00:00:00.000000,1,0,0,0,1,276.0,1
203812___490007,cloudbeds,2026-07-22T00:00:00.000000,1,0,0,0,1,276.0,1
203812___490007,cloudbeds,2026-07-23T00:00:00.000000,1,0,0,0,1,344.0,1
203812___490007,cloudbeds,2026-07-24T00:00:00.000000,1,0,0,0,1,516.0,1
203812___490007,cloudbeds,2026-07-25T00:00:00.000000,1,0,0,0,1,516.0,1
203812___490007,cloudbeds,2026-07-26T00:00:00.000000,1,0,0,0,1,344.0,1
203812___490007,cloudbeds,2026-07-27T00:00:00.000000,1,0,0,0,1,297.0,1
203812___490007,cloudbeds,2026-07-28T00:00:00.000000,1,0,0,0,1,297.0,1
203812___490007,cloudbeds,2026-07-29T00:00:00.000000,1,0,0,0,1,297.0,1
203812___490007,cloudbeds,2026-07-30T00:00:00.000000,1,0,0,0,1,344.0,1
203812___490007,cloudbeds,2026-07-31T00:00:00.000000,1,0,0,0,1,516.0,1
203812___490007,cloudbeds,2026-08-01T00:00:00.000000,1,0,0,0,1,516.0,1
203812___490007,cloudbeds,2026-08-02T00:00:00.000000,1,0,0,0,1,344.0,1
203812___490007,cloudbeds,2026-08-03T00:00:00.000000,1,0,0,0,1,276.0,1
203812___490007,cloudbeds,2026-08-04T00:00:00.000000,1,0,0,0,1,276.0,1
203812___490007,cloudbeds,2026-08-05T00:00:00.000000,1,0,0,0,1,276.0,1
203812___490007,cloudbeds,2026-08-06T00:00:00.000000,1,0,0,0,1,344.0,1
203812___490007,cloudbeds,2026-08-07T00:00:00.000000,1,0,0,0,1,421.0,1
203812___490007,cloudbeds,2026-08-08T00:00:00.000000,1,0,0,0,1,421.0,1
203812___490007,cloudbeds,2026-08-09T00:00:00.000000,1,0,0,0,1,344.0,1
203812___490007,cloudbeds,2026-08-10T00:00:00.000000,1,0,0,0,1,297.0,1
203812___490007,cloudbeds,2026-08-11T00:00:00.000000,1,0,0,0,1,297.0,1
203812___490007,cloudbeds,2026-08-12T00:00:00.000000,1,0,0,0,1,297.0,1
203812___490007,cloudbeds,2026-08-13T00:00:00.000000,1,0,0,0,1,380.0,1
203812___490007,cloudbeds,2026-08-14T00:00:00.000000,1,0,0,0,1,421.0,1
203812___490007,cloudbeds,2026-08-15T00:00:00.000000,1,0,0,0,1,421.0,1
203812___490007,cloudbeds,2026-08-16T00:00:00.000000,1,0,0,0,1,380.0,1
203812___490007,cloudbeds,2026-08-17T00:00:00.000000,1,0,0,0,1,297.0,1
203812___490007,cloudbeds,2026-08-18T00:00:00.000000,1,0,0,0,1,297.0,1
203812___490007,cloudbeds,2026-08-19T00:00:00.000000,1,0,0,0,1,297.0,1
203812___490007,cloudbeds,2026-08-20T00:00:00.000000,1,0,0,0,1,344.0,1
203812___490007,cloudbeds,2026-08-21T00:00:00.000000,1,0,0,0,1,499.0,1
203812___490007,cloudbeds,2026-08-22T00:00:00.000000,1,0,0,0,1,499.0,1
203812___490007,cloudbeds,2026-08-23T00:00:00.000000,1,0,0,0,1,344.0,1
203812___490007,cloudbeds,2026-08-24T00:00:00.000000,1,0,0,0,1,297.0,1
203812___490007,cloudbeds,2026-08-25T00:00:00.000000,1,0,0,0,1,297.0,1
203812___490007,cloudbeds,2026-08-26T00:00:00.000000,1,0,0,0,1,297.0,1
203812___490007,cloudbeds,2026-08-27T00:00:00.000000,1,0,0,0,1,344.0,1
203812___490007,cloudbeds,2026-08-28T00:00:00.000000,1,0,0,0,1,499.0,1
203812___490007,cloudbeds,2026-08-29T00:00:00.000000,1,0,0,0,1,499.0,1
203812___490007,cloudbeds,2026-08-30T00:00:00.000000,1,0,0,0,1,344.0,1
203812___490007,cloudbeds,2026-08-31T00:00:00.000000,1,0,0,0,1,297.0,1
203812___490007,cloudbeds,2026-09-01T00:00:00.000000,1,0,0,0,1,297.0,1
203812___490007,cloudbeds,2026-09-02T00:00:00.000000,1,0,0,0,1,297.0,1
203812___490007,cloudbeds,2026-09-03T00:00:00.000000,1,0,0,0,1,451.0,1
203812___490007,cloudbeds,2026-09-04T00:00:00.000000,1,0,0,0,1,583.0,1
203812___490007,cloudbeds,2026-09-05T00:00:00.000000,1,0,0,0,1,583.0,1
203812___490007,cloudbeds,2026-09-06T00:00:00.000000,1,0,0,0,1,496.0,1
203812___490007,cloudbeds,2026-09-07T00:00:00.000000,1,0,0,0,1,390.0,1
203812___490007,cloudbeds,2026-09-08T00:00:00.000000,1,0,0,0,1,359.0,1
203812___490007,cloudbeds,2026-09-09T00:00:00.000000,1,0,0,0,1,359.0,1
203812___490007,cloudbeds,2026-09-10T00:00:00.000000,1,0,0,0,1,451.0,1
203812___490007,cloudbeds,2026-09-11T00:00:00.000000,1,0,0,0,1,478.0,1
203812___490007,cloudbeds,2026-09-12T00:00:00.000000,1,0,0,0,1,478.0,1
203812___490007,cloudbeds,2026-09-13T00:00:00.000000,1,0,0,0,1,451.0,1
203812___490007,cloudbeds,2026-09-14T00:00:00.000000,1,0,0,0,1,359.0,1
203812___490007,cloudbeds,2026-09-15T00:00:00.000000,1,0,0,0,1,359.0,1
203812___490007,cloudbeds,2026-09-16T00:00:00.000000,1,0,0,0,1,359.0,1
203812___490007,cloudbeds,2026-09-17T00:00:00.000000,1,0,0,0,1,452.0,1
203812___490007,cloudbeds,2026-09-18T00:00:00.000000,1,0,0,0,1,478.0,1
203812___490007,cloudbeds,2026-09-19T00:00:00.000000,1,0,0,0,1,478.0,1
203812___490007,cloudbeds,2026-09-20T00:00:00.000000,1,0,0,0,1,452.0,1
203812___490007,cloudbeds,2026-09-21T00:00:00.000000,1,0,0,0,1,297.0,1
203812___490007,cloudbeds,2026-09-22T00:00:00.000000,1,0,0,0,1,297.0,1
203812___490007,cloudbeds,2026-09-23T00:00:00.000000,1,0,0,0,1,297.0,1
203812___490007,cloudbeds,2026-09-24T00:00:00.000000,1,0,0,0,1,451.0,1
203812___490007,cloudbeds,2026-09-25T00:00:00.000000,1,0,0,0,1,516.0,1
203812___490007,cloudbeds,2026-09-26T00:00:00.000000,1,0,0,0,1,516.0,1
203812___490007,cloudbeds,2026-09-27T00:00:00.000000,1,0,0,0,1,451.0,1
203812___490007,cloudbeds,2026-09-28T00:00:00.000000,1,0,0,0,1,359.0,1
203812___490007,cloudbeds,2026-09-29T00:00:00.000000,1,0,0,0,1,359.0,1
203812___490007,cloudbeds,2026-09-30T00:00:00.000000,1,0,0,0,1,359.0,1
203812___490007,cloudbeds,2026-10-01T00:00:00.000000,1,0,0,0,1,421.0,1
203812___490007,cloudbeds,2026-10-02T00:00:00.000000,1,0,0,0,1,516.0,1
203812___490007,cloudbeds,2026-10-03T00:00:00.000000,1,0,0,0,1,516.0,1
203812___490007,cloudbeds,2026-10-04T00:00:00.000000,1,0,0,0,1,421.0,1
203812___490007,cloudbeds,2026-10-05T00:00:00.000000,1,0,0,0,1,359.0,1
203812___490007,cloudbeds,2026-10-06T00:00:00.000000,1,0,0,0,1,359.0,1
203812___490007,cloudbeds,2026-10-07T00:00:00.000000,1,0,0,0,1,359.0,1
203812___490007,cloudbeds,2026-10-08T00:00:00.000000,1,0,0,0,1,452.0,1
203812___490007,cloudbeds,2026-10-09T00:00:00.000000,1,0,0,0,1,563.0,1
203812___490007,cloudbeds,2026-10-10T00:00:00.000000,1,0,0,0,1,563.0,1
203812___490007,cloudbeds,2026-10-11T00:00:00.000000,1,0,0,0,1,499.0,1
203812___490007,cloudbeds,2026-10-12T00:00:00.000000,1,0,0,0,1,432.0,1
203812___490007,cloudbeds,2026-10-13T00:00:00.000000,1,0,0,0,1,359.0,1
203812___490007,cloudbeds,2026-10-14T00:00:00.000000,1,0,0,0,1,359.0,1
203812___490007,cloudbeds,2026-10-15T00:00:00.000000,1,0,0,0,1,530.0,1
203812___490007,cloudbeds,2026-10-16T00:00:00.000000,1,0,0,0,1,516.0,1
203812___490007,cloudbeds,2026-10-17T00:00:00.000000,1,0,0,0,1,516.0,1
203812___490007,cloudbeds,2026-10-18T00:00:00.000000,1,0,0,0,1,530.0,1
203812___490007,cloudbeds,2026-10-19T00:00:00.000000,1,0,0,0,1,392.0,1
203812___490007,cloudbeds,2026-10-20T00:00:00.000000,1,0,0,0,1,392.0,1
203812___490007,cloudbeds,2026-10-21T00:00:00.000000,1,0,0,0,1,392.0,1
203812___490007,cloudbeds,2026-10-22T00:00:00.000000,1,0,0,0,1,530.0,1
203812___490007,cloudbeds,2026-10-23T00:00:00.000000,1,0,0,0,1,516.0,1
203812___490007,cloudbeds,2026-10-24T00:00:00.000000,1,0,0,0,1,516.0,1
203812___490007,cloudbeds,2026-10-25T00:00:00.000000,1,0,0,0,1,530.0,1
203812___490007,cloudbeds,2026-10-26T00:00:00.000000,1,0,0,0,1,359.0,1
203812___490007,cloudbeds,2026-10-27T00:00:00.000000,1,0,0,0,1,359.0,1
203812___490007,cloudbeds,2026-10-28T00:00:00.000000,1,0,0,0,1,359.0,1
203812___490007,cloudbeds,2026-10-29T00:00:00.000000,1,0,0,0,1,530.0,1
203812___490007,cloudbeds,2026-10-30T00:00:00.000000,1,0,0,0,1,516.0,1
203812___490007,cloudbeds,2026-10-31T00:00:00.000000,1,0,0,0,1,516.0,1
203812___490007,cloudbeds,2026-11-01T00:00:00.000000,1,0,0,0,1,530.0,1
203812___490007,cloudbeds,2026-11-02T00:00:00.000000,1,0,0,0,1,359.0,1
203812___490007,cloudbeds,2026-11-03T00:00:00.000000,1,0,0,0,1,359.0,1
203812___490007,cloudbeds,2026-11-04T00:00:00.000000,1,0,0,0,1,359.0,1
203812___490007,cloudbeds,2026-11-05T00:00:00.000000,1,0,0,0,1,452.0,1
203812___490007,cloudbeds,2026-11-06T00:00:00.000000,1,0,0,0,1,516.0,1
203812___490007,cloudbeds,2026-11-07T00:00:00.000000,1,0,0,0,1,516.0,1
203812___490007,cloudbeds,2026-11-08T00:00:00.000000,1,0,0,0,1,452.0,1
203812___490007,cloudbeds,2026-11-09T00:00:00.000000,1,0,0,0,1,297.0,1
203812___490007,cloudbeds,2026-11-10T00:00:00.000000,1,0,0,0,1,297.0,1
203812___490007,cloudbeds,2026-11-11T00:00:00.000000,1,0,0,0,1,297.0,1
203812___490007,cloudbeds,2026-11-12T00:00:00.000000,1,0,0,0,1,452.0,1
203812___490007,cloudbeds,2026-11-13T00:00:00.000000,1,0,0,0,1,516.0,1
203812___490007,cloudbeds,2026-11-14T00:00:00.000000,1,0,0,0,1,516.0,1
203812___490007,cloudbeds,2026-11-15T00:00:00.000000,1,0,0,0,1,452.0,1
203812___490007,cloudbeds,2026-11-16T00:00:00.000000,1,0,0,0,1,359.0,1
203812___490007,cloudbeds,2026-11-17T00:00:00.000000,1,0,0,0,1,359.0,1
203812___490007,cloudbeds,2026-11-18T00:00:00.000000,1,0,0,0,1,359.0,1
203812___490007,cloudbeds,2026-11-19T00:00:00.000000,1,0,0,0,1,452.0,1
203812___490007,cloudbeds,2026-11-20T00:00:00.000000,1,0,0,0,1,516.0,1
203812___490007,cloudbeds,2026-11-21T00:00:00.000000,1,0,0,0,1,516.0,1
203812___490007,cloudbeds,2026-11-22T00:00:00.000000,1,0,0,0,1,452.0,1
203812___490007,cloudbeds,2026-11-23T00:00:00.000000,1,0,0,0,1,392.0,1
203812___490007,cloudbeds,2026-11-24T00:00:00.000000,1,0,0,0,1,392.0,1
203812___490007,cloudbeds,2026-11-25T00:00:00.000000,1,0,0,0,1,392.0,1
203812___490007,cloudbeds,2026-11-26T00:00:00.000000,1,0,0,0,1,475.0,1
203812___490007,cloudbeds,2026-11-27T00:00:00.000000,1,0,0,0,1,516.0,1
203812___490007,cloudbeds,2026-11-28T00:00:00.000000,1,0,0,0,1,516.0,1
203812___490007,cloudbeds,2026-11-29T00:00:00.000000,1,0,0,0,1,452.0,1
203812___490007,cloudbeds,2026-11-30T00:00:00.000000,1,0,0,0,1,297.0,1
203812___490007,cloudbeds,2026-12-01T00:00:00.000000,1,0,0,0,1,297.0,1
203812___490007,cloudbeds,2026-12-02T00:00:00.000000,1,0,0,0,1,297.0,1
203812___490007,cloudbeds,2026-12-03T00:00:00.000000,1,0,0,0,1,380.0,1
203812___490007,cloudbeds,2026-12-04T00:00:00.000000,1,0,0,0,1,452.0,1
203812___490007,cloudbeds,2026-12-05T00:00:00.000000,1,0,0,0,1,452.0,1
203812___490007,cloudbeds,2026-12-06T00:00:00.000000,1,0,0,0,1,380.0,1
203812___490007,cloudbeds,2026-12-07T00:00:00.000000,1,0,0,0,1,297.0,1
203812___490007,cloudbeds,2026-12-08T00:00:00.000000,1,0,0,0,1,297.0,1
203812___490007,cloudbeds,2026-12-09T00:00:00.000000,1,0,0,0,1,297.0,1
203812___490007,cloudbeds,2026-12-10T00:00:00.000000,1,0,0,0,1,380.0,1
203812___490007,cloudbeds,2026-12-11T00:00:00.000000,1,0,0,0,1,452.0,1
203812___490007,cloudbeds,2026-12-12T00:00:00.000000,1,0,0,0,1,452.0,1
203812___490007,cloudbeds,2026-12-13T00:00:00.000000,1,0,0,0,1,380.0,1
203812___490007,cloudbeds,2026-12-14T00:00:00.000000,1,0,0,0,1,297.0,1
203812___490007,cloudbeds,2026-12-15T00:00:00.000000,1,0,0,0,1,297.0,1
203812___490007,cloudbeds,2026-12-16T00:00:00.000000,1,0,0,0,1,297.0,1
203812___490007,cloudbeds,2026-12-17T00:00:00.000000,1,0,0,0,1,380.0,1
203812___490007,cloudbeds,2026-12-18T00:00:00.000000,1,0,0,0,1,500.0,1
203812___490007,cloudbeds,2026-12-19T00:00:00.000000,1,0,0,0,1,500.0,1
203812___490007,cloudbeds,2026-12-20T00:00:00.000000,1,0,0,0,1,451.0,1
203812___490007,cloudbeds,2026-12-21T00:00:00.000000,1,0,0,0,1,390.0,1
203812___490007,cloudbeds,2026-12-22T00:00:00.000000,1,0,0,0,1,390.0,1
203812___490007,cloudbeds,2026-12-23T00:00:00.000000,1,0,0,0,1,452.0,1
203812___490007,cloudbeds,2026-12-24T00:00:00.000000,1,0,0,0,1,452.0,1
203812___490007,cloudbeds,2026-12-25T00:00:00.000000,1,0,0,0,1,702.0,1
203812___490007,cloudbeds,2026-12-26T00:00:00.000000,1,0,0,0,1,702.0,1
203812___490007,cloudbeds,2026-12-27T00:00:00.000000,1,0,0,0,1,452.0,1
203812___490007,cloudbeds,2026-12-28T00:00:00.000000,1,0,0,0,1,297.0,1
203812___490007,cloudbeds,2026-12-29T00:00:00.000000,1,0,0,0,1,297.0,1
203812___490007,cloudbeds,2026-12-30T00:00:00.000000,1,0,0,0,1,618.0,1
203812___490007,cloudbeds,2026-12-31T00:00:00.000000,1,0,0,0,1,618.0,1
203812___490007,cloudbeds,2027-01-01T00:00:00.000000,1,0,0,0,1,364.0,1
203812___490007,cloudbeds,2027-01-02T00:00:00.000000,1,0,0,0,1,364.0,1
203812___490007,cloudbeds,2027-01-03T00:00:00.000000,1,0,0,0,1,380.0,1
203812___528745,cloudbeds,2026-02-04T00:00:00.000000,1,0,0,0,1,186.0,1
203812___528745,cloudbeds,2026-02-05T00:00:00.000000,1,0,0,0,1,194.0,1
203812___528745,cloudbeds,2026-02-06T00:00:00.000000,1,0,0,0,1,259.0,1
203812___528745,cloudbeds,2026-02-07T00:00:00.000000,1,1,0,0,1,284.0,0
203812___528745,cloudbeds,2026-02-08T00:00:00.000000,1,0,0,0,1,218.0,1
203812___528745,cloudbeds,2026-02-09T00:00:00.000000,1,0,0,0,1,186.0,1
203812___528745,cloudbeds,2026-02-10T00:00:00.000000,1,0,0,0,1,186.0,1
203812___528745,cloudbeds,2026-02-11T00:00:00.000000,1,0,0,0,1,205.0,1
203812___528745,cloudbeds,2026-02-12T00:00:00.000000,1,0,0,0,1,204.0,1
203812___528745,cloudbeds,2026-02-13T00:00:00.000000,1,1,0,0,1,626.0,0
203812___528745,cloudbeds,2026-02-14T00:00:00.000000,1,1,0,0,1,626.0,0
203812___528745,cloudbeds,2026-02-15T00:00:00.000000,1,1,0,0,1,256.0,0
203812___528745,cloudbeds,2026-02-16T00:00:00.000000,1,0,0,0,1,186.0,1
203812___528745,cloudbeds,2026-02-17T00:00:00.000000,1,0,0,0,1,186.0,1
203812___528745,cloudbeds,2026-02-18T00:00:00.000000,1,0,0,0,1,186.0,1
203812___528745,cloudbeds,2026-02-19T00:00:00.000000,1,0,0,0,1,339.0,1
203812___528745,cloudbeds,2026-02-20T00:00:00.000000,1,0,0,0,1,417.0,1
203812___528745,cloudbeds,2026-02-21T00:00:00.000000,1,0,0,0,1,528.0,1
203812___528745,cloudbeds,2026-02-22T00:00:00.000000,1,0,0,0,1,339.0,1
203812___528745,cloudbeds,2026-02-23T00:00:00.000000,1,0,0,0,1,179.0,1
203812___528745,cloudbeds,2026-02-24T00:00:00.000000,1,0,0,0,1,179.0,1
203812___528745,cloudbeds,2026-02-25T00:00:00.000000,1,0,0,0,1,179.0,1
203812___528745,cloudbeds,2026-02-26T00:00:00.000000,1,0,0,0,1,196.0,1
203812___528745,cloudbeds,2026-02-27T00:00:00.000000,1,1,0,0,1,417.0,0
203812___528745,cloudbeds,2026-02-28T00:00:00.000000,1,1,0,0,1,417.0,0
203812___528745,cloudbeds,2026-03-01T00:00:00.000000,1,0,0,0,1,285.0,1
203812___528745,cloudbeds,2026-03-02T00:00:00.000000,1,0,0,0,1,297.0,1
203812___528745,cloudbeds,2026-03-03T00:00:00.000000,1,0,0,0,1,297.0,1
203812___528745,cloudbeds,2026-03-04T00:00:00.000000,1,0,0,0,1,297.0,1
203812___528745,cloudbeds,2026-03-05T00:00:00.000000,1,0,0,0,1,380.0,1
203812___528745,cloudbeds,2026-03-06T00:00:00.000000,1,0,0,0,1,573.0,1
203812___528745,cloudbeds,2026-03-07T00:00:00.000000,1,0,0,0,1,573.0,1
203812___528745,cloudbeds,2026-03-08T00:00:00.000000,1,0,0,0,1,380.0,1
203812___528745,cloudbeds,2026-03-09T00:00:00.000000,1,0,0,0,1,327.0,1
203812___528745,cloudbeds,2026-03-10T00:00:00.000000,1,0,0,0,1,327.0,1
203812___528745,cloudbeds,2026-03-11T00:00:00.000000,1,0,0,0,1,327.0,1
203812___528745,cloudbeds,2026-03-12T00:00:00.000000,1,0,0,0,1,380.0,1
203812___528745,cloudbeds,2026-03-13T00:00:00.000000,1,0,0,0,1,619.0,1
203812___528745,cloudbeds,2026-03-14T00:00:00.000000,1,0,0,0,1,619.0,1
203812___528745,cloudbeds,2026-03-15T00:00:00.000000,1,0,0,0,1,530.0,1
203812___528745,cloudbeds,2026-03-16T00:00:00.000000,1,0,0,0,1,359.0,1
203812___528745,cloudbeds,2026-03-17T00:00:00.000000,1,0,0,0,1,359.0,1
203812___528745,cloudbeds,2026-03-18T00:00:00.000000,1,0,0,0,1,359.0,1
203812___528745,cloudbeds,2026-03-19T00:00:00.000000,1,0,0,0,1,452.0,1
203812___528745,cloudbeds,2026-03-20T00:00:00.000000,1,0,0,0,1,563.0,1
203812___528745,cloudbeds,2026-03-21T00:00:00.000000,1,0,0,0,1,563.0,1
203812___528745,cloudbeds,2026-03-22T00:00:00.000000,1,0,0,0,1,499.0,1
203812___528745,cloudbeds,2026-03-23T00:00:00.000000,1,0,0,0,1,327.0,1
203812___528745,cloudbeds,2026-03-24T00:00:00.000000,1,0,0,0,1,327.0,1
203812___528745,cloudbeds,2026-03-25T00:00:00.000000,1,0,0,0,1,327.0,1
203812___528745,cloudbeds,2026-03-26T00:00:00.000000,1,0,0,0,1,497.0,1
203812___528745,cloudbeds,2026-03-27T00:00:00.000000,1,0,0,0,1,520.0,1
203812___528745,cloudbeds,2026-03-28T00:00:00.000000,1,0,0,0,1,520.0,1
203812___528745,cloudbeds,2026-03-29T00:00:00.000000,1,0,0,0,1,452.0,1
203812___528745,cloudbeds,2026-03-30T00:00:00.000000,1,0,0,0,1,297.0,1
203812___528745,cloudbeds,2026-03-31T00:00:00.000000,1,0,0,0,1,297.0,1
203812___528745,cloudbeds,2026-04-01T00:00:00.000000,1,0,0,0,1,297.0,1
203812___528745,cloudbeds,2026-04-02T00:00:00.000000,1,0,0,0,1,452.0,1
203812___528745,cloudbeds,2026-04-03T00:00:00.000000,1,0,0,0,1,520.0,1
203812___528745,cloudbeds,2026-04-04T00:00:00.000000,1,0,0,0,1,520.0,1
203812___528745,cloudbeds,2026-04-05T00:00:00.000000,1,0,0,0,1,452.0,1
203812___528745,cloudbeds,2026-04-06T00:00:00.000000,1,0,0,0,1,297.0,1
203812___528745,cloudbeds,2026-04-07T00:00:00.000000,1,0,0,0,1,297.0,1
203812___528745,cloudbeds,2026-04-08T00:00:00.000000,1,0,0,0,1,297.0,1
203812___528745,cloudbeds,2026-04-09T00:00:00.000000,1,0,0,0,1,344.0,1
203812___528745,cloudbeds,2026-04-10T00:00:00.000000,1,0,0,0,1,571.0,1
203812___528745,cloudbeds,2026-04-11T00:00:00.000000,1,0,0,0,1,571.0,1
203812___528745,cloudbeds,2026-04-12T00:00:00.000000,1,0,0,0,1,344.0,1
203812___528745,cloudbeds,2026-04-13T00:00:00.000000,1,0,0,0,1,297.0,1
203812___528745,cloudbeds,2026-04-14T00:00:00.000000,1,0,0,0,1,297.0,1
203812___528745,cloudbeds,2026-04-15T00:00:00.000000,1,0,0,0,1,297.0,1
203812___528745,cloudbeds,2026-04-16T00:00:00.000000,1,0,0,0,1,344.0,1
203812___528745,cloudbeds,2026-04-17T00:00:00.000000,1,0,0,0,1,571.0,1
203812___528745,cloudbeds,2026-04-18T00:00:00.000000,1,0,0,0,1,571.0,1
203812___528745,cloudbeds,2026-04-19T00:00:00.000000,1,0,0,0,1,344.0,1
203812___528745,cloudbeds,2026-04-20T00:00:00.000000,1,0,0,0,1,297.0,1
203812___528745,cloudbeds,2026-04-21T00:00:00.000000,1,0,0,0,1,297.0,1
203812___528745,cloudbeds,2026-04-22T00:00:00.000000,1,0,0,0,1,297.0,1
203812___528745,cloudbeds,2026-04-23T00:00:00.000000,1,0,0,0,1,380.0,1
203812___528745,cloudbeds,2026-04-24T00:00:00.000000,1,0,0,0,1,571.0,1
203812___528745,cloudbeds,2026-04-25T00:00:00.000000,1,0,0,0,1,571.0,1
203812___528745,cloudbeds,2026-04-26T00:00:00.000000,1,0,0,0,1,380.0,1
203812___528745,cloudbeds,2026-04-27T00:00:00.000000,1,0,0,0,1,297.0,1
203812___528745,cloudbeds,2026-04-28T00:00:00.000000,1,0,0,0,1,297.0,1
203812___528745,cloudbeds,2026-04-29T00:00:00.000000,1,0,0,0,1,297.0,1
203812___528745,cloudbeds,2026-04-30T00:00:00.000000,1,0,0,0,1,380.0,1
203812___528745,cloudbeds,2026-05-01T00:00:00.000000,1,0,0,0,1,499.0,1
203812___528745,cloudbeds,2026-05-02T00:00:00.000000,1,0,0,0,1,499.0,1
203812___528745,cloudbeds,2026-05-03T00:00:00.000000,1,0,0,0,1,380.0,1
203812___528745,cloudbeds,2026-05-04T00:00:00.000000,1,0,0,0,1,276.0,1
203812___528745,cloudbeds,2026-05-05T00:00:00.000000,1,0,0,0,1,276.0,1
203812___528745,cloudbeds,2026-05-06T00:00:00.000000,1,0,0,0,1,276.0,1
203812___528745,cloudbeds,2026-05-07T00:00:00.000000,1,0,0,0,1,380.0,1
203812___528745,cloudbeds,2026-05-08T00:00:00.000000,1,0,0,0,1,487.0,1
203812___528745,cloudbeds,2026-05-09T00:00:00.000000,1,0,0,0,1,487.0,1
203812___528745,cloudbeds,2026-05-10T00:00:00.000000,1,0,0,0,1,380.0,1
203812___528745,cloudbeds,2026-05-11T00:00:00.000000,1,0,0,0,1,276.0,1
203812___528745,cloudbeds,2026-05-12T00:00:00.000000,1,0,0,0,1,276.0,1
203812___528745,cloudbeds,2026-05-13T00:00:00.000000,1,0,0,0,1,276.0,1
203812___528745,cloudbeds,2026-05-14T00:00:00.000000,1,0,0,0,1,380.0,1
203812___528745,cloudbeds,2026-05-15T00:00:00.000000,1,0,0,0,1,487.0,1
203812___528745,cloudbeds,2026-05-16T00:00:00.000000,1,0,0,0,1,487.0,1
203812___528745,cloudbeds,2026-05-17T00:00:00.000000,1,0,0,0,1,380.0,1
203812___528745,cloudbeds,2026-05-18T00:00:00.000000,1,0,0,0,1,276.0,1
203812___528745,cloudbeds,2026-05-19T00:00:00.000000,1,0,0,0,1,276.0,1
203812___528745,cloudbeds,2026-05-20T00:00:00.000000,1,0,0,0,1,276.0,1
203812___528745,cloudbeds,2026-05-21T00:00:00.000000,1,0,0,0,1,380.0,1
203812___528745,cloudbeds,2026-05-22T00:00:00.000000,1,0,0,0,1,512.0,1
203812___528745,cloudbeds,2026-05-23T00:00:00.000000,1,0,0,0,1,512.0,1
203812___528745,cloudbeds,2026-05-24T00:00:00.000000,1,0,0,0,1,431.0,1
203812___528745,cloudbeds,2026-05-25T00:00:00.000000,1,0,0,0,1,317.0,1
203812___528745,cloudbeds,2026-05-26T00:00:00.000000,1,0,0,0,1,276.0,1
203812___528745,cloudbeds,2026-05-27T00:00:00.000000,1,0,0,0,1,276.0,1
203812___528745,cloudbeds,2026-05-28T00:00:00.000000,1,0,0,0,1,380.0,1
203812___528745,cloudbeds,2026-05-29T00:00:00.000000,1,0,0,0,1,499.0,1
203812___528745,cloudbeds,2026-05-30T00:00:00.000000,1,0,0,0,1,499.0,1
203812___528745,cloudbeds,2026-05-31T00:00:00.000000,1,0,0,0,1,380.0,1
203812___528745,cloudbeds,2026-06-01T00:00:00.000000,1,0,0,0,1,297.0,1
203812___528745,cloudbeds,2026-06-02T00:00:00.000000,1,0,0,0,1,297.0,1
203812___528745,cloudbeds,2026-06-03T00:00:00.000000,1,0,0,0,1,297.0,1
203812___528745,cloudbeds,2026-06-04T00:00:00.000000,1,0,0,0,1,380.0,1
203812___528745,cloudbeds,2026-06-05T00:00:00.000000,1,0,0,0,1,499.0,1
203812___528745,cloudbeds,2026-06-06T00:00:00.000000,1,0,0,0,1,499.0,1
203812___528745,cloudbeds,2026-06-07T00:00:00.000000,1,0,0,0,1,380.0,1
203812___528745,cloudbeds,2026-06-08T00:00:00.000000,1,0,0,0,1,297.0,1
203812___528745,cloudbeds,2026-06-09T00:00:00.000000,1,0,0,0,1,297.0,1
203812___528745,cloudbeds,2026-06-10T00:00:00.000000,1,0,0,0,1,297.0,1
203812___528745,cloudbeds,2026-06-11T00:00:00.000000,1,0,0,0,1,452.0,1
203812___528745,cloudbeds,2026-06-12T00:00:00.000000,1,0,0,0,1,499.0,1
203812___528745,cloudbeds,2026-06-13T00:00:00.000000,1,0,0,0,1,499.0,1
203812___528745,cloudbeds,2026-06-14T00:00:00.000000,1,0,0,0,1,452.0,1
203812___528745,cloudbeds,2026-06-15T00:00:00.000000,1,0,0,0,1,297.0,1
203812___528745,cloudbeds,2026-06-16T00:00:00.000000,1,0,0,0,1,297.0,1
203812___528745,cloudbeds,2026-06-17T00:00:00.000000,1,0,0,0,1,297.0,1
203812___528745,cloudbeds,2026-06-18T00:00:00.000000,1,0,0,0,1,452.0,1
203812___528745,cloudbeds,2026-06-19T00:00:00.000000,1,0,0,0,1,499.0,1
203812___528745,cloudbeds,2026-06-20T00:00:00.000000,1,0,0,0,1,499.0,1
203812___528745,cloudbeds,2026-06-21T00:00:00.000000,1,0,0,0,1,452.0,1
203812___528745,cloudbeds,2026-06-22T00:00:00.000000,1,0,0,0,1,297.0,1
203812___528745,cloudbeds,2026-06-23T00:00:00.000000,1,0,0,0,1,297.0,1
203812___528745,cloudbeds,2026-06-24T00:00:00.000000,1,0,0,0,1,297.0,1
203812___528745,cloudbeds,2026-06-25T00:00:00.000000,1,0,0,0,1,452.0,1
203812___528745,cloudbeds,2026-06-26T00:00:00.000000,1,0,0,0,1,499.0,1
203812___528745,cloudbeds,2026-06-27T00:00:00.000000,1,0,0,0,1,499.0,1
203812___528745,cloudbeds,2026-06-28T00:00:00.000000,1,0,0,0,1,452.0,1
203812___528745,cloudbeds,2026-06-29T00:00:00.000000,1,0,0,0,1,297.0,1
203812___528745,cloudbeds,2026-06-30T00:00:00.000000,1,0,0,0,1,297.0,1
203812___528745,cloudbeds,2026-07-01T00:00:00.000000,1,0,0,0,1,297.0,1
203812___528745,cloudbeds,2026-07-02T00:00:00.000000,1,0,0,0,1,430.0,1
203812___528745,cloudbeds,2026-07-03T00:00:00.000000,1,0,0,0,1,571.0,1
203812___528745,cloudbeds,2026-07-04T00:00:00.000000,1,0,0,0,1,571.0,1
203812___528745,cloudbeds,2026-07-05T00:00:00.000000,1,0,0,0,1,430.0,1
203812___528745,cloudbeds,2026-07-06T00:00:00.000000,1,0,0,0,1,297.0,1
203812___528745,cloudbeds,2026-07-07T00:00:00.000000,1,0,0,0,1,297.0,1
203812___528745,cloudbeds,2026-07-08T00:00:00.000000,1,0,0,0,1,297.0,1
203812___528745,cloudbeds,2026-07-09T00:00:00.000000,1,0,0,0,1,344.0,1
203812___528745,cloudbeds,2026-07-10T00:00:00.000000,1,0,0,0,1,421.0,1
203812___528745,cloudbeds,2026-07-11T00:00:00.000000,1,0,0,0,1,421.0,1
203812___528745,cloudbeds,2026-07-12T00:00:00.000000,1,0,0,0,1,344.0,1
203812___528745,cloudbeds,2026-07-13T00:00:00.000000,1,0,0,0,1,297.0,1
203812___528745,cloudbeds,2026-07-14T00:00:00.000000,1,0,0,0,1,297.0,1
203812___528745,cloudbeds,2026-07-15T00:00:00.000000,1,0,0,0,1,297.0,1
203812___528745,cloudbeds,2026-07-16T00:00:00.000000,1,0,0,0,1,380.0,1
203812___528745,cloudbeds,2026-07-17T00:00:00.000000,1,0,0,0,1,499.0,1
203812___528745,cloudbeds,2026-07-18T00:00:00.000000,1,0,0,0,1,499.0,1
203812___528745,cloudbeds,2026-07-19T00:00:00.000000,1,0,0,0,1,380.0,1
203812___528745,cloudbeds,2026-07-20T00:00:00.000000,1,0,0,0,1,276.0,1
203812___528745,cloudbeds,2026-07-21T00:00:00.000000,1,0,0,0,1,276.0,1
203812___528745,cloudbeds,2026-07-22T00:00:00.000000,1,0,0,0,1,276.0,1
203812___528745,cloudbeds,2026-07-23T00:00:00.000000,1,0,0,0,1,344.0,1
203812___528745,cloudbeds,2026-07-24T00:00:00.000000,1,0,0,0,1,516.0,1
203812___528745,cloudbeds,2026-07-25T00:00:00.000000,1,0,0,0,1,516.0,1
203812___528745,cloudbeds,2026-07-26T00:00:00.000000,1,0,0,0,1,344.0,1
203812___528745,cloudbeds,2026-07-27T00:00:00.000000,1,0,0,0,1,297.0,1
203812___528745,cloudbeds,2026-07-28T00:00:00.000000,1,0,0,0,1,297.0,1
203812___528745,cloudbeds,2026-07-29T00:00:00.000000,1,0,0,0,1,297.0,1
203812___528745,cloudbeds,2026-07-30T00:00:00.000000,1,0,0,0,1,344.0,1
203812___528745,cloudbeds,2026-07-31T00:00:00.000000,1,0,0,0,1,516.0,1
203812___528745,cloudbeds,2026-08-01T00:00:00.000000,1,0,0,0,1,516.0,1
203812___528745,cloudbeds,2026-08-02T00:00:00.000000,1,0,0,0,1,344.0,1
203812___528745,cloudbeds,2026-08-03T00:00:00.000000,1,0,0,0,1,276.0,1
203812___528745,cloudbeds,2026-08-04T00:00:00.000000,1,0,0,0,1,276.0,1
203812___528745,cloudbeds,2026-08-05T00:00:00.000000,1,0,0,0,1,276.0,1
203812___528745,cloudbeds,2026-08-06T00:00:00.000000,1,0,0,0,1,344.0,1
203812___528745,cloudbeds,2026-08-07T00:00:00.000000,1,0,0,0,1,421.0,1
203812___528745,cloudbeds,2026-08-08T00:00:00.000000,1,0,0,0,1,421.0,1
203812___528745,cloudbeds,2026-08-09T00:00:00.000000,1,0,0,0,1,344.0,1
203812___528745,cloudbeds,2026-08-10T00:00:00.000000,1,0,0,0,1,297.0,1
203812___528745,cloudbeds,2026-08-11T00:00:00.000000,1,0,0,0,1,297.0,1
203812___528745,cloudbeds,2026-08-12T00:00:00.000000,1,0,0,0,1,297.0,1
203812___528745,cloudbeds,2026-08-13T00:00:00.000000,1,0,0,0,1,380.0,1
203812___528745,cloudbeds,2026-08-14T00:00:00.000000,1,0,0,0,1,421.0,1
203812___528745,cloudbeds,2026-08-15T00:00:00.000000,1,0,0,0,1,421.0,1
203812___528745,cloudbeds,2026-08-16T00:00:00.000000,1,0,0,0,1,380.0,1
203812___528745,cloudbeds,2026-08-17T00:00:00.000000,1,0,0,0,1,297.0,1
203812___528745,cloudbeds,2026-08-18T00:00:00.000000,1,0,0,0,1,297.0,1
203812___528745,cloudbeds,2026-08-19T00:00:00.000000,1,0,0,0,1,297.0,1
203812___528745,cloudbeds,2026-08-20T00:00:00.000000,1,0,0,0,1,344.0,1
203812___528745,cloudbeds,2026-08-21T00:00:00.000000,1,0,0,0,1,499.0,1
203812___528745,cloudbeds,2026-08-22T00:00:00.000000,1,0,0,0,1,499.0,1
203812___528745,cloudbeds,2026-08-23T00:00:00.000000,1,0,0,0,1,344.0,1
203812___528745,cloudbeds,2026-08-24T00:00:00.000000,1,0,0,0,1,297.0,1
203812___528745,cloudbeds,2026-08-25T00:00:00.000000,1,0,0,0,1,297.0,1
203812___528745,cloudbeds,2026-08-26T00:00:00.000000,1,0,0,0,1,297.0,1
203812___528745,cloudbeds,2026-08-27T00:00:00.000000,1,0,0,0,1,344.0,1
203812___528745,cloudbeds,2026-08-28T00:00:00.000000,1,0,0,0,1,499.0,1
203812___528745,cloudbeds,2026-08-29T00:00:00.000000,1,0,0,0,1,499.0,1
203812___528745,cloudbeds,2026-08-30T00:00:00.000000,1,0,0,0,1,344.0,1
203812___528745,cloudbeds,2026-08-31T00:00:00.000000,1,0,0,0,1,297.0,1
203812___528745,cloudbeds,2026-09-01T00:00:00.000000,1,0,0,0,1,297.0,1
203812___528745,cloudbeds,2026-09-02T00:00:00.000000,1,0,0,0,1,297.0,1
203812___528745,cloudbeds,2026-09-03T00:00:00.000000,1,0,0,0,1,451.0,1
203812___528745,cloudbeds,2026-09-04T00:00:00.000000,1,0,0,0,1,583.0,1
203812___528745,cloudbeds,2026-09-05T00:00:00.000000,1,0,0,0,1,583.0,1
203812___528745,cloudbeds,2026-09-06T00:00:00.000000,1,0,0,0,1,496.0,1
203812___528745,cloudbeds,2026-09-07T00:00:00.000000,1,0,0,0,1,390.0,1
203812___528745,cloudbeds,2026-09-08T00:00:00.000000,1,0,0,0,1,359.0,1
203812___528745,cloudbeds,2026-09-09T00:00:00.000000,1,0,0,0,1,359.0,1
203812___528745,cloudbeds,2026-09-10T00:00:00.000000,1,0,0,0,1,451.0,1
203812___528745,cloudbeds,2026-09-11T00:00:00.000000,1,0,0,0,1,478.0,1
203812___528745,cloudbeds,2026-09-12T00:00:00.000000,1,0,0,0,1,478.0,1
203812___528745,cloudbeds,2026-09-13T00:00:00.000000,1,0,0,0,1,451.0,1
203812___528745,cloudbeds,2026-09-14T00:00:00.000000,1,0,0,0,1,359.0,1
203812___528745,cloudbeds,2026-09-15T00:00:00.000000,1,0,0,0,1,359.0,1
203812___528745,cloudbeds,2026-09-16T00:00:00.000000,1,0,0,0,1,359.0,1
203812___528745,cloudbeds,2026-09-17T00:00:00.000000,1,0,0,0,1,452.0,1
203812___528745,cloudbeds,2026-09-18T00:00:00.000000,1,0,0,0,1,478.0,1
203812___528745,cloudbeds,2026-09-19T00:00:00.000000,1,0,0,0,1,478.0,1
203812___528745,cloudbeds,2026-09-20T00:00:00.000000,1,0,0,0,1,452.0,1
203812___528745,cloudbeds,2026-09-21T00:00:00.000000,1,0,0,0,1,297.0,1
203812___528745,cloudbeds,2026-09-22T00:00:00.000000,1,0,0,0,1,297.0,1
203812___528745,cloudbeds,2026-09-23T00:00:00.000000,1,0,0,0,1,297.0,1
203812___528745,cloudbeds,2026-09-24T00:00:00.000000,1,0,0,0,1,451.0,1
203812___528745,cloudbeds,2026-09-25T00:00:00.000000,1,0,0,0,1,516.0,1
203812___528745,cloudbeds,2026-09-26T00:00:00.000000,1,0,0,0,1,516.0,1
203812___528745,cloudbeds,2026-09-27T00:00:00.000000,1,0,0,0,1,451.0,1
203812___528745,cloudbeds,2026-09-28T00:00:00.000000,1,0,0,0,1,359.0,1
203812___528745,cloudbeds,2026-09-29T00:00:00.000000,1,0,0,0,1,359.0,1
203812___528745,cloudbeds,2026-09-30T00:00:00.000000,1,0,0,0,1,359.0,1
203812___528745,cloudbeds,2026-10-01T00:00:00.000000,1,0,0,0,1,421.0,1
203812___528745,cloudbeds,2026-10-02T00:00:00.000000,1,0,0,0,1,516.0,1
203812___528745,cloudbeds,2026-10-03T00:00:00.000000,1,0,0,0,1,516.0,1
203812___528745,cloudbeds,2026-10-04T00:00:00.000000,1,0,0,0,1,421.0,1
203812___528745,cloudbeds,2026-10-05T00:00:00.000000,1,0,0,0,1,359.0,1
203812___528745,cloudbeds,2026-10-06T00:00:00.000000,1,0,0,0,1,359.0,1
203812___528745,cloudbeds,2026-10-07T00:00:00.000000,1,0,0,0,1,359.0,1
203812___528745,cloudbeds,2026-10-08T00:00:00.000000,1,0,0,0,1,452.0,1
203812___528745,cloudbeds,2026-10-09T00:00:00.000000,1,0,0,0,1,563.0,1
203812___528745,cloudbeds,2026-10-10T00:00:00.000000,1,0,0,0,1,563.0,1
203812___528745,cloudbeds,2026-10-11T00:00:00.000000,1,0,0,0,1,499.0,1
203812___528745,cloudbeds,2026-10-12T00:00:00.000000,1,0,0,0,1,432.0,1
203812___528745,cloudbeds,2026-10-13T00:00:00.000000,1,0,0,0,1,359.0,1
203812___528745,cloudbeds,2026-10-14T00:00:00.000000,1,0,0,0,1,359.0,1
203812___528745,cloudbeds,2026-10-15T00:00:00.000000,1,0,0,0,1,530.0,1
203812___528745,cloudbeds,2026-10-16T00:00:00.000000,1,0,0,0,1,516.0,1
203812___528745,cloudbeds,2026-10-17T00:00:00.000000,1,0,0,0,1,516.0,1
203812___528745,cloudbeds,2026-10-18T00:00:00.000000,1,0,0,0,1,530.0,1
203812___528745,cloudbeds,2026-10-19T00:00:00.000000,1,0,0,0,1,392.0,1
203812___528745,cloudbeds,2026-10-20T00:00:00.000000,1,0,0,0,1,392.0,1
203812___528745,cloudbeds,2026-10-21T00:00:00.000000,1,0,0,0,1,392.0,1
203812___528745,cloudbeds,2026-10-22T00:00:00.000000,1,0,0,0,1,530.0,1
203812___528745,cloudbeds,2026-10-23T00:00:00.000000,1,0,0,0,1,516.0,1
203812___528745,cloudbeds,2026-10-24T00:00:00.000000,1,0,0,0,1,516.0,1
203812___528745,cloudbeds,2026-10-25T00:00:00.000000,1,0,0,0,1,530.0,1
203812___528745,cloudbeds,2026-10-26T00:00:00.000000,1,0,0,0,1,359.0,1
203812___528745,cloudbeds,2026-10-27T00:00:00.000000,1,0,0,0,1,359.0,1
203812___528745,cloudbeds,2026-10-28T00:00:00.000000,1,0,0,0,1,359.0,1
203812___528745,cloudbeds,2026-10-29T00:00:00.000000,1,0,0,0,1,530.0,1
203812___528745,cloudbeds,2026-10-30T00:00:00.000000,1,0,0,0,1,516.0,1
203812___528745,cloudbeds,2026-10-31T00:00:00.000000,1,0,0,0,1,516.0,1
203812___528745,cloudbeds,2026-11-01T00:00:00.000000,1,0,0,0,1,530.0,1
203812___528745,cloudbeds,2026-11-02T00:00:00.000000,1,0,0,0,1,359.0,1
203812___528745,cloudbeds,2026-11-03T00:00:00.000000,1,0,0,0,1,359.0,1
203812___528745,cloudbeds,2026-11-04T00:00:00.000000,1,0,0,0,1,359.0,1
203812___528745,cloudbeds,2026-11-05T00:00:00.000000,1,0,0,0,1,452.0,1
203812___528745,cloudbeds,2026-11-06T00:00:00.000000,1,0,0,0,1,516.0,1
203812___528745,cloudbeds,2026-11-07T00:00:00.000000,1,0,0,0,1,516.0,1
203812___528745,cloudbeds,2026-11-08T00:00:00.000000,1,0,0,0,1,452.0,1
203812___528745,cloudbeds,2026-11-09T00:00:00.000000,1,0,0,0,1,297.0,1
203812___528745,cloudbeds,2026-11-10T00:00:00.000000,1,0,0,0,1,297.0,1
203812___528745,cloudbeds,2026-11-11T00:00:00.000000,1,0,0,0,1,297.0,1
203812___528745,cloudbeds,2026-11-12T00:00:00.000000,1,0,0,0,1,452.0,1
203812___528745,cloudbeds,2026-11-13T00:00:00.000000,1,0,0,0,1,516.0,1
203812___528745,cloudbeds,2026-11-14T00:00:00.000000,1,0,0,0,1,516.0,1
203812___528745,cloudbeds,2026-11-15T00:00:00.000000,1,0,0,0,1,452.0,1
203812___528745,cloudbeds,2026-11-16T00:00:00.000000,1,0,0,0,1,359.0,1
203812___528745,cloudbeds,2026-11-17T00:00:00.000000,1,0,0,0,1,359.0,1
203812___528745,cloudbeds,2026-11-18T00:00:00.000000,1,0,0,0,1,359.0,1
203812___528745,cloudbeds,2026-11-19T00:00:00.000000,1,0,0,0,1,452.0,1
203812___528745,cloudbeds,2026-11-20T00:00:00.000000,1,0,0,0,1,516.0,1
203812___528745,cloudbeds,2026-11-21T00:00:00.000000,1,0,0,0,1,516.0,1
203812___528745,cloudbeds,2026-11-22T00:00:00.000000,1,0,0,0,1,452.0,1
203812___528745,cloudbeds,2026-11-23T00:00:00.000000,1,0,0,0,1,392.0,1
203812___528745,cloudbeds,2026-11-24T00:00:00.000000,1,0,0,0,1,392.0,1
203812___528745,cloudbeds,2026-11-25T00:00:00.000000,1,0,0,0,1,392.0,1
203812___528745,cloudbeds,2026-11-26T00:00:00.000000,1,0,0,0,1,475.0,1
203812___528745,cloudbeds,2026-11-27T00:00:00.000000,1,0,0,0,1,516.0,1
203812___528745,cloudbeds,2026-11-28T00:00:00.000000,1,0,0,0,1,516.0,1
203812___528745,cloudbeds,2026-11-29T00:00:00.000000,1,0,0,0,1,452.0,1
203812___528745,cloudbeds,2026-11-30T00:00:00.000000,1,0,0,0,1,297.0,1
203812___528745,cloudbeds,2026-12-01T00:00:00.000000,1,0,0,0,1,297.0,1
203812___528745,cloudbeds,2026-12-02T00:00:00.000000,1,0,0,0,1,297.0,1
203812___528745,cloudbeds,2026-12-03T00:00:00.000000,1,0,0,0,1,380.0,1
203812___528745,cloudbeds,2026-12-04T00:00:00.000000,1,0,0,0,1,452.0,1
203812___528745,cloudbeds,2026-12-05T00:00:00.000000,1,0,0,0,1,452.0,1
203812___528745,cloudbeds,2026-12-06T00:00:00.000000,1,0,0,0,1,380.0,1
203812___528745,cloudbeds,2026-12-07T00:00:00.000000,1,0,0,0,1,297.0,1
203812___528745,cloudbeds,2026-12-08T00:00:00.000000,1,0,0,0,1,297.0,1
203812___528745,cloudbeds,2026-12-09T00:00:00.000000,1,0,0,0,1,297.0,1
203812___528745,cloudbeds,2026-12-10T00:00:00.000000,1,0,0,0,1,380.0,1
203812___528745,cloudbeds,2026-12-11T00:00:00.000000,1,0,0,0,1,452.0,1
203812___528745,cloudbeds,2026-12-12T00:00:00.000000,1,0,0,0,1,452.0,1
203812___528745,cloudbeds,2026-12-13T00:00:00.000000,1,0,0,0,1,380.0,1
203812___528745,cloudbeds,2026-12-14T00:00:00.000000,1,0,0,0,1,297.0,1
203812___528745,cloudbeds,2026-12-15T00:00:00.000000,1,0,0,0,1,297.0,1
203812___528745,cloudbeds,2026-12-16T00:00:00.000000,1,0,0,0,1,297.0,1
203812___528745,cloudbeds,2026-12-17T00:00:00.000000,1,0,0,0,1,380.0,1
203812___528745,cloudbeds,2026-12-18T00:00:00.000000,1,0,0,0,1,500.0,1
203812___528745,cloudbeds,2026-12-19T00:00:00.000000,1,0,0,0,1,500.0,1
203812___528745,cloudbeds,2026-12-20T00:00:00.000000,1,0,0,0,1,451.0,1
203812___528745,cloudbeds,2026-12-21T00:00:00.000000,1,0,0,0,1,390.0,1
203812___528745,cloudbeds,2026-12-22T00:00:00.000000,1,0,0,0,1,390.0,1
203812___528745,cloudbeds,2026-12-23T00:00:00.000000,1,0,0,0,1,452.0,1
203812___528745,cloudbeds,2026-12-24T00:00:00.000000,1,0,0,0,1,452.0,1
203812___528745,cloudbeds,2026-12-25T00:00:00.000000,1,0,0,0,1,702.0,1
203812___528745,cloudbeds,2026-12-26T00:00:00.000000,1,0,0,0,1,702.0,1
203812___528745,cloudbeds,2026-12-27T00:00:00.000000,1,0,0,0,1,452.0,1
203812___528745,cloudbeds,2026-12-28T00:00:00.000000,1,0,0,0,1,297.0,1
203812___528745,cloudbeds,2026-12-29T00:00:00.000000,1,0,0,0,1,297.0,1
203812___528745,cloudbeds,2026-12-30T00:00:00.000000,1,0,0,0,1,618.0,1
203812___528745,cloudbeds,2026-12-31T00:00:00.000000,1,0,0,0,1,618.0,1
203812___528745,cloudbeds,2027-01-01T00:00:00.000000,1,0,0,0,1,364.0,1
203812___528745,cloudbeds,2027-01-02T00:00:00.000000,1,0,0,0,1,364.0,1
203812___528745,cloudbeds,2027-01-03T00:00:00.000000,1,0,0,0,1,380.0,1
203812___490024,cloudbeds,2026-02-04T00:00:00.000000,1,0,0,0,1,186.0,1
203812___490024,cloudbeds,2026-02-05T00:00:00.000000,1,0,0,0,1,194.0,1
203812___490024,cloudbeds,2026-02-06T00:00:00.000000,1,0,0,0,1,259.0,1
203812___490024,cloudbeds,2026-02-07T00:00:00.000000,1,0,0,0,1,284.0,1
203812___490024,cloudbeds,2026-02-08T00:00:00.000000,1,0,0,0,1,218.0,1
203812___490024,cloudbeds,2026-02-09T00:00:00.000000,1,0,0,0,1,186.0,1
203812___490024,cloudbeds,2026-02-10T00:00:00.000000,1,0,0,0,1,186.0,1
203812___490024,cloudbeds,2026-02-11T00:00:00.000000,1,0,0,0,1,205.0,1
203812___490024,cloudbeds,2026-02-12T00:00:00.000000,1,0,0,0,1,204.0,1
203812___490024,cloudbeds,2026-02-13T00:00:00.000000,1,1,0,0,1,438.0,0
203812___490024,cloudbeds,2026-02-14T00:00:00.000000,1,1,0,0,1,438.0,0
203812___490024,cloudbeds,2026-02-15T00:00:00.000000,1,0,0,0,1,256.0,1
203812___490024,cloudbeds,2026-02-16T00:00:00.000000,1,0,0,0,1,186.0,1
203812___490024,cloudbeds,2026-02-17T00:00:00.000000,1,0,0,0,1,186.0,1
203812___490024,cloudbeds,2026-02-18T00:00:00.000000,1,0,0,0,1,186.0,1
203812___490024,cloudbeds,2026-02-19T00:00:00.000000,1,0,0,0,1,204.0,1
203812___490024,cloudbeds,2026-02-20T00:00:00.000000,1,1,0,0,1,417.0,0
203812___490024,cloudbeds,2026-02-21T00:00:00.000000,1,1,0,0,1,417.0,0
203812___490024,cloudbeds,2026-02-22T00:00:00.000000,1,0,0,0,1,214.0,1
203812___490024,cloudbeds,2026-02-23T00:00:00.000000,1,0,0,0,1,179.0,1
203812___490024,cloudbeds,2026-02-24T00:00:00.000000,1,0,0,0,1,179.0,1
203812___490024,cloudbeds,2026-02-25T00:00:00.000000,1,0,0,0,1,179.0,1
203812___490024,cloudbeds,2026-02-26T00:00:00.000000,1,0,0,0,1,285.0,1
203812___490024,cloudbeds,2026-02-27T00:00:00.000000,1,0,0,0,1,417.0,1
203812___490024,cloudbeds,2026-02-28T00:00:00.000000,1,0,0,0,1,417.0,1
203812___490024,cloudbeds,2026-03-01T00:00:00.000000,1,0,0,0,1,285.0,1
203812___490024,cloudbeds,2026-03-02T00:00:00.000000,1,0,0,0,1,297.0,1
203812___490024,cloudbeds,2026-03-03T00:00:00.000000,1,0,0,0,1,297.0,1
203812___490024,cloudbeds,2026-03-04T00:00:00.000000,1,0,0,0,1,297.0,1
203812___490024,cloudbeds,2026-03-05T00:00:00.000000,1,0,0,0,1,380.0,1
203812___490024,cloudbeds,2026-03-06T00:00:00.000000,1,0,0,0,1,573.0,1
203812___490024,cloudbeds,2026-03-07T00:00:00.000000,1,0,0,0,1,573.0,1
203812___490024,cloudbeds,2026-03-08T00:00:00.000000,1,0,0,0,1,380.0,1
203812___490024,cloudbeds,2026-03-09T00:00:00.000000,1,0,0,0,1,327.0,1
203812___490024,cloudbeds,2026-03-10T00:00:00.000000,1,0,0,0,1,327.0,1
203812___490024,cloudbeds,2026-03-11T00:00:00.000000,1,0,0,0,1,327.0,1
203812___490024,cloudbeds,2026-03-12T00:00:00.000000,1,0,0,0,1,380.0,1
203812___490024,cloudbeds,2026-03-13T00:00:00.000000,1,0,0,0,1,619.0,1
203812___490024,cloudbeds,2026-03-14T00:00:00.000000,1,0,0,0,1,619.0,1
203812___490024,cloudbeds,2026-03-15T00:00:00.000000,1,0,0,0,1,530.0,1
203812___490024,cloudbeds,2026-03-16T00:00:00.000000,1,0,0,0,1,359.0,1
203812___490024,cloudbeds,2026-03-17T00:00:00.000000,1,0,0,0,1,359.0,1
203812___490024,cloudbeds,2026-03-18T00:00:00.000000,1,0,0,0,1,359.0,1
203812___490024,cloudbeds,2026-03-19T00:00:00.000000,1,0,0,0,1,452.0,1
203812___490024,cloudbeds,2026-03-20T00:00:00.000000,1,0,0,0,1,563.0,1
203812___490024,cloudbeds,2026-03-21T00:00:00.000000,1,0,0,0,1,563.0,1
203812___490024,cloudbeds,2026-03-22T00:00:00.000000,1,0,0,0,1,499.0,1
203812___490024,cloudbeds,2026-03-23T00:00:00.000000,1,0,0,0,1,327.0,1
203812___490024,cloudbeds,2026-03-24T00:00:00.000000,1,0,0,0,1,327.0,1
203812___490024,cloudbeds,2026-03-25T00:00:00.000000,1,0,0,0,1,327.0,1
203812___490024,cloudbeds,2026-03-26T00:00:00.000000,1,0,0,0,1,497.0,1
203812___490024,cloudbeds,2026-03-27T00:00:00.000000,1,0,0,0,1,520.0,1
203812___490024,cloudbeds,2026-03-28T00:00:00.000000,1,0,0,0,1,520.0,1
203812___490024,cloudbeds,2026-03-29T00:00:00.000000,1,0,0,0,1,452.0,1
203812___490024,cloudbeds,2026-03-30T00:00:00.000000,1,0,0,0,1,297.0,1
203812___490024,cloudbeds,2026-03-31T00:00:00.000000,1,0,0,0,1,297.0,1
203812___490024,cloudbeds,2026-04-01T00:00:00.000000,1,0,0,0,1,297.0,1
203812___490024,cloudbeds,2026-04-02T00:00:00.000000,1,0,0,0,1,452.0,1
203812___490024,cloudbeds,2026-04-03T00:00:00.000000,1,0,0,0,1,520.0,1
203812___490024,cloudbeds,2026-04-04T00:00:00.000000,1,0,0,0,1,520.0,1
203812___490024,cloudbeds,2026-04-05T00:00:00.000000,1,0,0,0,1,452.0,1
203812___490024,cloudbeds,2026-04-06T00:00:00.000000,1,0,0,0,1,297.0,1
203812___490024,cloudbeds,2026-04-07T00:00:00.000000,1,0,0,0,1,297.0,1
203812___490024,cloudbeds,2026-04-08T00:00:00.000000,1,0,0,0,1,297.0,1
203812___490024,cloudbeds,2026-04-09T00:00:00.000000,1,0,0,0,1,344.0,1
203812___490024,cloudbeds,2026-04-10T00:00:00.000000,1,0,0,0,1,571.0,1
203812___490024,cloudbeds,2026-04-11T00:00:00.000000,1,0,0,0,1,571.0,1
203812___490024,cloudbeds,2026-04-12T00:00:00.000000,1,0,0,0,1,344.0,1
203812___490024,cloudbeds,2026-04-13T00:00:00.000000,1,0,0,0,1,297.0,1
203812___490024,cloudbeds,2026-04-14T00:00:00.000000,1,0,0,0,1,297.0,1
203812___490024,cloudbeds,2026-04-15T00:00:00.000000,1,0,0,0,1,297.0,1
203812___490024,cloudbeds,2026-04-16T00:00:00.000000,1,0,0,0,1,344.0,1
203812___490024,cloudbeds,2026-04-17T00:00:00.000000,1,0,0,0,1,571.0,1
203812___490024,cloudbeds,2026-04-18T00:00:00.000000,1,0,0,0,1,571.0,1
203812___490024,cloudbeds,2026-04-19T00:00:00.000000,1,0,0,0,1,344.0,1
203812___490024,cloudbeds,2026-04-20T00:00:00.000000,1,0,0,0,1,297.0,1
203812___490024,cloudbeds,2026-04-21T00:00:00.000000,1,0,0,0,1,297.0,1
203812___490024,cloudbeds,2026-04-22T00:00:00.000000,1,0,0,0,1,297.0,1
203812___490024,cloudbeds,2026-04-23T00:00:00.000000,1,0,0,0,1,380.0,1
203812___490024,cloudbeds,2026-04-24T00:00:00.000000,1,0,0,0,1,571.0,1
203812___490024,cloudbeds,2026-04-25T00:00:00.000000,1,0,0,0,1,571.0,1
203812___490024,cloudbeds,2026-04-26T00:00:00.000000,1,0,0,0,1,380.0,1
203812___490024,cloudbeds,2026-04-27T00:00:00.000000,1,0,0,0,1,297.0,1
203812___490024,cloudbeds,2026-04-28T00:00:00.000000,1,0,0,0,1,297.0,1
203812___490024,cloudbeds,2026-04-29T00:00:00.000000,1,0,0,0,1,297.0,1
203812___490024,cloudbeds,2026-04-30T00:00:00.000000,1,0,0,0,1,380.0,1
203812___490024,cloudbeds,2026-05-01T00:00:00.000000,1,0,0,0,1,499.0,1
203812___490024,cloudbeds,2026-05-02T00:00:00.000000,1,0,0,0,1,499.0,1
203812___490024,cloudbeds,2026-05-03T00:00:00.000000,1,0,0,0,1,380.0,1
203812___490024,cloudbeds,2026-05-04T00:00:00.000000,1,0,0,0,1,276.0,1
203812___490024,cloudbeds,2026-05-05T00:00:00.000000,1,0,0,0,1,276.0,1
203812___490024,cloudbeds,2026-05-06T00:00:00.000000,1,0,0,0,1,276.0,1
203812___490024,cloudbeds,2026-05-07T00:00:00.000000,1,0,0,0,1,380.0,1
203812___490024,cloudbeds,2026-05-08T00:00:00.000000,1,0,0,0,1,487.0,1
203812___490024,cloudbeds,2026-05-09T00:00:00.000000,1,0,0,0,1,487.0,1
203812___490024,cloudbeds,2026-05-10T00:00:00.000000,1,0,0,0,1,380.0,1
203812___490024,cloudbeds,2026-05-11T00:00:00.000000,1,0,0,0,1,276.0,1
203812___490024,cloudbeds,2026-05-12T00:00:00.000000,1,0,0,0,1,276.0,1
203812___490024,cloudbeds,2026-05-13T00:00:00.000000,1,0,0,0,1,276.0,1
203812___490024,cloudbeds,2026-05-14T00:00:00.000000,1,0,0,0,1,380.0,1
203812___490024,cloudbeds,2026-05-15T00:00:00.000000,1,0,0,0,1,487.0,1
203812___490024,cloudbeds,2026-05-16T00:00:00.000000,1,0,0,0,1,487.0,1
203812___490024,cloudbeds,2026-05-17T00:00:00.000000,1,0,0,0,1,380.0,1
203812___490024,cloudbeds,2026-05-18T00:00:00.000000,1,0,0,0,1,276.0,1
203812___490024,cloudbeds,2026-05-19T00:00:00.000000,1,0,0,0,1,276.0,1
203812___490024,cloudbeds,2026-05-20T00:00:00.000000,1,0,0,0,1,276.0,1
203812___490024,cloudbeds,2026-05-21T00:00:00.000000,1,0,0,0,1,380.0,1
203812___490024,cloudbeds,2026-05-22T00:00:00.000000,1,0,0,0,1,512.0,1
203812___490024,cloudbeds,2026-05-23T00:00:00.000000,1,0,0,0,1,512.0,1
203812___490024,cloudbeds,2026-05-24T00:00:00.000000,1,0,0,0,1,431.0,1
203812___490024,cloudbeds,2026-05-25T00:00:00.000000,1,0,0,0,1,317.0,1
203812___490024,cloudbeds,2026-05-26T00:00:00.000000,1,0,0,0,1,276.0,1
203812___490024,cloudbeds,2026-05-27T00:00:00.000000,1,0,0,0,1,276.0,1
203812___490024,cloudbeds,2026-05-28T00:00:00.000000,1,0,0,0,1,380.0,1
203812___490024,cloudbeds,2026-05-29T00:00:00.000000,1,0,0,0,1,499.0,1
203812___490024,cloudbeds,2026-05-30T00:00:00.000000,1,0,0,0,1,499.0,1
203812___490024,cloudbeds,2026-05-31T00:00:00.000000,1,0,0,0,1,380.0,1
203812___490024,cloudbeds,2026-06-01T00:00:00.000000,1,0,0,0,1,297.0,1
203812___490024,cloudbeds,2026-06-02T00:00:00.000000,1,0,0,0,1,297.0,1
203812___490024,cloudbeds,2026-06-03T00:00:00.000000,1,0,0,0,1,297.0,1
203812___490024,cloudbeds,2026-06-04T00:00:00.000000,1,0,0,0,1,380.0,1
203812___490024,cloudbeds,2026-06-05T00:00:00.000000,1,0,0,0,1,499.0,1
203812___490024,cloudbeds,2026-06-06T00:00:00.000000,1,0,0,0,1,499.0,1
203812___490024,cloudbeds,2026-06-07T00:00:00.000000,1,0,0,0,1,380.0,1
203812___490024,cloudbeds,2026-06-08T00:00:00.000000,1,0,0,0,1,297.0,1
203812___490024,cloudbeds,2026-06-09T00:00:00.000000,1,0,0,0,1,297.0,1
203812___490024,cloudbeds,2026-06-10T00:00:00.000000,1,0,0,0,1,297.0,1
203812___490024,cloudbeds,2026-06-11T00:00:00.000000,1,0,0,0,1,452.0,1
203812___490024,cloudbeds,2026-06-12T00:00:00.000000,1,0,0,0,1,499.0,1
203812___490024,cloudbeds,2026-06-13T00:00:00.000000,1,0,0,0,1,499.0,1
203812___490024,cloudbeds,2026-06-14T00:00:00.000000,1,0,0,0,1,452.0,1
203812___490024,cloudbeds,2026-06-15T00:00:00.000000,1,0,0,0,1,297.0,1
203812___490024,cloudbeds,2026-06-16T00:00:00.000000,1,0,0,0,1,297.0,1
203812___490024,cloudbeds,2026-06-17T00:00:00.000000,1,0,0,0,1,297.0,1
203812___490024,cloudbeds,2026-06-18T00:00:00.000000,1,0,0,0,1,452.0,1
203812___490024,cloudbeds,2026-06-19T00:00:00.000000,1,0,0,0,1,499.0,1
203812___490024,cloudbeds,2026-06-20T00:00:00.000000,1,0,0,0,1,499.0,1
203812___490024,cloudbeds,2026-06-21T00:00:00.000000,1,0,0,0,1,452.0,1
203812___490024,cloudbeds,2026-06-22T00:00:00.000000,1,0,0,0,1,297.0,1
203812___490024,cloudbeds,2026-06-23T00:00:00.000000,1,0,0,0,1,297.0,1
203812___490024,cloudbeds,2026-06-24T00:00:00.000000,1,0,0,0,1,297.0,1
203812___490024,cloudbeds,2026-06-25T00:00:00.000000,1,0,0,0,1,452.0,1
203812___490024,cloudbeds,2026-06-26T00:00:00.000000,1,0,0,0,1,499.0,1
203812___490024,cloudbeds,2026-06-27T00:00:00.000000,1,0,0,0,1,499.0,1
203812___490024,cloudbeds,2026-06-28T00:00:00.000000,1,0,0,0,1,452.0,1
203812___490024,cloudbeds,2026-06-29T00:00:00.000000,1,0,0,0,1,297.0,1
203812___490024,cloudbeds,2026-06-30T00:00:00.000000,1,0,0,0,1,297.0,1
203812___490024,cloudbeds,2026-07-01T00:00:00.000000,1,0,0,0,1,297.0,1
203812___490024,cloudbeds,2026-07-02T00:00:00.000000,1,0,0,0,1,430.0,1
203812___490024,cloudbeds,2026-07-03T00:00:00.000000,1,0,0,0,1,571.0,1
203812___490024,cloudbeds,2026-07-04T00:00:00.000000,1,0,0,0,1,571.0,1
203812___490024,cloudbeds,2026-07-05T00:00:00.000000,1,0,0,0,1,430.0,1
203812___490024,cloudbeds,2026-07-06T00:00:00.000000,1,0,0,0,1,297.0,1
203812___490024,cloudbeds,2026-07-07T00:00:00.000000,1,0,0,0,1,297.0,1
203812___490024,cloudbeds,2026-07-08T00:00:00.000000,1,0,0,0,1,297.0,1
203812___490024,cloudbeds,2026-07-09T00:00:00.000000,1,0,0,0,1,344.0,1
203812___490024,cloudbeds,2026-07-10T00:00:00.000000,1,0,0,0,1,421.0,1
203812___490024,cloudbeds,2026-07-11T00:00:00.000000,1,0,0,0,1,421.0,1
203812___490024,cloudbeds,2026-07-12T00:00:00.000000,1,0,0,0,1,344.0,1
203812___490024,cloudbeds,2026-07-13T00:00:00.000000,1,0,0,0,1,297.0,1
203812___490024,cloudbeds,2026-07-14T00:00:00.000000,1,0,0,0,1,297.0,1
203812___490024,cloudbeds,2026-07-15T00:00:00.000000,1,0,0,0,1,297.0,1
203812___490024,cloudbeds,2026-07-16T00:00:00.000000,1,0,0,0,1,380.0,1
203812___490024,cloudbeds,2026-07-17T00:00:00.000000,1,0,0,0,1,499.0,1
203812___490024,cloudbeds,2026-07-18T00:00:00.000000,1,0,0,0,1,499.0,1
203812___490024,cloudbeds,2026-07-19T00:00:00.000000,1,0,0,0,1,380.0,1
203812___490024,cloudbeds,2026-07-20T00:00:00.000000,1,0,0,0,1,276.0,1
203812___490024,cloudbeds,2026-07-21T00:00:00.000000,1,0,0,0,1,276.0,1
203812___490024,cloudbeds,2026-07-22T00:00:00.000000,1,0,0,0,1,276.0,1
203812___490024,cloudbeds,2026-07-23T00:00:00.000000,1,0,0,0,1,344.0,1
203812___490024,cloudbeds,2026-07-24T00:00:00.000000,1,0,0,0,1,516.0,1
203812___490024,cloudbeds,2026-07-25T00:00:00.000000,1,0,0,0,1,516.0,1
203812___490024,cloudbeds,2026-07-26T00:00:00.000000,1,0,0,0,1,344.0,1
203812___490024,cloudbeds,2026-07-27T00:00:00.000000,1,0,0,0,1,297.0,1
203812___490024,cloudbeds,2026-07-28T00:00:00.000000,1,0,0,0,1,297.0,1
203812___490024,cloudbeds,2026-07-29T00:00:00.000000,1,0,0,0,1,297.0,1
203812___490024,cloudbeds,2026-07-30T00:00:00.000000,1,0,0,0,1,344.0,1
203812___490024,cloudbeds,2026-07-31T00:00:00.000000,1,0,0,0,1,516.0,1
203812___490024,cloudbeds,2026-08-01T00:00:00.000000,1,0,0,0,1,516.0,1
203812___490024,cloudbeds,2026-08-02T00:00:00.000000,1,0,0,0,1,344.0,1
203812___490024,cloudbeds,2026-08-03T00:00:00.000000,1,0,0,0,1,276.0,1
203812___490024,cloudbeds,2026-08-04T00:00:00.000000,1,0,0,0,1,276.0,1
203812___490024,cloudbeds,2026-08-05T00:00:00.000000,1,0,0,0,1,276.0,1
203812___490024,cloudbeds,2026-08-06T00:00:00.000000,1,0,0,0,1,344.0,1
203812___490024,cloudbeds,2026-08-07T00:00:00.000000,1,0,0,0,1,421.0,1
203812___490024,cloudbeds,2026-08-08T00:00:00.000000,1,0,0,0,1,421.0,1
203812___490024,cloudbeds,2026-08-09T00:00:00.000000,1,0,0,0,1,344.0,1
203812___490024,cloudbeds,2026-08-10T00:00:00.000000,1,0,0,0,1,297.0,1
203812___490024,cloudbeds,2026-08-11T00:00:00.000000,1,0,0,0,1,297.0,1
203812___490024,cloudbeds,2026-08-12T00:00:00.000000,1,0,0,0,1,297.0,1
203812___490024,cloudbeds,2026-08-13T00:00:00.000000,1,0,0,0,1,380.0,1
203812___490024,cloudbeds,2026-08-14T00:00:00.000000,1,0,0,0,1,421.0,1
203812___490024,cloudbeds,2026-08-15T00:00:00.000000,1,0,0,0,1,421.0,1
203812___490024,cloudbeds,2026-08-16T00:00:00.000000,1,0,0,0,1,380.0,1
203812___490024,cloudbeds,2026-08-17T00:00:00.000000,1,0,0,0,1,297.0,1
203812___490024,cloudbeds,2026-08-18T00:00:00.000000,1,0,0,0,1,297.0,1
203812___490024,cloudbeds,2026-08-19T00:00:00.000000,1,0,0,0,1,297.0,1
203812___490024,cloudbeds,2026-08-20T00:00:00.000000,1,0,0,0,1,344.0,1
203812___490024,cloudbeds,2026-08-21T00:00:00.000000,1,0,0,0,1,499.0,1
203812___490024,cloudbeds,2026-08-22T00:00:00.000000,1,0,0,0,1,499.0,1
203812___490024,cloudbeds,2026-08-23T00:00:00.000000,1,0,0,0,1,344.0,1
203812___490024,cloudbeds,2026-08-24T00:00:00.000000,1,0,0,0,1,297.0,1
203812___490024,cloudbeds,2026-08-25T00:00:00.000000,1,0,0,0,1,297.0,1
203812___490024,cloudbeds,2026-08-26T00:00:00.000000,1,0,0,0,1,297.0,1
203812___490024,cloudbeds,2026-08-27T00:00:00.000000,1,0,0,0,1,344.0,1
203812___490024,cloudbeds,2026-08-28T00:00:00.000000,1,0,0,0,1,499.0,1
203812___490024,cloudbeds,2026-08-29T00:00:00.000000,1,0,0,0,1,499.0,1
203812___490024,cloudbeds,2026-08-30T00:00:00.000000,1,0,0,0,1,344.0,1
203812___490024,cloudbeds,2026-08-31T00:00:00.000000,1,0,0,0,1,297.0,1
203812___490024,cloudbeds,2026-09-01T00:00:00.000000,1,0,0,0,1,297.0,1
203812___490024,cloudbeds,2026-09-02T00:00:00.000000,1,0,0,0,1,297.0,1
203812___490024,cloudbeds,2026-09-03T00:00:00.000000,1,0,0,0,1,451.0,1
203812___490024,cloudbeds,2026-09-04T00:00:00.000000,1,0,0,0,1,583.0,1
203812___490024,cloudbeds,2026-09-05T00:00:00.000000,1,0,0,0,1,583.0,1
203812___490024,cloudbeds,2026-09-06T00:00:00.000000,1,0,0,0,1,496.0,1
203812___490024,cloudbeds,2026-09-07T00:00:00.000000,1,0,0,0,1,390.0,1
203812___490024,cloudbeds,2026-09-08T00:00:00.000000,1,0,0,0,1,359.0,1
203812___490024,cloudbeds,2026-09-09T00:00:00.000000,1,0,0,0,1,359.0,1
203812___490024,cloudbeds,2026-09-10T00:00:00.000000,1,0,0,0,1,451.0,1
203812___490024,cloudbeds,2026-09-11T00:00:00.000000,1,0,0,0,1,478.0,1
203812___490024,cloudbeds,2026-09-12T00:00:00.000000,1,0,0,0,1,478.0,1
203812___490024,cloudbeds,2026-09-13T00:00:00.000000,1,0,0,0,1,451.0,1
203812___490024,cloudbeds,2026-09-14T00:00:00.000000,1,0,0,0,1,359.0,1
203812___490024,cloudbeds,2026-09-15T00:00:00.000000,1,0,0,0,1,359.0,1
203812___490024,cloudbeds,2026-09-16T00:00:00.000000,1,0,0,0,1,359.0,1
203812___490024,cloudbeds,2026-09-17T00:00:00.000000,1,0,0,0,1,452.0,1
203812___490024,cloudbeds,2026-09-18T00:00:00.000000,1,0,0,0,1,478.0,1
203812___490024,cloudbeds,2026-09-19T00:00:00.000000,1,0,0,0,1,478.0,1
203812___490024,cloudbeds,2026-09-20T00:00:00.000000,1,0,0,0,1,452.0,1
203812___490024,cloudbeds,2026-09-21T00:00:00.000000,1,0,0,0,1,297.0,1
203812___490024,cloudbeds,2026-09-22T00:00:00.000000,1,0,0,0,1,297.0,1
203812___490024,cloudbeds,2026-09-23T00:00:00.000000,1,0,0,0,1,297.0,1
203812___490024,cloudbeds,2026-09-24T00:00:00.000000,1,0,0,0,1,451.0,1
203812___490024,cloudbeds,2026-09-25T00:00:00.000000,1,0,0,0,1,516.0,1
203812___490024,cloudbeds,2026-09-26T00:00:00.000000,1,0,0,0,1,516.0,1
203812___490024,cloudbeds,2026-09-27T00:00:00.000000,1,0,0,0,1,451.0,1
203812___490024,cloudbeds,2026-09-28T00:00:00.000000,1,0,0,0,1,359.0,1
203812___490024,cloudbeds,2026-09-29T00:00:00.000000,1,0,0,0,1,359.0,1
203812___490024,cloudbeds,2026-09-30T00:00:00.000000,1,0,0,0,1,359.0,1
203812___490024,cloudbeds,2026-10-01T00:00:00.000000,1,0,0,0,1,421.0,1
203812___490024,cloudbeds,2026-10-02T00:00:00.000000,1,0,0,0,1,516.0,1
203812___490024,cloudbeds,2026-10-03T00:00:00.000000,1,0,0,0,1,516.0,1
203812___490024,cloudbeds,2026-10-04T00:00:00.000000,1,0,0,0,1,421.0,1
203812___490024,cloudbeds,2026-10-05T00:00:00.000000,1,0,0,0,1,359.0,1
203812___490024,cloudbeds,2026-10-06T00:00:00.000000,1,0,0,0,1,359.0,1
203812___490024,cloudbeds,2026-10-07T00:00:00.000000,1,0,0,0,1,359.0,1
203812___490024,cloudbeds,2026-10-08T00:00:00.000000,1,0,0,0,1,452.0,1
203812___490024,cloudbeds,2026-10-09T00:00:00.000000,1,0,0,0,1,563.0,1
203812___490024,cloudbeds,2026-10-10T00:00:00.000000,1,0,0,0,1,563.0,1
203812___490024,cloudbeds,2026-10-11T00:00:00.000000,1,0,0,0,1,499.0,1
203812___490024,cloudbeds,2026-10-12T00:00:00.000000,1,0,0,0,1,432.0,1
203812___490024,cloudbeds,2026-10-13T00:00:00.000000,1,0,0,0,1,359.0,1
203812___490024,cloudbeds,2026-10-14T00:00:00.000000,1,0,0,0,1,359.0,1
203812___490024,cloudbeds,2026-10-15T00:00:00.000000,1,1,0,0,1,530.0,0
203812___490024,cloudbeds,2026-10-16T00:00:00.000000,1,1,0,0,1,516.0,0
203812___490024,cloudbeds,2026-10-17T00:00:00.000000,1,1,0,0,1,516.0,0
203812___490024,cloudbeds,2026-10-18T00:00:00.000000,1,0,0,0,1,530.0,1
203812___490024,cloudbeds,2026-10-19T00:00:00.000000,1,0,0,0,1,392.0,1
203812___490024,cloudbeds,2026-10-20T00:00:00.000000,1,0,0,0,1,392.0,1
203812___490024,cloudbeds,2026-10-21T00:00:00.000000,1,0,0,0,1,392.0,1
203812___490024,cloudbeds,2026-10-22T00:00:00.000000,1,0,0,0,1,530.0,1
203812___490024,cloudbeds,2026-10-23T00:00:00.000000,1,0,0,0,1,516.0,1
203812___490024,cloudbeds,2026-10-24T00:00:00.000000,1,0,0,0,1,516.0,1
203812___490024,cloudbeds,2026-10-25T00:00:00.000000,1,0,0,0,1,530.0,1
203812___490024,cloudbeds,2026-10-26T00:00:00.000000,1,0,0,0,1,359.0,1
203812___490024,cloudbeds,2026-10-27T00:00:00.000000,1,0,0,0,1,359.0,1
203812___490024,cloudbeds,2026-10-28T00:00:00.000000,1,0,0,0,1,359.0,1
203812___490024,cloudbeds,2026-10-29T00:00:00.000000,1,0,0,0,1,530.0,1
203812___490024,cloudbeds,2026-10-30T00:00:00.000000,1,0,0,0,1,516.0,1
203812___490024,cloudbeds,2026-10-31T00:00:00.000000,1,0,0,0,1,516.0,1
203812___490024,cloudbeds,2026-11-01T00:00:00.000000,1,0,0,0,1,530.0,1
203812___490024,cloudbeds,2026-11-02T00:00:00.000000,1,0,0,0,1,359.0,1
203812___490024,cloudbeds,2026-11-03T00:00:00.000000,1,0,0,0,1,359.0,1
203812___490024,cloudbeds,2026-11-04T00:00:00.000000,1,0,0,0,1,359.0,1
203812___490024,cloudbeds,2026-11-05T00:00:00.000000,1,0,0,0,1,452.0,1
203812___490024,cloudbeds,2026-11-06T00:00:00.000000,1,0,0,0,1,516.0,1
203812___490024,cloudbeds,2026-11-07T00:00:00.000000,1,0,0,0,1,516.0,1
203812___490024,cloudbeds,2026-11-08T00:00:00.000000,1,0,0,0,1,452.0,1
203812___490024,cloudbeds,2026-11-09T00:00:00.000000,1,0,0,0,1,297.0,1
203812___490024,cloudbeds,2026-11-10T00:00:00.000000,1,0,0,0,1,297.0,1
203812___490024,cloudbeds,2026-11-11T00:00:00.000000,1,0,0,0,1,297.0,1
203812___490024,cloudbeds,2026-11-12T00:00:00.000000,1,0,0,0,1,452.0,1
203812___490024,cloudbeds,2026-11-13T00:00:00.000000,1,0,0,0,1,516.0,1
203812___490024,cloudbeds,2026-11-14T00:00:00.000000,1,0,0,0,1,516.0,1
203812___490024,cloudbeds,2026-11-15T00:00:00.000000,1,0,0,0,1,452.0,1
203812___490024,cloudbeds,2026-11-16T00:00:00.000000,1,0,0,0,1,359.0,1
203812___490024,cloudbeds,2026-11-17T00:00:00.000000,1,0,0,0,1,359.0,1
203812___490024,cloudbeds,2026-11-18T00:00:00.000000,1,0,0,0,1,359.0,1
203812___490024,cloudbeds,2026-11-19T00:00:00.000000,1,0,0,0,1,452.0,1
203812___490024,cloudbeds,2026-11-20T00:00:00.000000,1,0,0,0,1,516.0,1
203812___490024,cloudbeds,2026-11-21T00:00:00.000000,1,0,0,0,1,516.0,1
203812___490024,cloudbeds,2026-11-22T00:00:00.000000,1,0,0,0,1,452.0,1
203812___490024,cloudbeds,2026-11-23T00:00:00.000000,1,0,0,0,1,392.0,1
203812___490024,cloudbeds,2026-11-24T00:00:00.000000,1,0,0,0,1,392.0,1
203812___490024,cloudbeds,2026-11-25T00:00:00.000000,1,0,0,0,1,392.0,1
203812___490024,cloudbeds,2026-11-26T00:00:00.000000,1,0,0,0,1,475.0,1
203812___490024,cloudbeds,2026-11-27T00:00:00.000000,1,0,0,0,1,516.0,1
203812___490024,cloudbeds,2026-11-28T00:00:00.000000,1,0,0,0,1,516.0,1
203812___490024,cloudbeds,2026-11-29T00:00:00.000000,1,0,0,0,1,452.0,1
203812___490024,cloudbeds,2026-11-30T00:00:00.000000,1,0,0,0,1,297.0,1
203812___490024,cloudbeds,2026-12-01T00:00:00.000000,1,0,0,0,1,297.0,1
203812___490024,cloudbeds,2026-12-02T00:00:00.000000,1,0,0,0,1,297.0,1
203812___490024,cloudbeds,2026-12-03T00:00:00.000000,1,0,0,0,1,380.0,1
203812___490024,cloudbeds,2026-12-04T00:00:00.000000,1,0,0,0,1,452.0,1
203812___490024,cloudbeds,2026-12-05T00:00:00.000000,1,0,0,0,1,452.0,1
203812___490024,cloudbeds,2026-12-06T00:00:00.000000,1,0,0,0,1,380.0,1
203812___490024,cloudbeds,2026-12-07T00:00:00.000000,1,0,0,0,1,297.0,1
203812___490024,cloudbeds,2026-12-08T00:00:00.000000,1,0,0,0,1,297.0,1
203812___490024,cloudbeds,2026-12-09T00:00:00.000000,1,0,0,0,1,297.0,1
203812___490024,cloudbeds,2026-12-10T00:00:00.000000,1,0,0,0,1,380.0,1
203812___490024,cloudbeds,2026-12-11T00:00:00.000000,1,0,0,0,1,452.0,1
203812___490024,cloudbeds,2026-12-12T00:00:00.000000,1,0,0,0,1,452.0,1
203812___490024,cloudbeds,2026-12-13T00:00:00.000000,1,0,0,0,1,380.0,1
203812___490024,cloudbeds,2026-12-14T00:00:00.000000,1,0,0,0,1,297.0,1
203812___490024,cloudbeds,2026-12-15T00:00:00.000000,1,0,0,0,1,297.0,1
203812___490024,cloudbeds,2026-12-16T00:00:00.000000,1,0,0,0,1,297.0,1
203812___490024,cloudbeds,2026-12-17T00:00:00.000000,1,0,0,0,1,380.0,1
203812___490024,cloudbeds,2026-12-18T00:00:00.000000,1,0,0,0,1,500.0,1
203812___490024,cloudbeds,2026-12-19T00:00:00.000000,1,0,0,0,1,500.0,1
203812___490024,cloudbeds,2026-12-20T00:00:00.000000,1,0,0,0,1,451.0,1
203812___490024,cloudbeds,2026-12-21T00:00:00.000000,1,0,0,0,1,390.0,1
203812___490024,cloudbeds,2026-12-22T00:00:00.000000,1,0,0,0,1,390.0,1
203812___490024,cloudbeds,2026-12-23T00:00:00.000000,1,0,0,0,1,452.0,1
203812___490024,cloudbeds,2026-12-24T00:00:00.000000,1,0,0,0,1,452.0,1
203812___490024,cloudbeds,2026-12-25T00:00:00.000000,1,0,0,0,1,702.0,1
203812___490024,cloudbeds,2026-12-26T00:00:00.000000,1,0,0,0,1,702.0,1
203812___490024,cloudbeds,2026-12-27T00:00:00.000000,1,0,0,0,1,452.0,1
203812___490024,cloudbeds,2026-12-28T00:00:00.000000,1,0,0,0,1,297.0,1
203812___490024,cloudbeds,2026-12-29T00:00:00.000000,1,0,0,0,1,297.0,1
203812___490024,cloudbeds,2026-12-30T00:00:00.000000,1,0,0,0,1,618.0,1
203812___490024,cloudbeds,2026-12-31T00:00:00.000000,1,0,0,0,1,618.0,1
203812___490024,cloudbeds,2027-01-01T00:00:00.000000,1,0,0,0,1,364.0,1
203812___490024,cloudbeds,2027-01-02T00:00:00.000000,1,0,0,0,1,364.0,1
203812___490024,cloudbeds,2027-01-03T00:00:00.000000,1,0,0,0,1,380.0,1
203812___634080,cloudbeds,2026-02-04T00:00:00.000000,1,0,0,0,1,208.0,1
203812___634080,cloudbeds,2026-02-05T00:00:00.000000,1,0,0,0,1,217.0,1
203812___634080,cloudbeds,2026-02-06T00:00:00.000000,1,0,0,0,1,289.0,1
203812___634080,cloudbeds,2026-02-07T00:00:00.000000,1,0,0,0,1,317.0,1
203812___634080,cloudbeds,2026-02-08T00:00:00.000000,1,0,0,0,1,268.0,1
203812___634080,cloudbeds,2026-02-09T00:00:00.000000,1,1,0,0,1,208.0,0
203812___634080,cloudbeds,2026-02-10T00:00:00.000000,1,1,0,0,1,208.0,0
203812___634080,cloudbeds,2026-02-11T00:00:00.000000,1,0,0,0,1,229.0,1
203812___634080,cloudbeds,2026-02-12T00:00:00.000000,1,0,0,0,1,351.0,1
203812___634080,cloudbeds,2026-02-13T00:00:00.000000,1,0,0,0,1,1154.0,1
203812___634080,cloudbeds,2026-02-14T00:00:00.000000,1,1,0,0,1,1154.0,0
203812___634080,cloudbeds,2026-02-15T00:00:00.000000,1,1,0,0,1,486.0,0
203812___634080,cloudbeds,2026-02-16T00:00:00.000000,1,0,0,0,1,208.0,1
203812___634080,cloudbeds,2026-02-17T00:00:00.000000,1,0,0,0,1,208.0,1
203812___634080,cloudbeds,2026-02-18T00:00:00.000000,1,0,0,0,1,208.0,1
203812___634080,cloudbeds,2026-02-19T00:00:00.000000,1,0,0,0,1,453.0,1
203812___634080,cloudbeds,2026-02-20T00:00:00.000000,1,0,0,0,1,699.0,1
203812___634080,cloudbeds,2026-02-21T00:00:00.000000,1,0,0,0,1,769.0,1
203812___634080,cloudbeds,2026-02-22T00:00:00.000000,1,0,0,0,1,453.0,1
203812___634080,cloudbeds,2026-02-23T00:00:00.000000,1,0,0,0,1,224.0,1
203812___634080,cloudbeds,2026-02-24T00:00:00.000000,1,0,0,0,1,224.0,1
203812___634080,cloudbeds,2026-02-25T00:00:00.000000,1,0,0,0,1,224.0,1
203812___634080,cloudbeds,2026-02-26T00:00:00.000000,1,0,0,0,1,351.0,1
203812___634080,cloudbeds,2026-02-27T00:00:00.000000,1,0,0,0,1,699.0,1
203812___634080,cloudbeds,2026-02-28T00:00:00.000000,1,0,0,0,1,699.0,1
203812___634080,cloudbeds,2026-03-01T00:00:00.000000,1,0,0,0,1,351.0,1
203812___634080,cloudbeds,2026-03-02T00:00:00.000000,1,0,0,0,1,392.0,1
203812___634080,cloudbeds,2026-03-03T00:00:00.000000,1,0,0,0,1,392.0,1
203812___634080,cloudbeds,2026-03-04T00:00:00.000000,1,0,0,0,1,392.0,1
203812___634080,cloudbeds,2026-03-05T00:00:00.000000,1,0,0,0,1,468.0,1
203812___634080,cloudbeds,2026-03-06T00:00:00.000000,1,0,0,0,1,998.0,1
203812___634080,cloudbeds,2026-03-07T00:00:00.000000,1,0,0,0,1,998.0,1
203812___634080,cloudbeds,2026-03-08T00:00:00.000000,1,0,0,0,1,468.0,1
203812___634080,cloudbeds,2026-03-09T00:00:00.000000,1,0,0,0,1,431.0,1
203812___634080,cloudbeds,2026-03-10T00:00:00.000000,1,0,0,0,1,431.0,1
203812___634080,cloudbeds,2026-03-11T00:00:00.000000,1,1,0,0,1,392.0,0
203812___634080,cloudbeds,2026-03-12T00:00:00.000000,1,1,0,0,1,468.0,0
203812___634080,cloudbeds,2026-03-13T00:00:00.000000,1,1,0,0,1,1224.0,0
203812___634080,cloudbeds,2026-03-14T00:00:00.000000,1,1,0,0,1,1224.0,0
203812___634080,cloudbeds,2026-03-15T00:00:00.000000,1,0,0,0,1,598.0,1
203812___634080,cloudbeds,2026-03-16T00:00:00.000000,1,0,0,0,1,499.0,1
203812___634080,cloudbeds,2026-03-17T00:00:00.000000,1,0,0,0,1,499.0,1
203812___634080,cloudbeds,2026-03-18T00:00:00.000000,1,0,0,0,1,499.0,1
203812___634080,cloudbeds,2026-03-19T00:00:00.000000,1,0,0,0,1,604.0,1
203812___634080,cloudbeds,2026-03-20T00:00:00.000000,1,0,0,0,1,1224.0,1
203812___634080,cloudbeds,2026-03-21T00:00:00.000000,1,0,0,0,1,1224.0,1
203812___634080,cloudbeds,2026-03-22T00:00:00.000000,1,0,0,0,1,664.0,1
203812___634080,cloudbeds,2026-03-23T00:00:00.000000,1,0,0,0,1,431.0,1
203812___634080,cloudbeds,2026-03-24T00:00:00.000000,1,0,0,0,1,431.0,1
203812___634080,cloudbeds,2026-03-25T00:00:00.000000,1,0,0,0,1,431.0,1
203812___634080,cloudbeds,2026-03-26T00:00:00.000000,1,0,0,0,1,664.0,1
203812___634080,cloudbeds,2026-03-27T00:00:00.000000,1,0,0,0,1,1013.0,1
203812___634080,cloudbeds,2026-03-28T00:00:00.000000,1,0,0,0,1,1013.0,1
203812___634080,cloudbeds,2026-03-29T00:00:00.000000,1,0,0,0,1,604.0,1
203812___634080,cloudbeds,2026-03-30T00:00:00.000000,1,0,0,0,1,392.0,1
203812___634080,cloudbeds,2026-03-31T00:00:00.000000,1,0,0,0,1,392.0,1
203812___634080,cloudbeds,2026-04-01T00:00:00.000000,1,0,0,0,1,392.0,1
203812___634080,cloudbeds,2026-04-02T00:00:00.000000,1,0,0,0,1,604.0,1
203812___634080,cloudbeds,2026-04-03T00:00:00.000000,1,0,0,0,1,1013.0,1
203812___634080,cloudbeds,2026-04-04T00:00:00.000000,1,0,0,0,1,1013.0,1
203812___634080,cloudbeds,2026-04-05T00:00:00.000000,1,0,0,0,1,604.0,1
203812___634080,cloudbeds,2026-04-06T00:00:00.000000,1,0,0,0,1,392.0,1
203812___634080,cloudbeds,2026-04-07T00:00:00.000000,1,0,0,0,1,392.0,1
203812___634080,cloudbeds,2026-04-08T00:00:00.000000,1,0,0,0,1,392.0,1
203812___634080,cloudbeds,2026-04-09T00:00:00.000000,1,0,0,0,1,406.0,1
203812___634080,cloudbeds,2026-04-10T00:00:00.000000,1,0,0,0,1,1013.0,1
203812___634080,cloudbeds,2026-04-11T00:00:00.000000,1,0,0,0,1,1013.0,1
203812___634080,cloudbeds,2026-04-12T00:00:00.000000,1,0,0,0,1,406.0,1
203812___634080,cloudbeds,2026-04-13T00:00:00.000000,1,0,0,0,1,392.0,1
203812___634080,cloudbeds,2026-04-14T00:00:00.000000,1,0,0,0,1,392.0,1
203812___634080,cloudbeds,2026-04-15T00:00:00.000000,1,0,0,0,1,392.0,1
203812___634080,cloudbeds,2026-04-16T00:00:00.000000,1,0,0,0,1,406.0,1
203812___634080,cloudbeds,2026-04-17T00:00:00.000000,1,0,0,0,1,1013.0,1
203812___634080,cloudbeds,2026-04-18T00:00:00.000000,1,0,0,0,1,1013.0,1
203812___634080,cloudbeds,2026-04-19T00:00:00.000000,1,0,0,0,1,406.0,1
203812___634080,cloudbeds,2026-04-20T00:00:00.000000,1,1,0,0,1,392.0,0
203812___634080,cloudbeds,2026-04-21T00:00:00.000000,1,1,0,0,1,392.0,0
203812___634080,cloudbeds,2026-04-22T00:00:00.000000,1,0,0,0,1,392.0,1
203812___634080,cloudbeds,2026-04-23T00:00:00.000000,1,0,0,0,1,468.0,1
203812___634080,cloudbeds,2026-04-24T00:00:00.000000,1,0,0,0,1,1013.0,1
203812___634080,cloudbeds,2026-04-25T00:00:00.000000,1,0,0,0,1,1013.0,1
203812___634080,cloudbeds,2026-04-26T00:00:00.000000,1,0,0,0,1,468.0,1
203812___634080,cloudbeds,2026-04-27T00:00:00.000000,1,0,0,0,1,392.0,1
203812___634080,cloudbeds,2026-04-28T00:00:00.000000,1,0,0,0,1,392.0,1
203812___634080,cloudbeds,2026-04-29T00:00:00.000000,1,0,0,0,1,392.0,1
203812___634080,cloudbeds,2026-04-30T00:00:00.000000,1,0,0,0,1,468.0,1
203812___634080,cloudbeds,2026-05-01T00:00:00.000000,1,0,0,0,1,953.0,1
203812___634080,cloudbeds,2026-05-02T00:00:00.000000,1,0,0,0,1,953.0,1
203812___634080,cloudbeds,2026-05-03T00:00:00.000000,1,0,0,0,1,468.0,1
203812___634080,cloudbeds,2026-05-04T00:00:00.000000,1,0,0,0,1,393.0,1
203812___634080,cloudbeds,2026-05-05T00:00:00.000000,1,0,0,0,1,393.0,1
203812___634080,cloudbeds,2026-05-06T00:00:00.000000,1,0,0,0,1,393.0,1
203812___634080,cloudbeds,2026-05-07T00:00:00.000000,1,0,0,0,1,468.0,1
203812___634080,cloudbeds,2026-05-08T00:00:00.000000,1,0,0,0,1,1012.0,1
203812___634080,cloudbeds,2026-05-09T00:00:00.000000,1,0,0,0,1,1012.0,1
203812___634080,cloudbeds,2026-05-10T00:00:00.000000,1,0,0,0,1,468.0,1
203812___634080,cloudbeds,2026-05-11T00:00:00.000000,1,0,0,0,1,393.0,1
203812___634080,cloudbeds,2026-05-12T00:00:00.000000,1,0,0,0,1,393.0,1
203812___634080,cloudbeds,2026-05-13T00:00:00.000000,1,0,0,0,1,393.0,1
203812___634080,cloudbeds,2026-05-14T00:00:00.000000,1,0,0,0,1,468.0,1
203812___634080,cloudbeds,2026-05-15T00:00:00.000000,1,0,0,0,1,1012.0,1
203812___634080,cloudbeds,2026-05-16T00:00:00.000000,1,0,0,0,1,1012.0,1
203812___634080,cloudbeds,2026-05-17T00:00:00.000000,1,0,0,0,1,468.0,1
203812___634080,cloudbeds,2026-05-18T00:00:00.000000,1,0,0,0,1,393.0,1
203812___634080,cloudbeds,2026-05-19T00:00:00.000000,1,0,0,0,1,393.0,1
203812___634080,cloudbeds,2026-05-20T00:00:00.000000,1,0,0,0,1,393.0,1
203812___634080,cloudbeds,2026-05-21T00:00:00.000000,1,0,0,0,1,468.0,1
203812___634080,cloudbeds,2026-05-22T00:00:00.000000,1,0,0,0,1,1055.0,1
203812___634080,cloudbeds,2026-05-23T00:00:00.000000,1,0,0,0,1,1055.0,1
203812___634080,cloudbeds,2026-05-24T00:00:00.000000,1,0,0,0,1,539.0,1
203812___634080,cloudbeds,2026-05-25T00:00:00.000000,1,0,0,0,1,452.0,1
203812___634080,cloudbeds,2026-05-26T00:00:00.000000,1,0,0,0,1,393.0,1
203812___634080,cloudbeds,2026-05-27T00:00:00.000000,1,0,0,0,1,393.0,1
203812___634080,cloudbeds,2026-05-28T00:00:00.000000,1,0,0,0,1,468.0,1
203812___634080,cloudbeds,2026-05-29T00:00:00.000000,1,0,0,0,1,953.0,1
203812___634080,cloudbeds,2026-05-30T00:00:00.000000,1,0,0,0,1,953.0,1
203812___634080,cloudbeds,2026-05-31T00:00:00.000000,1,0,0,0,1,468.0,1
203812___634080,cloudbeds,2026-06-01T00:00:00.000000,1,0,0,0,1,392.0,1
203812___634080,cloudbeds,2026-06-02T00:00:00.000000,1,0,0,0,1,392.0,1
203812___634080,cloudbeds,2026-06-03T00:00:00.000000,1,0,0,0,1,392.0,1
203812___634080,cloudbeds,2026-06-04T00:00:00.000000,1,0,0,0,1,468.0,1
203812___634080,cloudbeds,2026-06-05T00:00:00.000000,1,0,0,0,1,953.0,1
203812___634080,cloudbeds,2026-06-06T00:00:00.000000,1,0,0,0,1,953.0,1
203812___634080,cloudbeds,2026-06-07T00:00:00.000000,1,0,0,0,1,468.0,1
203812___634080,cloudbeds,2026-06-08T00:00:00.000000,1,0,0,0,1,392.0,1
203812___634080,cloudbeds,2026-06-09T00:00:00.000000,1,0,0,0,1,392.0,1
203812___634080,cloudbeds,2026-06-10T00:00:00.000000,1,0,0,0,1,392.0,1
203812___634080,cloudbeds,2026-06-11T00:00:00.000000,1,0,0,0,1,604.0,1
203812___634080,cloudbeds,2026-06-12T00:00:00.000000,1,0,0,0,1,953.0,1
203812___634080,cloudbeds,2026-06-13T00:00:00.000000,1,0,0,0,1,953.0,1
203812___634080,cloudbeds,2026-06-14T00:00:00.000000,1,0,0,0,1,604.0,1
203812___634080,cloudbeds,2026-06-15T00:00:00.000000,1,0,0,0,1,392.0,1
203812___634080,cloudbeds,2026-06-16T00:00:00.000000,1,0,0,0,1,392.0,1
203812___634080,cloudbeds,2026-06-17T00:00:00.000000,1,0,0,0,1,392.0,1
203812___634080,cloudbeds,2026-06-18T00:00:00.000000,1,0,0,0,1,604.0,1
203812___634080,cloudbeds,2026-06-19T00:00:00.000000,1,0,0,0,1,953.0,1
203812___634080,cloudbeds,2026-06-20T00:00:00.000000,1,0,0,0,1,953.0,1
203812___634080,cloudbeds,2026-06-21T00:00:00.000000,1,0,0,0,1,604.0,1
203812___634080,cloudbeds,2026-06-22T00:00:00.000000,1,0,0,0,1,392.0,1
203812___634080,cloudbeds,2026-06-23T00:00:00.000000,1,0,0,0,1,392.0,1
203812___634080,cloudbeds,2026-06-24T00:00:00.000000,1,0,0,0,1,392.0,1
203812___634080,cloudbeds,2026-06-25T00:00:00.000000,1,0,0,0,1,604.0,1
203812___634080,cloudbeds,2026-06-26T00:00:00.000000,1,0,0,0,1,953.0,1
203812___634080,cloudbeds,2026-06-27T00:00:00.000000,1,0,0,0,1,953.0,1
203812___634080,cloudbeds,2026-06-28T00:00:00.000000,1,0,0,0,1,604.0,1
203812___634080,cloudbeds,2026-06-29T00:00:00.000000,1,0,0,0,1,392.0,1
203812___634080,cloudbeds,2026-06-30T00:00:00.000000,1,0,0,0,1,392.0,1
203812___634080,cloudbeds,2026-07-01T00:00:00.000000,1,0,0,0,1,392.0,1
203812___634080,cloudbeds,2026-07-02T00:00:00.000000,1,0,0,0,1,663.0,1
203812___634080,cloudbeds,2026-07-03T00:00:00.000000,1,0,0,0,1,970.0,1
203812___634080,cloudbeds,2026-07-04T00:00:00.000000,1,0,0,0,1,970.0,1
203812___634080,cloudbeds,2026-07-05T00:00:00.000000,1,0,0,0,1,663.0,1
203812___634080,cloudbeds,2026-07-06T00:00:00.000000,1,0,0,0,1,392.0,1
203812___634080,cloudbeds,2026-07-07T00:00:00.000000,1,0,0,0,1,392.0,1
203812___634080,cloudbeds,2026-07-08T00:00:00.000000,1,0,0,0,1,392.0,1
203812___634080,cloudbeds,2026-07-09T00:00:00.000000,1,0,0,0,1,406.0,1
203812___634080,cloudbeds,2026-07-10T00:00:00.000000,1,0,0,0,1,648.0,1
203812___634080,cloudbeds,2026-07-11T00:00:00.000000,1,0,0,0,1,648.0,1
203812___634080,cloudbeds,2026-07-12T00:00:00.000000,1,0,0,0,1,406.0,1
203812___634080,cloudbeds,2026-07-13T00:00:00.000000,1,0,0,0,1,392.0,1
203812___634080,cloudbeds,2026-07-14T00:00:00.000000,1,0,0,0,1,392.0,1
203812___634080,cloudbeds,2026-07-15T00:00:00.000000,1,0,0,0,1,392.0,1
203812___634080,cloudbeds,2026-07-16T00:00:00.000000,1,0,0,0,1,468.0,1
203812___634080,cloudbeds,2026-07-17T00:00:00.000000,1,0,0,0,1,953.0,1
203812___634080,cloudbeds,2026-07-18T00:00:00.000000,1,0,0,0,1,953.0,1
203812___634080,cloudbeds,2026-07-19T00:00:00.000000,1,0,0,0,1,468.0,1
203812___634080,cloudbeds,2026-07-20T00:00:00.000000,1,0,0,0,1,344.0,1
203812___634080,cloudbeds,2026-07-21T00:00:00.000000,1,0,0,0,1,344.0,1
203812___634080,cloudbeds,2026-07-22T00:00:00.000000,1,0,0,0,1,344.0,1
203812___634080,cloudbeds,2026-07-23T00:00:00.000000,1,0,0,0,1,406.0,1
203812___634080,cloudbeds,2026-07-24T00:00:00.000000,1,0,0,0,1,835.0,1
203812___634080,cloudbeds,2026-07-25T00:00:00.000000,1,0,0,0,1,835.0,1
203812___634080,cloudbeds,2026-07-26T00:00:00.000000,1,0,0,0,1,406.0,1
203812___634080,cloudbeds,2026-07-27T00:00:00.000000,1,0,0,0,1,392.0,1
203812___634080,cloudbeds,2026-07-28T00:00:00.000000,1,0,0,0,1,392.0,1
203812___634080,cloudbeds,2026-07-29T00:00:00.000000,1,0,0,0,1,392.0,1
203812___634080,cloudbeds,2026-07-30T00:00:00.000000,1,0,0,0,1,406.0,1
203812___634080,cloudbeds,2026-07-31T00:00:00.000000,1,0,0,0,1,835.0,1
203812___634080,cloudbeds,2026-08-01T00:00:00.000000,1,0,0,0,1,835.0,1
203812___634080,cloudbeds,2026-08-02T00:00:00.000000,1,0,0,0,1,406.0,1
203812___634080,cloudbeds,2026-08-03T00:00:00.000000,1,0,0,0,1,344.0,1
203812___634080,cloudbeds,2026-08-04T00:00:00.000000,1,0,0,0,1,344.0,1
203812___634080,cloudbeds,2026-08-05T00:00:00.000000,1,0,0,0,1,344.0,1
203812___634080,cloudbeds,2026-08-06T00:00:00.000000,1,0,0,0,1,406.0,1
203812___634080,cloudbeds,2026-08-07T00:00:00.000000,1,0,0,0,1,648.0,1
203812___634080,cloudbeds,2026-08-08T00:00:00.000000,1,0,0,0,1,648.0,1
203812___634080,cloudbeds,2026-08-09T00:00:00.000000,1,0,0,0,1,406.0,1
203812___634080,cloudbeds,2026-08-10T00:00:00.000000,1,0,0,0,1,392.0,1
203812___634080,cloudbeds,2026-08-11T00:00:00.000000,1,0,0,0,1,392.0,1
203812___634080,cloudbeds,2026-08-12T00:00:00.000000,1,0,0,0,1,392.0,1
203812___634080,cloudbeds,2026-08-13T00:00:00.000000,1,0,0,0,1,468.0,1
203812___634080,cloudbeds,2026-08-14T00:00:00.000000,1,0,0,0,1,648.0,1
203812___634080,cloudbeds,2026-08-15T00:00:00.000000,1,0,0,0,1,648.0,1
203812___634080,cloudbeds,2026-08-16T00:00:00.000000,1,0,0,0,1,468.0,1
203812___634080,cloudbeds,2026-08-17T00:00:00.000000,1,0,0,0,1,392.0,1
203812___634080,cloudbeds,2026-08-18T00:00:00.000000,1,0,0,0,1,392.0,1
203812___634080,cloudbeds,2026-08-19T00:00:00.000000,1,0,0,0,1,392.0,1
203812___634080,cloudbeds,2026-08-20T00:00:00.000000,1,0,0,0,1,406.0,1
203812___634080,cloudbeds,2026-08-21T00:00:00.000000,1,0,0,0,1,953.0,1
203812___634080,cloudbeds,2026-08-22T00:00:00.000000,1,0,0,0,1,953.0,1
203812___634080,cloudbeds,2026-08-23T00:00:00.000000,1,0,0,0,1,406.0,1
203812___634080,cloudbeds,2026-08-24T00:00:00.000000,1,0,0,0,1,392.0,1
203812___634080,cloudbeds,2026-08-25T00:00:00.000000,1,0,0,0,1,392.0,1
203812___634080,cloudbeds,2026-08-26T00:00:00.000000,1,0,0,0,1,392.0,1
203812___634080,cloudbeds,2026-08-27T00:00:00.000000,1,0,0,0,1,406.0,1
203812___634080,cloudbeds,2026-08-28T00:00:00.000000,1,0,0,0,1,953.0,1
203812___634080,cloudbeds,2026-08-29T00:00:00.000000,1,0,0,0,1,953.0,1
203812___634080,cloudbeds,2026-08-30T00:00:00.000000,1,0,0,0,1,406.0,1
203812___634080,cloudbeds,2026-08-31T00:00:00.000000,1,0,0,0,1,392.0,1
203812___634080,cloudbeds,2026-09-01T00:00:00.000000,1,0,0,0,1,392.0,1
203812___634080,cloudbeds,2026-09-02T00:00:00.000000,1,0,0,0,1,392.0,1
203812___634080,cloudbeds,2026-09-03T00:00:00.000000,1,0,0,0,1,562.0,1
203812___634080,cloudbeds,2026-09-04T00:00:00.000000,1,0,0,0,1,1119.0,1
203812___634080,cloudbeds,2026-09-05T00:00:00.000000,1,0,0,0,1,1119.0,1
203812___634080,cloudbeds,2026-09-06T00:00:00.000000,1,0,0,0,1,618.0,1
203812___634080,cloudbeds,2026-09-07T00:00:00.000000,1,0,0,0,1,512.0,1
203812___634080,cloudbeds,2026-09-08T00:00:00.000000,1,0,0,0,1,499.0,1
203812___634080,cloudbeds,2026-09-09T00:00:00.000000,1,0,0,0,1,499.0,1
203812___634080,cloudbeds,2026-09-10T00:00:00.000000,1,0,0,0,1,562.0,1
203812___634080,cloudbeds,2026-09-11T00:00:00.000000,1,0,0,0,1,913.0,1
203812___634080,cloudbeds,2026-09-12T00:00:00.000000,1,0,0,0,1,913.0,1
203812___634080,cloudbeds,2026-09-13T00:00:00.000000,1,0,0,0,1,562.0,1
203812___634080,cloudbeds,2026-09-14T00:00:00.000000,1,0,0,0,1,499.0,1
203812___634080,cloudbeds,2026-09-15T00:00:00.000000,1,0,0,0,1,499.0,1
203812___634080,cloudbeds,2026-09-16T00:00:00.000000,1,0,0,0,1,499.0,1
203812___634080,cloudbeds,2026-09-17T00:00:00.000000,1,0,0,0,1,604.0,1
203812___634080,cloudbeds,2026-09-18T00:00:00.000000,1,0,0,0,1,913.0,1
203812___634080,cloudbeds,2026-09-19T00:00:00.000000,1,0,0,0,1,913.0,1
203812___634080,cloudbeds,2026-09-20T00:00:00.000000,1,0,0,0,1,604.0,1
203812___634080,cloudbeds,2026-09-21T00:00:00.000000,1,0,0,0,1,392.0,1
203812___634080,cloudbeds,2026-09-22T00:00:00.000000,1,0,0,0,1,392.0,1
203812___634080,cloudbeds,2026-09-23T00:00:00.000000,1,0,0,0,1,392.0,1
203812___634080,cloudbeds,2026-09-24T00:00:00.000000,1,0,0,0,1,562.0,1
203812___634080,cloudbeds,2026-09-25T00:00:00.000000,1,0,0,0,1,954.0,1
203812___634080,cloudbeds,2026-09-26T00:00:00.000000,1,0,0,0,1,954.0,1
203812___634080,cloudbeds,2026-09-27T00:00:00.000000,1,0,0,0,1,562.0,1
203812___634080,cloudbeds,2026-09-28T00:00:00.000000,1,0,0,0,1,499.0,1
203812___634080,cloudbeds,2026-09-29T00:00:00.000000,1,0,0,0,1,499.0,1
203812___634080,cloudbeds,2026-09-30T00:00:00.000000,1,0,0,0,1,499.0,1
203812___634080,cloudbeds,2026-10-01T00:00:00.000000,1,0,0,0,1,604.0,1
203812___634080,cloudbeds,2026-10-02T00:00:00.000000,1,0,0,0,1,954.0,1
203812___634080,cloudbeds,2026-10-03T00:00:00.000000,1,0,0,0,1,954.0,1
203812___634080,cloudbeds,2026-10-04T00:00:00.000000,1,0,0,0,1,604.0,1
203812___634080,cloudbeds,2026-10-05T00:00:00.000000,1,0,0,0,1,499.0,1
203812___634080,cloudbeds,2026-10-06T00:00:00.000000,1,0,0,0,1,499.0,1
203812___634080,cloudbeds,2026-10-07T00:00:00.000000,1,0,0,0,1,499.0,1
203812___634080,cloudbeds,2026-10-08T00:00:00.000000,1,0,0,0,1,604.0,1
203812___634080,cloudbeds,2026-10-09T00:00:00.000000,1,0,0,0,1,1054.0,1
203812___634080,cloudbeds,2026-10-10T00:00:00.000000,1,0,0,0,1,1054.0,1
203812___634080,cloudbeds,2026-10-11T00:00:00.000000,1,0,0,0,1,664.0,1
203812___634080,cloudbeds,2026-10-12T00:00:00.000000,1,0,0,0,1,596.0,1
203812___634080,cloudbeds,2026-10-13T00:00:00.000000,1,0,0,0,1,499.0,1
203812___634080,cloudbeds,2026-10-14T00:00:00.000000,1,0,0,0,1,499.0,1
203812___634080,cloudbeds,2026-10-15T00:00:00.000000,1,0,0,0,1,726.0,1
203812___634080,cloudbeds,2026-10-16T00:00:00.000000,1,0,0,0,1,954.0,1
203812___634080,cloudbeds,2026-10-17T00:00:00.000000,1,0,0,0,1,954.0,1
203812___634080,cloudbeds,2026-10-18T00:00:00.000000,1,0,0,0,1,726.0,1
203812___634080,cloudbeds,2026-10-19T00:00:00.000000,1,0,0,0,1,604.0,1
203812___634080,cloudbeds,2026-10-20T00:00:00.000000,1,0,0,0,1,604.0,1
203812___634080,cloudbeds,2026-10-21T00:00:00.000000,1,0,0,0,1,604.0,1
203812___634080,cloudbeds,2026-10-22T00:00:00.000000,1,0,0,0,1,726.0,1
203812___634080,cloudbeds,2026-10-23T00:00:00.000000,1,0,0,0,1,954.0,1
203812___634080,cloudbeds,2026-10-24T00:00:00.000000,1,0,0,0,1,954.0,1
203812___634080,cloudbeds,2026-10-25T00:00:00.000000,1,0,0,0,1,726.0,1
203812___634080,cloudbeds,2026-10-26T00:00:00.000000,1,0,0,0,1,499.0,1
203812___634080,cloudbeds,2026-10-27T00:00:00.000000,1,0,0,0,1,499.0,1
203812___634080,cloudbeds,2026-10-28T00:00:00.000000,1,0,0,0,1,499.0,1
203812___634080,cloudbeds,2026-10-29T00:00:00.000000,1,0,0,0,1,726.0,1
203812___634080,cloudbeds,2026-10-30T00:00:00.000000,1,0,0,0,1,954.0,1
203812___634080,cloudbeds,2026-10-31T00:00:00.000000,1,0,0,0,1,954.0,1
203812___634080,cloudbeds,2026-11-01T00:00:00.000000,1,0,0,0,1,726.0,1
203812___634080,cloudbeds,2026-11-02T00:00:00.000000,1,0,0,0,1,499.0,1
203812___634080,cloudbeds,2026-11-03T00:00:00.000000,1,0,0,0,1,499.0,1
203812___634080,cloudbeds,2026-11-04T00:00:00.000000,1,0,0,0,1,499.0,1
203812___634080,cloudbeds,2026-11-05T00:00:00.000000,1,0,0,0,1,604.0,1
203812___634080,cloudbeds,2026-11-06T00:00:00.000000,1,0,0,0,1,954.0,1
203812___634080,cloudbeds,2026-11-07T00:00:00.000000,1,0,0,0,1,954.0,1
203812___634080,cloudbeds,2026-11-08T00:00:00.000000,1,0,0,0,1,604.0,1
203812___634080,cloudbeds,2026-11-09T00:00:00.000000,1,0,0,0,1,392.0,1
203812___634080,cloudbeds,2026-11-10T00:00:00.000000,1,0,0,0,1,392.0,1
203812___634080,cloudbeds,2026-11-11T00:00:00.000000,1,0,0,0,1,392.0,1
203812___634080,cloudbeds,2026-11-12T00:00:00.000000,1,0,0,0,1,604.0,1
203812___634080,cloudbeds,2026-11-13T00:00:00.000000,1,0,0,0,1,954.0,1
203812___634080,cloudbeds,2026-11-14T00:00:00.000000,1,0,0,0,1,954.0,1
203812___634080,cloudbeds,2026-11-15T00:00:00.000000,1,0,0,0,1,604.0,1
203812___634080,cloudbeds,2026-11-16T00:00:00.000000,1,0,0,0,1,499.0,1
203812___634080,cloudbeds,2026-11-17T00:00:00.000000,1,0,0,0,1,499.0,1
203812___634080,cloudbeds,2026-11-18T00:00:00.000000,1,0,0,0,1,499.0,1
203812___634080,cloudbeds,2026-11-19T00:00:00.000000,1,0,0,0,1,604.0,1
203812___634080,cloudbeds,2026-11-20T00:00:00.000000,1,0,0,0,1,861.0,1
203812___634080,cloudbeds,2026-11-21T00:00:00.000000,1,0,0,0,1,861.0,1
203812___634080,cloudbeds,2026-11-22T00:00:00.000000,1,0,0,0,1,604.0,1
203812___634080,cloudbeds,2026-11-23T00:00:00.000000,1,0,0,0,1,604.0,1
203812___634080,cloudbeds,2026-11-24T00:00:00.000000,1,0,0,0,1,604.0,1
203812___634080,cloudbeds,2026-11-25T00:00:00.000000,1,0,0,0,1,604.0,1
203812___634080,cloudbeds,2026-11-26T00:00:00.000000,1,0,0,0,1,760.0,1
203812___634080,cloudbeds,2026-11-27T00:00:00.000000,1,0,0,0,1,861.0,1
203812___634080,cloudbeds,2026-11-28T00:00:00.000000,1,0,0,0,1,861.0,1
203812___634080,cloudbeds,2026-11-29T00:00:00.000000,1,0,0,0,1,604.0,1
203812___634080,cloudbeds,2026-11-30T00:00:00.000000,1,0,0,0,1,392.0,1
203812___634080,cloudbeds,2026-12-01T00:00:00.000000,1,0,0,0,1,392.0,1
203812___634080,cloudbeds,2026-12-02T00:00:00.000000,1,0,0,0,1,392.0,1
203812___634080,cloudbeds,2026-12-03T00:00:00.000000,1,0,0,0,1,468.0,1
203812___634080,cloudbeds,2026-12-04T00:00:00.000000,1,0,0,0,1,760.0,1
203812___634080,cloudbeds,2026-12-05T00:00:00.000000,1,0,0,0,1,760.0,1
203812___634080,cloudbeds,2026-12-06T00:00:00.000000,1,0,0,0,1,468.0,1
203812___634080,cloudbeds,2026-12-07T00:00:00.000000,1,0,0,0,1,392.0,1
203812___634080,cloudbeds,2026-12-08T00:00:00.000000,1,0,0,0,1,392.0,1
203812___634080,cloudbeds,2026-12-09T00:00:00.000000,1,0,0,0,1,392.0,1
203812___634080,cloudbeds,2026-12-10T00:00:00.000000,1,0,0,0,1,468.0,1
203812___634080,cloudbeds,2026-12-11T00:00:00.000000,1,0,0,0,1,760.0,1
203812___634080,cloudbeds,2026-12-12T00:00:00.000000,1,0,0,0,1,760.0,1
203812___634080,cloudbeds,2026-12-13T00:00:00.000000,1,0,0,0,1,468.0,1
203812___634080,cloudbeds,2026-12-14T00:00:00.000000,1,0,0,0,1,392.0,1
203812___634080,cloudbeds,2026-12-15T00:00:00.000000,1,0,0,0,1,392.0,1
203812___634080,cloudbeds,2026-12-16T00:00:00.000000,1,0,0,0,1,392.0,1
203812___634080,cloudbeds,2026-12-17T00:00:00.000000,1,0,0,0,1,468.0,1
203812___634080,cloudbeds,2026-12-18T00:00:00.000000,1,0,0,0,1,795.0,1
203812___634080,cloudbeds,2026-12-19T00:00:00.000000,1,0,0,0,1,795.0,1
203812___634080,cloudbeds,2026-12-20T00:00:00.000000,1,0,0,0,1,562.0,1
203812___634080,cloudbeds,2026-12-21T00:00:00.000000,1,0,0,0,1,512.0,1
203812___634080,cloudbeds,2026-12-22T00:00:00.000000,1,0,0,0,1,512.0,1
203812___634080,cloudbeds,2026-12-23T00:00:00.000000,1,0,0,0,1,604.0,1
203812___634080,cloudbeds,2026-12-24T00:00:00.000000,1,0,0,0,1,604.0,1
203812___634080,cloudbeds,2026-12-25T00:00:00.000000,1,0,0,0,1,1114.0,1
203812___634080,cloudbeds,2026-12-26T00:00:00.000000,1,0,0,0,1,1114.0,1
203812___634080,cloudbeds,2026-12-27T00:00:00.000000,1,0,0,0,1,604.0,1
203812___634080,cloudbeds,2026-12-28T00:00:00.000000,1,0,0,0,1,392.0,1
203812___634080,cloudbeds,2026-12-29T00:00:00.000000,1,0,0,0,1,392.0,1
203812___634080,cloudbeds,2026-12-30T00:00:00.000000,1,0,0,0,1,1291.0,1
203812___634080,cloudbeds,2026-12-31T00:00:00.000000,1,0,0,0,1,1291.0,1
203812___634080,cloudbeds,2027-01-01T00:00:00.000000,1,0,0,0,1,760.0,1
203812___634080,cloudbeds,2027-01-02T00:00:00.000000,1,0,0,0,1,760.0,1
203812___634080,cloudbeds,2027-01-03T00:00:00.000000,1,0,0,0,1,468.0,1
203812___643775,cloudbeds,2026-02-04T00:00:00.000000,6,1,0,0,6,186.0,5
203812___643775,cloudbeds,2026-02-05T00:00:00.000000,6,1,0,0,6,194.0,5
203812___643775,cloudbeds,2026-02-06T00:00:00.000000,6,3,0,0,6,259.0,3
203812___643775,cloudbeds,2026-02-07T00:00:00.000000,6,4,0,0,6,284.0,2
203812___643775,cloudbeds,2026-02-08T00:00:00.000000,6,2,0,0,6,194.0,4
203812___643775,cloudbeds,2026-02-09T00:00:00.000000,6,1,0,0,6,186.0,5
203812___643775,cloudbeds,2026-02-10T00:00:00.000000,6,0,0,0,6,186.0,6
203812___643775,cloudbeds,2026-02-11T00:00:00.000000,6,0,0,0,6,205.0,6
203812___643775,cloudbeds,2026-02-12T00:00:00.000000,6,0,0,0,6,254.0,6
203812___643775,cloudbeds,2026-02-13T00:00:00.000000,6,2,0,0,6,598.0,4
203812___643775,cloudbeds,2026-02-14T00:00:00.000000,6,3,0,0,6,724.0,3
203812___643775,cloudbeds,2026-02-15T00:00:00.000000,6,1,0,0,6,470.0,5
203812___643775,cloudbeds,2026-02-16T00:00:00.000000,6,0,0,0,6,186.0,6
203812___643775,cloudbeds,2026-02-17T00:00:00.000000,6,0,0,0,6,186.0,6
203812___643775,cloudbeds,2026-02-18T00:00:00.000000,6,0,0,0,6,186.0,6
203812___643775,cloudbeds,2026-02-19T00:00:00.000000,6,0,0,0,6,254.0,6
203812___643775,cloudbeds,2026-02-20T00:00:00.000000,6,1,0,0,6,370.0,5
203812___643775,cloudbeds,2026-02-21T00:00:00.000000,6,1,0,0,6,469.0,5
203812___643775,cloudbeds,2026-02-22T00:00:00.000000,6,0,0,0,6,254.0,6
203812___643775,cloudbeds,2026-02-23T00:00:00.000000,6,0,0,0,6,167.0,6
203812___643775,cloudbeds,2026-02-24T00:00:00.000000,6,0,0,0,6,167.0,6
203812___643775,cloudbeds,2026-02-25T00:00:00.000000,6,0,0,0,6,167.0,6
203812___643775,cloudbeds,2026-02-26T00:00:00.000000,6,0,0,0,6,254.0,6
203812___643775,cloudbeds,2026-02-27T00:00:00.000000,6,0,0,0,6,370.0,6
203812___643775,cloudbeds,2026-02-28T00:00:00.000000,6,0,0,0,6,370.0,6
203812___643775,cloudbeds,2026-03-01T00:00:00.000000,6,1,0,0,6,273.0,5
203812___643775,cloudbeds,2026-03-02T00:00:00.000000,6,0,0,0,6,265.0,6
203812___643775,cloudbeds,2026-03-03T00:00:00.000000,6,0,0,0,6,265.0,6
203812___643775,cloudbeds,2026-03-04T00:00:00.000000,6,0,0,0,6,265.0,6
203812___643775,cloudbeds,2026-03-05T00:00:00.000000,6,0,0,0,6,364.0,6
203812___643775,cloudbeds,2026-03-06T00:00:00.000000,6,0,0,0,6,505.0,6
203812___643775,cloudbeds,2026-03-07T00:00:00.000000,6,0,0,0,6,505.0,6
203812___643775,cloudbeds,2026-03-08T00:00:00.000000,6,0,0,0,6,364.0,6
203812___643775,cloudbeds,2026-03-09T00:00:00.000000,6,0,0,0,6,292.0,6
203812___643775,cloudbeds,2026-03-10T00:00:00.000000,6,0,0,0,6,307.0,6
203812___643775,cloudbeds,2026-03-11T00:00:00.000000,6,0,0,0,6,307.0,6
203812___643775,cloudbeds,2026-03-12T00:00:00.000000,6,0,0,0,6,384.0,6
203812___643775,cloudbeds,2026-03-13T00:00:00.000000,6,0,0,0,6,693.0,6
203812___643775,cloudbeds,2026-03-14T00:00:00.000000,6,0,0,0,6,693.0,6
203812___643775,cloudbeds,2026-03-15T00:00:00.000000,6,0,0,0,6,499.0,6
203812___643775,cloudbeds,2026-03-16T00:00:00.000000,6,0,0,0,6,363.0,6
203812___643775,cloudbeds,2026-03-17T00:00:00.000000,6,0,0,0,6,363.0,6
203812___643775,cloudbeds,2026-03-18T00:00:00.000000,6,0,0,0,6,363.0,6
203812___643775,cloudbeds,2026-03-19T00:00:00.000000,6,0,0,0,6,499.0,6
203812___643775,cloudbeds,2026-03-20T00:00:00.000000,6,0,0,0,6,630.0,6
203812___643775,cloudbeds,2026-03-21T00:00:00.000000,6,0,0,0,6,630.0,6
203812___643775,cloudbeds,2026-03-22T00:00:00.000000,6,0,0,0,6,499.0,6
203812___643775,cloudbeds,2026-03-23T00:00:00.000000,6,0,0,0,6,307.0,6
203812___643775,cloudbeds,2026-03-24T00:00:00.000000,6,0,0,0,6,307.0,6
203812___643775,cloudbeds,2026-03-25T00:00:00.000000,6,0,0,0,6,307.0,6
203812___643775,cloudbeds,2026-03-26T00:00:00.000000,6,0,0,0,6,422.0,6
203812___643775,cloudbeds,2026-03-27T00:00:00.000000,6,0,0,0,6,484.0,6
203812___643775,cloudbeds,2026-03-28T00:00:00.000000,6,0,0,0,6,484.0,6
203812___643775,cloudbeds,2026-03-29T00:00:00.000000,6,0,0,0,6,384.0,6
203812___643775,cloudbeds,2026-03-30T00:00:00.000000,6,0,0,0,6,279.0,6
203812___643775,cloudbeds,2026-03-31T00:00:00.000000,6,0,0,0,6,294.0,6
203812___643775,cloudbeds,2026-04-01T00:00:00.000000,6,0,0,0,6,281.0,6
203812___643775,cloudbeds,2026-04-02T00:00:00.000000,6,0,0,0,6,358.0,6
203812___643775,cloudbeds,2026-04-03T00:00:00.000000,6,0,0,0,6,526.0,6
203812___643775,cloudbeds,2026-04-04T00:00:00.000000,6,0,0,0,6,526.0,6
203812___643775,cloudbeds,2026-04-05T00:00:00.000000,6,0,0,0,6,358.0,6
203812___643775,cloudbeds,2026-04-06T00:00:00.000000,6,0,0,0,6,281.0,6
203812___643775,cloudbeds,2026-04-07T00:00:00.000000,6,0,0,0,6,281.0,6
203812___643775,cloudbeds,2026-04-08T00:00:00.000000,6,0,0,0,6,281.0,6
203812___643775,cloudbeds,2026-04-09T00:00:00.000000,6,0,0,0,6,358.0,6
203812___643775,cloudbeds,2026-04-10T00:00:00.000000,6,0,0,0,6,526.0,6
203812___643775,cloudbeds,2026-04-11T00:00:00.000000,6,0,0,0,6,526.0,6
203812___643775,cloudbeds,2026-04-12T00:00:00.000000,6,0,0,0,6,358.0,6
203812___643775,cloudbeds,2026-04-13T00:00:00.000000,6,0,0,0,6,281.0,6
203812___643775,cloudbeds,2026-04-14T00:00:00.000000,6,0,0,0,6,281.0,6
203812___643775,cloudbeds,2026-04-15T00:00:00.000000,6,0,0,0,6,281.0,6
203812___643775,cloudbeds,2026-04-16T00:00:00.000000,6,0,0,0,6,358.0,6
203812___643775,cloudbeds,2026-04-17T00:00:00.000000,6,1,0,0,6,526.0,5
203812___643775,cloudbeds,2026-04-18T00:00:00.000000,6,1,0,0,6,526.0,5
203812___643775,cloudbeds,2026-04-19T00:00:00.000000,6,0,0,0,6,358.0,6
203812___643775,cloudbeds,2026-04-20T00:00:00.000000,6,0,0,0,6,281.0,6
203812___643775,cloudbeds,2026-04-21T00:00:00.000000,6,0,0,0,6,281.0,6
203812___643775,cloudbeds,2026-04-22T00:00:00.000000,6,0,0,0,6,281.0,6
203812___643775,cloudbeds,2026-04-23T00:00:00.000000,6,0,0,0,6,358.0,6
203812___643775,cloudbeds,2026-04-24T00:00:00.000000,6,0,0,0,6,526.0,6
203812___643775,cloudbeds,2026-04-25T00:00:00.000000,6,0,0,0,6,526.0,6
203812___643775,cloudbeds,2026-04-26T00:00:00.000000,6,0,0,0,6,358.0,6
203812___643775,cloudbeds,2026-04-27T00:00:00.000000,6,0,0,0,6,281.0,6
203812___643775,cloudbeds,2026-04-28T00:00:00.000000,6,0,0,0,6,281.0,6
203812___643775,cloudbeds,2026-04-29T00:00:00.000000,6,0,0,0,6,281.0,6
203812___643775,cloudbeds,2026-04-30T00:00:00.000000,6,0,0,0,6,358.0,6
203812___643775,cloudbeds,2026-05-01T00:00:00.000000,6,0,0,0,6,466.0,6
203812___643775,cloudbeds,2026-05-02T00:00:00.000000,6,0,0,0,6,466.0,6
203812___643775,cloudbeds,2026-05-03T00:00:00.000000,6,0,0,0,6,360.0,6
203812___643775,cloudbeds,2026-05-04T00:00:00.000000,6,0,0,0,6,262.0,6
203812___643775,cloudbeds,2026-05-05T00:00:00.000000,6,0,0,0,6,262.0,6
203812___643775,cloudbeds,2026-05-06T00:00:00.000000,6,0,0,0,6,262.0,6
203812___643775,cloudbeds,2026-05-07T00:00:00.000000,6,0,0,0,6,360.0,6
203812___643775,cloudbeds,2026-05-08T00:00:00.000000,6,0,0,0,6,466.0,6
203812___643775,cloudbeds,2026-05-09T00:00:00.000000,6,0,0,0,6,466.0,6
203812___643775,cloudbeds,2026-05-10T00:00:00.000000,6,0,0,0,6,360.0,6
203812___643775,cloudbeds,2026-05-11T00:00:00.000000,6,0,0,0,6,262.0,6
203812___643775,cloudbeds,2026-05-12T00:00:00.000000,6,0,0,0,6,262.0,6
203812___643775,cloudbeds,2026-05-13T00:00:00.000000,6,0,0,0,6,262.0,6
203812___643775,cloudbeds,2026-05-14T00:00:00.000000,6,0,0,0,6,360.0,6
203812___643775,cloudbeds,2026-05-15T00:00:00.000000,6,0,0,0,6,466.0,6
203812___643775,cloudbeds,2026-05-16T00:00:00.000000,6,0,0,0,6,466.0,6
203812___643775,cloudbeds,2026-05-17T00:00:00.000000,6,0,0,0,6,360.0,6
203812___643775,cloudbeds,2026-05-18T00:00:00.000000,6,0,0,0,6,262.0,6
203812___643775,cloudbeds,2026-05-19T00:00:00.000000,6,0,0,0,6,262.0,6
203812___643775,cloudbeds,2026-05-20T00:00:00.000000,6,0,0,0,6,262.0,6
203812___643775,cloudbeds,2026-05-21T00:00:00.000000,6,0,0,0,6,360.0,6
203812___643775,cloudbeds,2026-05-22T00:00:00.000000,6,0,0,0,6,582.0,6
203812___643775,cloudbeds,2026-05-23T00:00:00.000000,6,0,0,0,6,582.0,6
203812___643775,cloudbeds,2026-05-24T00:00:00.000000,6,0,0,0,6,449.0,6
203812___643775,cloudbeds,2026-05-25T00:00:00.000000,6,0,0,0,6,328.0,6
203812___643775,cloudbeds,2026-05-26T00:00:00.000000,6,0,0,0,6,262.0,6
203812___643775,cloudbeds,2026-05-27T00:00:00.000000,6,0,0,0,6,262.0,6
203812___643775,cloudbeds,2026-05-28T00:00:00.000000,6,0,0,0,6,360.0,6
203812___643775,cloudbeds,2026-05-29T00:00:00.000000,6,0,0,0,6,466.0,6
203812___643775,cloudbeds,2026-05-30T00:00:00.000000,6,0,0,0,6,466.0,6
203812___643775,cloudbeds,2026-05-31T00:00:00.000000,6,0,0,0,6,360.0,6
203812___643775,cloudbeds,2026-06-01T00:00:00.000000,6,0,0,0,6,281.0,6
203812___643775,cloudbeds,2026-06-02T00:00:00.000000,6,0,0,0,6,281.0,6
203812___643775,cloudbeds,2026-06-03T00:00:00.000000,6,0,0,0,6,281.0,6
203812___643775,cloudbeds,2026-06-04T00:00:00.000000,6,0,0,0,6,407.0,6
203812___643775,cloudbeds,2026-06-05T00:00:00.000000,6,0,0,0,6,468.0,6
203812___643775,cloudbeds,2026-06-06T00:00:00.000000,6,0,0,0,6,468.0,6
203812___643775,cloudbeds,2026-06-07T00:00:00.000000,6,0,0,0,6,407.0,6
203812___643775,cloudbeds,2026-06-08T00:00:00.000000,6,0,0,0,6,281.0,6
203812___643775,cloudbeds,2026-06-09T00:00:00.000000,6,0,0,0,6,281.0,6
203812___643775,cloudbeds,2026-06-10T00:00:00.000000,6,0,0,0,6,281.0,6
203812___643775,cloudbeds,2026-06-11T00:00:00.000000,6,0,0,0,6,407.0,6
203812___643775,cloudbeds,2026-06-12T00:00:00.000000,6,0,0,0,6,468.0,6
203812___643775,cloudbeds,2026-06-13T00:00:00.000000,6,0,0,0,6,468.0,6
203812___643775,cloudbeds,2026-06-14T00:00:00.000000,6,0,0,0,6,407.0,6
203812___643775,cloudbeds,2026-06-15T00:00:00.000000,6,0,0,0,6,281.0,6
203812___643775,cloudbeds,2026-06-16T00:00:00.000000,6,0,0,0,6,281.0,6
203812___643775,cloudbeds,2026-06-17T00:00:00.000000,6,0,0,0,6,281.0,6
203812___643775,cloudbeds,2026-06-18T00:00:00.000000,6,0,0,0,6,407.0,6
203812___643775,cloudbeds,2026-06-19T00:00:00.000000,6,0,0,0,6,468.0,6
203812___643775,cloudbeds,2026-06-20T00:00:00.000000,6,0,0,0,6,468.0,6
203812___643775,cloudbeds,2026-06-21T00:00:00.000000,6,0,0,0,6,407.0,6
203812___643775,cloudbeds,2026-06-22T00:00:00.000000,6,0,0,0,6,281.0,6
203812___643775,cloudbeds,2026-06-23T00:00:00.000000,6,0,0,0,6,281.0,6
203812___643775,cloudbeds,2026-06-24T00:00:00.000000,6,0,0,0,6,281.0,6
203812___643775,cloudbeds,2026-06-25T00:00:00.000000,6,0,0,0,6,407.0,6
203812___643775,cloudbeds,2026-06-26T00:00:00.000000,6,0,0,0,6,468.0,6
203812___643775,cloudbeds,2026-06-27T00:00:00.000000,6,0,0,0,6,468.0,6
203812___643775,cloudbeds,2026-06-28T00:00:00.000000,6,0,0,0,6,407.0,6
203812___643775,cloudbeds,2026-06-29T00:00:00.000000,6,0,0,0,6,281.0,6
203812___643775,cloudbeds,2026-06-30T00:00:00.000000,6,0,0,0,6,281.0,6
203812___643775,cloudbeds,2026-07-01T00:00:00.000000,6,0,0,0,6,276.0,6
203812___643775,cloudbeds,2026-07-02T00:00:00.000000,6,0,0,0,6,490.0,6
203812___643775,cloudbeds,2026-07-03T00:00:00.000000,6,0,0,0,6,664.0,6
203812___643775,cloudbeds,2026-07-04T00:00:00.000000,6,0,0,0,6,664.0,6
203812___643775,cloudbeds,2026-07-05T00:00:00.000000,6,0,0,0,6,490.0,6
203812___643775,cloudbeds,2026-07-06T00:00:00.000000,6,0,0,0,6,276.0,6
203812___643775,cloudbeds,2026-07-07T00:00:00.000000,6,0,0,0,6,276.0,6
203812___643775,cloudbeds,2026-07-08T00:00:00.000000,6,0,0,0,6,276.0,6
203812___643775,cloudbeds,2026-07-09T00:00:00.000000,6,0,0,0,6,348.0,6
203812___643775,cloudbeds,2026-07-10T00:00:00.000000,6,0,0,0,6,473.0,6
203812___643775,cloudbeds,2026-07-11T00:00:00.000000,6,0,0,0,6,473.0,6
203812___643775,cloudbeds,2026-07-12T00:00:00.000000,6,0,0,0,6,348.0,6
203812___643775,cloudbeds,2026-07-13T00:00:00.000000,6,0,0,0,6,276.0,6
203812___643775,cloudbeds,2026-07-14T00:00:00.000000,6,0,0,0,6,276.0,6
203812___643775,cloudbeds,2026-07-15T00:00:00.000000,6,0,0,0,6,276.0,6
203812___643775,cloudbeds,2026-07-16T00:00:00.000000,6,0,0,0,6,348.0,6
203812___643775,cloudbeds,2026-07-17T00:00:00.000000,6,0,0,0,6,473.0,6
203812___643775,cloudbeds,2026-07-18T00:00:00.000000,6,0,0,0,6,473.0,6
203812___643775,cloudbeds,2026-07-19T00:00:00.000000,6,0,0,0,6,348.0,6
203812___643775,cloudbeds,2026-07-20T00:00:00.000000,6,0,0,0,6,276.0,6
203812___643775,cloudbeds,2026-07-21T00:00:00.000000,6,0,0,0,6,276.0,6
203812___643775,cloudbeds,2026-07-22T00:00:00.000000,6,0,0,0,6,276.0,6
203812___643775,cloudbeds,2026-07-23T00:00:00.000000,6,0,0,0,6,348.0,6
203812___643775,cloudbeds,2026-07-24T00:00:00.000000,6,0,0,0,6,473.0,6
203812___643775,cloudbeds,2026-07-25T00:00:00.000000,6,0,0,0,6,473.0,6
203812___643775,cloudbeds,2026-07-26T00:00:00.000000,6,0,0,0,6,348.0,6
203812___643775,cloudbeds,2026-07-27T00:00:00.000000,6,0,0,0,6,276.0,6
203812___643775,cloudbeds,2026-07-28T00:00:00.000000,6,0,0,0,6,276.0,6
203812___643775,cloudbeds,2026-07-29T00:00:00.000000,6,0,0,0,6,276.0,6
203812___643775,cloudbeds,2026-07-30T00:00:00.000000,6,0,0,0,6,348.0,6
203812___643775,cloudbeds,2026-07-31T00:00:00.000000,6,0,0,0,6,473.0,6
203812___643775,cloudbeds,2026-08-01T00:00:00.000000,6,0,0,0,6,436.0,6
203812___643775,cloudbeds,2026-08-02T00:00:00.000000,6,0,0,0,6,332.0,6
203812___643775,cloudbeds,2026-08-03T00:00:00.000000,6,0,0,0,6,276.0,6
203812___643775,cloudbeds,2026-08-04T00:00:00.000000,6,0,0,0,6,276.0,6
203812___643775,cloudbeds,2026-08-05T00:00:00.000000,6,0,0,0,6,276.0,6
203812___643775,cloudbeds,2026-08-06T00:00:00.000000,6,0,0,0,6,332.0,6
203812___643775,cloudbeds,2026-08-07T00:00:00.000000,6,0,0,0,6,436.0,6
203812___643775,cloudbeds,2026-08-08T00:00:00.000000,6,0,0,0,6,436.0,6
203812___643775,cloudbeds,2026-08-09T00:00:00.000000,6,0,0,0,6,332.0,6
203812___643775,cloudbeds,2026-08-10T00:00:00.000000,6,0,0,0,6,276.0,6
203812___643775,cloudbeds,2026-08-11T00:00:00.000000,6,0,0,0,6,276.0,6
203812___643775,cloudbeds,2026-08-12T00:00:00.000000,6,0,0,0,6,276.0,6
203812___643775,cloudbeds,2026-08-13T00:00:00.000000,6,0,0,0,6,332.0,6
203812___643775,cloudbeds,2026-08-14T00:00:00.000000,6,0,0,0,6,436.0,6
203812___643775,cloudbeds,2026-08-15T00:00:00.000000,6,0,0,0,6,436.0,6
203812___643775,cloudbeds,2026-08-16T00:00:00.000000,6,0,0,0,6,332.0,6
203812___643775,cloudbeds,2026-08-17T00:00:00.000000,6,0,0,0,6,276.0,6
203812___643775,cloudbeds,2026-08-18T00:00:00.000000,6,0,0,0,6,276.0,6
203812___643775,cloudbeds,2026-08-19T00:00:00.000000,6,0,0,0,6,276.0,6
203812___643775,cloudbeds,2026-08-20T00:00:00.000000,6,0,0,0,6,332.0,6
203812___643775,cloudbeds,2026-08-21T00:00:00.000000,6,0,0,0,6,436.0,6
203812___643775,cloudbeds,2026-08-22T00:00:00.000000,6,0,0,0,6,436.0,6
203812___643775,cloudbeds,2026-08-23T00:00:00.000000,6,0,0,0,6,332.0,6
203812___643775,cloudbeds,2026-08-24T00:00:00.000000,6,0,0,0,6,276.0,6
203812___643775,cloudbeds,2026-08-25T00:00:00.000000,6,0,0,0,6,276.0,6
203812___643775,cloudbeds,2026-08-26T00:00:00.000000,6,0,0,0,6,276.0,6
203812___643775,cloudbeds,2026-08-27T00:00:00.000000,6,0,0,0,6,332.0,6
203812___643775,cloudbeds,2026-08-28T00:00:00.000000,6,0,0,0,6,436.0,6
203812___643775,cloudbeds,2026-08-29T00:00:00.000000,6,0,0,0,6,436.0,6
203812___643775,cloudbeds,2026-08-30T00:00:00.000000,6,0,0,0,6,332.0,6
203812___643775,cloudbeds,2026-08-31T00:00:00.000000,6,0,0,0,6,276.0,6
203812___643775,cloudbeds,2026-09-01T00:00:00.000000,6,0,0,0,6,321.0,6
203812___643775,cloudbeds,2026-09-02T00:00:00.000000,6,0,0,0,6,321.0,6
203812___643775,cloudbeds,2026-09-03T00:00:00.000000,6,0,0,0,6,429.0,6
203812___643775,cloudbeds,2026-09-04T00:00:00.000000,6,0,0,0,6,580.0,6
203812___643775,cloudbeds,2026-09-05T00:00:00.000000,6,0,0,0,6,580.0,6
203812___643775,cloudbeds,2026-09-06T00:00:00.000000,6,0,0,0,6,515.0,6
203812___643775,cloudbeds,2026-09-07T00:00:00.000000,6,0,0,0,6,386.0,6
203812___643775,cloudbeds,2026-09-08T00:00:00.000000,6,0,0,0,6,321.0,6
203812___643775,cloudbeds,2026-09-09T00:00:00.000000,6,0,0,0,6,321.0,6
203812___643775,cloudbeds,2026-09-10T00:00:00.000000,6,0,0,0,6,429.0,6
203812___643775,cloudbeds,2026-09-11T00:00:00.000000,6,0,0,0,6,483.0,6
203812___643775,cloudbeds,2026-09-12T00:00:00.000000,6,0,0,0,6,483.0,6
203812___643775,cloudbeds,2026-09-13T00:00:00.000000,6,0,0,0,6,429.0,6
203812___643775,cloudbeds,2026-09-14T00:00:00.000000,6,0,0,0,6,321.0,6
203812___643775,cloudbeds,2026-09-15T00:00:00.000000,6,0,0,0,6,321.0,6
203812___643775,cloudbeds,2026-09-16T00:00:00.000000,6,0,0,0,6,321.0,6
203812___643775,cloudbeds,2026-09-17T00:00:00.000000,6,0,0,0,6,429.0,6
203812___643775,cloudbeds,2026-09-18T00:00:00.000000,6,0,0,0,6,483.0,6
203812___643775,cloudbeds,2026-09-19T00:00:00.000000,6,0,0,0,6,483.0,6
203812___643775,cloudbeds,2026-09-20T00:00:00.000000,6,0,0,0,6,429.0,6
203812___643775,cloudbeds,2026-09-21T00:00:00.000000,6,0,0,0,6,321.0,6
203812___643775,cloudbeds,2026-09-22T00:00:00.000000,6,0,0,0,6,321.0,6
203812___643775,cloudbeds,2026-09-23T00:00:00.000000,6,0,0,0,6,321.0,6
203812___643775,cloudbeds,2026-09-24T00:00:00.000000,6,0,0,0,6,429.0,6
203812___643775,cloudbeds,2026-09-25T00:00:00.000000,6,0,0,0,6,483.0,6
203812___643775,cloudbeds,2026-09-26T00:00:00.000000,6,0,0,0,6,483.0,6
203812___643775,cloudbeds,2026-09-27T00:00:00.000000,6,0,0,0,6,429.0,6
203812___643775,cloudbeds,2026-09-28T00:00:00.000000,6,0,0,0,6,321.0,6
203812___643775,cloudbeds,2026-09-29T00:00:00.000000,6,0,0,0,6,321.0,6
203812___643775,cloudbeds,2026-09-30T00:00:00.000000,6,0,0,0,6,321.0,6
203812___643775,cloudbeds,2026-10-01T00:00:00.000000,6,0,0,0,6,463.0,6
203812___643775,cloudbeds,2026-10-02T00:00:00.000000,6,0,0,0,6,493.0,6
203812___643775,cloudbeds,2026-10-03T00:00:00.000000,6,0,0,0,6,493.0,6
203812___643775,cloudbeds,2026-10-04T00:00:00.000000,6,0,0,0,6,463.0,6
203812___643775,cloudbeds,2026-10-05T00:00:00.000000,6,0,0,0,6,353.0,6
203812___643775,cloudbeds,2026-10-06T00:00:00.000000,6,0,0,0,6,353.0,6
203812___643775,cloudbeds,2026-10-07T00:00:00.000000,6,0,0,0,6,353.0,6
203812___643775,cloudbeds,2026-10-08T00:00:00.000000,6,0,0,0,6,463.0,6
203812___643775,cloudbeds,2026-10-09T00:00:00.000000,6,0,0,0,6,568.0,6
203812___643775,cloudbeds,2026-10-10T00:00:00.000000,6,0,0,0,6,568.0,6
203812___643775,cloudbeds,2026-10-11T00:00:00.000000,6,0,0,0,6,532.0,6
203812___643775,cloudbeds,2026-10-12T00:00:00.000000,6,0,0,0,6,405.0,6
203812___643775,cloudbeds,2026-10-13T00:00:00.000000,6,0,0,0,6,353.0,6
203812___643775,cloudbeds,2026-10-14T00:00:00.000000,6,0,0,0,6,353.0,6
203812___643775,cloudbeds,2026-10-15T00:00:00.000000,6,0,0,0,6,463.0,6
203812___643775,cloudbeds,2026-10-16T00:00:00.000000,6,0,0,0,6,493.0,6
203812___643775,cloudbeds,2026-10-17T00:00:00.000000,6,0,0,0,6,493.0,6
203812___643775,cloudbeds,2026-10-18T00:00:00.000000,6,0,0,0,6,463.0,6
203812___643775,cloudbeds,2026-10-19T00:00:00.000000,6,0,0,0,6,353.0,6
203812___643775,cloudbeds,2026-10-20T00:00:00.000000,6,0,0,0,6,353.0,6
203812___643775,cloudbeds,2026-10-21T00:00:00.000000,6,0,0,0,6,353.0,6
203812___643775,cloudbeds,2026-10-22T00:00:00.000000,6,0,0,0,6,463.0,6
203812___643775,cloudbeds,2026-10-23T00:00:00.000000,6,0,0,0,6,493.0,6
203812___643775,cloudbeds,2026-10-24T00:00:00.000000,6,0,0,0,6,493.0,6
203812___643775,cloudbeds,2026-10-25T00:00:00.000000,6,0,0,0,6,463.0,6
203812___643775,cloudbeds,2026-10-26T00:00:00.000000,6,0,0,0,6,353.0,6
203812___643775,cloudbeds,2026-10-27T00:00:00.000000,6,0,0,0,6,353.0,6
203812___643775,cloudbeds,2026-10-28T00:00:00.000000,6,0,0,0,6,353.0,6
203812___643775,cloudbeds,2026-10-29T00:00:00.000000,6,0,0,0,6,463.0,6
203812___643775,cloudbeds,2026-10-30T00:00:00.000000,6,0,0,0,6,493.0,6
203812___643775,cloudbeds,2026-10-31T00:00:00.000000,6,0,0,0,6,493.0,6
203812___643775,cloudbeds,2026-11-01T00:00:00.000000,6,0,0,0,6,434.0,6
203812___643775,cloudbeds,2026-11-02T00:00:00.000000,6,0,0,0,6,328.0,6
203812___643775,cloudbeds,2026-11-03T00:00:00.000000,6,0,0,0,6,328.0,6
203812___643775,cloudbeds,2026-11-04T00:00:00.000000,6,0,0,0,6,328.0,6
203812___643775,cloudbeds,2026-11-05T00:00:00.000000,6,0,0,0,6,434.0,6
203812___643775,cloudbeds,2026-11-06T00:00:00.000000,6,0,0,0,6,485.0,6
203812___643775,cloudbeds,2026-11-07T00:00:00.000000,6,0,0,0,6,485.0,6
203812___643775,cloudbeds,2026-11-08T00:00:00.000000,6,0,0,0,6,434.0,6
203812___643775,cloudbeds,2026-11-09T00:00:00.000000,6,0,0,0,6,328.0,6
203812___643775,cloudbeds,2026-11-10T00:00:00.000000,6,0,0,0,6,328.0,6
203812___643775,cloudbeds,2026-11-11T00:00:00.000000,6,0,0,0,6,328.0,6
203812___643775,cloudbeds,2026-11-12T00:00:00.000000,6,0,0,0,6,434.0,6
203812___643775,cloudbeds,2026-11-13T00:00:00.000000,6,0,0,0,6,485.0,6
203812___643775,cloudbeds,2026-11-14T00:00:00.000000,6,0,0,0,6,485.0,6
203812___643775,cloudbeds,2026-11-15T00:00:00.000000,6,0,0,0,6,434.0,6
203812___643775,cloudbeds,2026-11-16T00:00:00.000000,6,0,0,0,6,328.0,6
203812___643775,cloudbeds,2026-11-17T00:00:00.000000,6,0,0,0,6,328.0,6
203812___643775,cloudbeds,2026-11-18T00:00:00.000000,6,0,0,0,6,328.0,6
203812___643775,cloudbeds,2026-11-19T00:00:00.000000,6,0,0,0,6,434.0,6
203812___643775,cloudbeds,2026-11-20T00:00:00.000000,6,0,0,0,6,485.0,6
203812___643775,cloudbeds,2026-11-21T00:00:00.000000,6,0,0,0,6,485.0,6
203812___643775,cloudbeds,2026-11-22T00:00:00.000000,6,0,0,0,6,434.0,6
203812___643775,cloudbeds,2026-11-23T00:00:00.000000,6,0,0,0,6,328.0,6
203812___643775,cloudbeds,2026-11-24T00:00:00.000000,6,0,0,0,6,328.0,6
203812___643775,cloudbeds,2026-11-25T00:00:00.000000,6,0,0,0,6,328.0,6
203812___643775,cloudbeds,2026-11-26T00:00:00.000000,6,0,0,0,6,696.0,6
203812___643775,cloudbeds,2026-11-27T00:00:00.000000,6,0,0,0,6,485.0,6
203812___643775,cloudbeds,2026-11-28T00:00:00.000000,6,0,0,0,6,485.0,6
203812___643775,cloudbeds,2026-11-29T00:00:00.000000,6,0,0,0,6,434.0,6
203812___643775,cloudbeds,2026-11-30T00:00:00.000000,6,0,0,0,6,328.0,6
203812___643775,cloudbeds,2026-12-01T00:00:00.000000,6,0,0,0,6,323.0,6
203812___643775,cloudbeds,2026-12-02T00:00:00.000000,6,0,0,0,6,323.0,6
203812___643775,cloudbeds,2026-12-03T00:00:00.000000,6,0,0,0,6,401.0,6
203812___643775,cloudbeds,2026-12-04T00:00:00.000000,6,0,0,0,6,495.0,6
203812___643775,cloudbeds,2026-12-05T00:00:00.000000,6,0,0,0,6,495.0,6
203812___643775,cloudbeds,2026-12-06T00:00:00.000000,6,0,0,0,6,401.0,6
203812___643775,cloudbeds,2026-12-07T00:00:00.000000,6,0,0,0,6,323.0,6
203812___643775,cloudbeds,2026-12-08T00:00:00.000000,6,0,0,0,6,323.0,6
203812___643775,cloudbeds,2026-12-09T00:00:00.000000,6,0,0,0,6,323.0,6
203812___643775,cloudbeds,2026-12-10T00:00:00.000000,6,0,0,0,6,401.0,6
203812___643775,cloudbeds,2026-12-11T00:00:00.000000,6,0,0,0,6,495.0,6
203812___643775,cloudbeds,2026-12-12T00:00:00.000000,6,0,0,0,6,495.0,6
203812___643775,cloudbeds,2026-12-13T00:00:00.000000,6,0,0,0,6,401.0,6
203812___643775,cloudbeds,2026-12-14T00:00:00.000000,6,0,0,0,6,323.0,6
203812___643775,cloudbeds,2026-12-15T00:00:00.000000,6,0,0,0,6,323.0,6
203812___643775,cloudbeds,2026-12-16T00:00:00.000000,6,0,0,0,6,323.0,6
203812___643775,cloudbeds,2026-12-17T00:00:00.000000,6,0,0,0,6,401.0,6
203812___643775,cloudbeds,2026-12-18T00:00:00.000000,6,0,0,0,6,645.0,6
203812___643775,cloudbeds,2026-12-19T00:00:00.000000,6,0,0,0,6,645.0,6
203812___643775,cloudbeds,2026-12-20T00:00:00.000000,6,0,0,0,6,521.0,6
203812___643775,cloudbeds,2026-12-21T00:00:00.000000,6,0,0,0,6,422.0,6
203812___643775,cloudbeds,2026-12-22T00:00:00.000000,6,0,0,0,6,422.0,6
203812___643775,cloudbeds,2026-12-23T00:00:00.000000,6,0,0,0,6,422.0,6
203812___643775,cloudbeds,2026-12-24T00:00:00.000000,6,0,0,0,6,643.0,6
203812___643775,cloudbeds,2026-12-25T00:00:00.000000,6,0,0,0,6,993.0,6
203812___643775,cloudbeds,2026-12-26T00:00:00.000000,6,0,0,0,6,993.0,6
203812___643775,cloudbeds,2026-12-27T00:00:00.000000,6,0,0,0,6,401.0,6
203812___643775,cloudbeds,2026-12-28T00:00:00.000000,6,0,0,0,6,323.0,6
203812___643775,cloudbeds,2026-12-29T00:00:00.000000,6,0,0,0,6,323.0,6
203812___643775,cloudbeds,2026-12-30T00:00:00.000000,6,0,0,0,6,1302.0,6
203812___643775,cloudbeds,2026-12-31T00:00:00.000000,6,0,0,0,6,1302.0,6
203812___643775,cloudbeds,2027-01-01T00:00:00.000000,6,0,0,0,6,452.0,6
203812___643775,cloudbeds,2027-01-02T00:00:00.000000,6,0,0,0,6,452.0,6
203812___643775,cloudbeds,2027-01-03T00:00:00.000000,6,0,0,0,6,361.0,6
203812___657152,cloudbeds,2026-02-04T00:00:00.000000,2,0,0,0,2,186.0,2
203812___657152,cloudbeds,2026-02-05T00:00:00.000000,2,0,0,0,2,194.0,2
203812___657152,cloudbeds,2026-02-06T00:00:00.000000,2,1,0,0,2,259.0,1
203812___657152,cloudbeds,2026-02-07T00:00:00.000000,2,1,0,0,2,284.0,1
203812___657152,cloudbeds,2026-02-08T00:00:00.000000,2,0,0,0,2,205.0,2
203812___657152,cloudbeds,2026-02-09T00:00:00.000000,2,0,0,0,2,186.0,2
203812___657152,cloudbeds,2026-02-10T00:00:00.000000,2,0,0,0,2,186.0,2
203812___657152,cloudbeds,2026-02-11T00:00:00.000000,2,0,0,0,2,205.0,2
203812___657152,cloudbeds,2026-02-12T00:00:00.000000,2,0,0,0,2,268.0,2
203812___657152,cloudbeds,2026-02-13T00:00:00.000000,2,0,0,0,2,630.0,2
203812___657152,cloudbeds,2026-02-14T00:00:00.000000,2,0,0,0,2,762.0,2
203812___657152,cloudbeds,2026-02-15T00:00:00.000000,2,0,0,0,2,496.0,2
203812___657152,cloudbeds,2026-02-16T00:00:00.000000,2,0,0,0,2,186.0,2
203812___657152,cloudbeds,2026-02-17T00:00:00.000000,2,0,0,0,2,186.0,2
203812___657152,cloudbeds,2026-02-18T00:00:00.000000,2,0,0,0,2,186.0,2
203812___657152,cloudbeds,2026-02-19T00:00:00.000000,2,0,0,0,2,268.0,2
203812___657152,cloudbeds,2026-02-20T00:00:00.000000,2,0,0,0,2,390.0,2
203812___657152,cloudbeds,2026-02-21T00:00:00.000000,2,0,0,0,2,493.0,2
203812___657152,cloudbeds,2026-02-22T00:00:00.000000,2,0,0,0,2,268.0,2
203812___657152,cloudbeds,2026-02-23T00:00:00.000000,2,0,0,0,2,176.0,2
203812___657152,cloudbeds,2026-02-24T00:00:00.000000,2,0,0,0,2,176.0,2
203812___657152,cloudbeds,2026-02-25T00:00:00.000000,2,0,0,0,2,176.0,2
203812___657152,cloudbeds,2026-02-26T00:00:00.000000,2,0,0,0,2,268.0,2
203812___657152,cloudbeds,2026-02-27T00:00:00.000000,2,0,0,0,2,390.0,2
203812___657152,cloudbeds,2026-02-28T00:00:00.000000,2,0,0,0,2,390.0,2
203812___657152,cloudbeds,2026-03-01T00:00:00.000000,2,0,0,0,2,288.0,2
203812___657152,cloudbeds,2026-03-02T00:00:00.000000,2,0,0,0,2,279.0,2
203812___657152,cloudbeds,2026-03-03T00:00:00.000000,2,0,0,0,2,279.0,2
203812___657152,cloudbeds,2026-03-04T00:00:00.000000,2,0,0,0,2,279.0,2
203812___657152,cloudbeds,2026-03-05T00:00:00.000000,2,0,0,0,2,384.0,2
203812___657152,cloudbeds,2026-03-06T00:00:00.000000,2,0,0,0,2,532.0,2
203812___657152,cloudbeds,2026-03-07T00:00:00.000000,2,0,0,0,2,532.0,2
203812___657152,cloudbeds,2026-03-08T00:00:00.000000,2,0,0,0,2,384.0,2
203812___657152,cloudbeds,2026-03-09T00:00:00.000000,2,0,0,0,2,307.0,2
203812___657152,cloudbeds,2026-03-10T00:00:00.000000,2,0,0,0,2,307.0,2
203812___657152,cloudbeds,2026-03-11T00:00:00.000000,2,0,0,0,2,307.0,2
203812___657152,cloudbeds,2026-03-12T00:00:00.000000,2,0,0,0,2,384.0,2
203812___657152,cloudbeds,2026-03-13T00:00:00.000000,2,0,0,0,2,693.0,2
203812___657152,cloudbeds,2026-03-14T00:00:00.000000,2,0,0,0,2,693.0,2
203812___657152,cloudbeds,2026-03-15T00:00:00.000000,2,0,0,0,2,499.0,2
203812___657152,cloudbeds,2026-03-16T00:00:00.000000,2,0,0,0,2,363.0,2
203812___657152,cloudbeds,2026-03-17T00:00:00.000000,2,0,0,0,2,363.0,2
203812___657152,cloudbeds,2026-03-18T00:00:00.000000,2,0,0,0,2,363.0,2
203812___657152,cloudbeds,2026-03-19T00:00:00.000000,2,0,0,0,2,499.0,2
203812___657152,cloudbeds,2026-03-20T00:00:00.000000,2,0,0,0,2,630.0,2
203812___657152,cloudbeds,2026-03-21T00:00:00.000000,2,0,0,0,2,630.0,2
203812___657152,cloudbeds,2026-03-22T00:00:00.000000,2,0,0,0,2,499.0,2
203812___657152,cloudbeds,2026-03-23T00:00:00.000000,2,0,0,0,2,279.0,2
203812___657152,cloudbeds,2026-03-24T00:00:00.000000,2,0,0,0,2,279.0,2
203812___657152,cloudbeds,2026-03-25T00:00:00.000000,2,0,0,0,2,279.0,2
203812___657152,cloudbeds,2026-03-26T00:00:00.000000,2,0,0,0,2,384.0,2
203812___657152,cloudbeds,2026-03-27T00:00:00.000000,2,0,0,0,2,484.0,2
203812___657152,cloudbeds,2026-03-28T00:00:00.000000,2,0,0,0,2,484.0,2
203812___657152,cloudbeds,2026-03-29T00:00:00.000000,2,0,0,0,2,384.0,2
203812___657152,cloudbeds,2026-03-30T00:00:00.000000,2,0,0,0,2,279.0,2
203812___657152,cloudbeds,2026-03-31T00:00:00.000000,2,0,0,0,2,279.0,2
203812___657152,cloudbeds,2026-04-01T00:00:00.000000,2,0,0,0,2,266.0,2
203812___657152,cloudbeds,2026-04-02T00:00:00.000000,2,0,0,0,2,340.0,2
203812___657152,cloudbeds,2026-04-03T00:00:00.000000,2,0,0,0,2,499.0,2
203812___657152,cloudbeds,2026-04-04T00:00:00.000000,2,0,0,0,2,499.0,2
203812___657152,cloudbeds,2026-04-05T00:00:00.000000,2,0,0,0,2,340.0,2
203812___657152,cloudbeds,2026-04-06T00:00:00.000000,2,0,0,0,2,266.0,2
203812___657152,cloudbeds,2026-04-07T00:00:00.000000,2,0,0,0,2,266.0,2
203812___657152,cloudbeds,2026-04-08T00:00:00.000000,2,0,0,0,2,266.0,2
203812___657152,cloudbeds,2026-04-09T00:00:00.000000,2,0,0,0,2,340.0,2
203812___657152,cloudbeds,2026-04-10T00:00:00.000000,2,0,0,0,2,499.0,2
203812___657152,cloudbeds,2026-04-11T00:00:00.000000,2,0,0,0,2,499.0,2
203812___657152,cloudbeds,2026-04-12T00:00:00.000000,2,0,0,0,2,340.0,2
203812___657152,cloudbeds,2026-04-13T00:00:00.000000,2,0,0,0,2,266.0,2
203812___657152,cloudbeds,2026-04-14T00:00:00.000000,2,0,0,0,2,266.0,2
203812___657152,cloudbeds,2026-04-15T00:00:00.000000,2,0,0,0,2,266.0,2
203812___657152,cloudbeds,2026-04-16T00:00:00.000000,2,0,0,0,2,340.0,2
203812___657152,cloudbeds,2026-04-17T00:00:00.000000,2,0,0,0,2,499.0,2
203812___657152,cloudbeds,2026-04-18T00:00:00.000000,2,0,0,0,2,499.0,2
203812___657152,cloudbeds,2026-04-19T00:00:00.000000,2,0,0,0,2,340.0,2
203812___657152,cloudbeds,2026-04-20T00:00:00.000000,2,0,0,0,2,266.0,2
203812___657152,cloudbeds,2026-04-21T00:00:00.000000,2,0,0,0,2,266.0,2
203812___657152,cloudbeds,2026-04-22T00:00:00.000000,2,0,0,0,2,266.0,2
203812___657152,cloudbeds,2026-04-23T00:00:00.000000,2,0,0,0,2,340.0,2
203812___657152,cloudbeds,2026-04-24T00:00:00.000000,2,0,0,0,2,499.0,2
203812___657152,cloudbeds,2026-04-25T00:00:00.000000,2,0,0,0,2,499.0,2
203812___657152,cloudbeds,2026-04-26T00:00:00.000000,2,0,0,0,2,340.0,2
203812___657152,cloudbeds,2026-04-27T00:00:00.000000,2,0,0,0,2,266.0,2
203812___657152,cloudbeds,2026-04-28T00:00:00.000000,2,0,0,0,2,266.0,2
203812___657152,cloudbeds,2026-04-29T00:00:00.000000,2,0,0,0,2,266.0,2
203812___657152,cloudbeds,2026-04-30T00:00:00.000000,2,0,0,0,2,340.0,2
203812___657152,cloudbeds,2026-05-01T00:00:00.000000,2,0,0,0,2,442.0,2
203812___657152,cloudbeds,2026-05-02T00:00:00.000000,2,0,0,0,2,442.0,2
203812___657152,cloudbeds,2026-05-03T00:00:00.000000,2,0,0,0,2,342.0,2
203812___657152,cloudbeds,2026-05-04T00:00:00.000000,2,0,0,0,2,248.0,2
203812___657152,cloudbeds,2026-05-05T00:00:00.000000,2,0,0,0,2,248.0,2
203812___657152,cloudbeds,2026-05-06T00:00:00.000000,2,0,0,0,2,248.0,2
203812___657152,cloudbeds,2026-05-07T00:00:00.000000,2,0,0,0,2,342.0,2
203812___657152,cloudbeds,2026-05-08T00:00:00.000000,2,0,0,0,2,442.0,2
203812___657152,cloudbeds,2026-05-09T00:00:00.000000,2,0,0,0,2,442.0,2
203812___657152,cloudbeds,2026-05-10T00:00:00.000000,2,0,0,0,2,342.0,2
203812___657152,cloudbeds,2026-05-11T00:00:00.000000,2,0,0,0,2,248.0,2
203812___657152,cloudbeds,2026-05-12T00:00:00.000000,2,0,0,0,2,248.0,2
203812___657152,cloudbeds,2026-05-13T00:00:00.000000,2,0,0,0,2,248.0,2
203812___657152,cloudbeds,2026-05-14T00:00:00.000000,2,0,0,0,2,342.0,2
203812___657152,cloudbeds,2026-05-15T00:00:00.000000,2,0,0,0,2,442.0,2
203812___657152,cloudbeds,2026-05-16T00:00:00.000000,2,0,0,0,2,442.0,2
203812___657152,cloudbeds,2026-05-17T00:00:00.000000,2,0,0,0,2,342.0,2
203812___657152,cloudbeds,2026-05-18T00:00:00.000000,2,0,0,0,2,248.0,2
203812___657152,cloudbeds,2026-05-19T00:00:00.000000,2,0,0,0,2,248.0,2
203812___657152,cloudbeds,2026-05-20T00:00:00.000000,2,0,0,0,2,248.0,2
203812___657152,cloudbeds,2026-05-21T00:00:00.000000,2,0,0,0,2,342.0,2
203812___657152,cloudbeds,2026-05-22T00:00:00.000000,2,0,0,0,2,552.0,2
203812___657152,cloudbeds,2026-05-23T00:00:00.000000,2,0,0,0,2,552.0,2
203812___657152,cloudbeds,2026-05-24T00:00:00.000000,2,0,0,0,2,426.0,2
203812___657152,cloudbeds,2026-05-25T00:00:00.000000,2,0,0,0,2,311.0,2
203812___657152,cloudbeds,2026-05-26T00:00:00.000000,2,0,0,0,2,248.0,2
203812___657152,cloudbeds,2026-05-27T00:00:00.000000,2,0,0,0,2,248.0,2
203812___657152,cloudbeds,2026-05-28T00:00:00.000000,2,0,0,0,2,342.0,2
203812___657152,cloudbeds,2026-05-29T00:00:00.000000,2,0,0,0,2,442.0,2
203812___657152,cloudbeds,2026-05-30T00:00:00.000000,2,0,0,0,2,442.0,2
203812___657152,cloudbeds,2026-05-31T00:00:00.000000,2,0,0,0,2,342.0,2
203812___657152,cloudbeds,2026-06-01T00:00:00.000000,2,0,0,0,2,266.0,2
203812___657152,cloudbeds,2026-06-02T00:00:00.000000,2,0,0,0,2,266.0,2
203812___657152,cloudbeds,2026-06-03T00:00:00.000000,2,0,0,0,2,266.0,2
203812___657152,cloudbeds,2026-06-04T00:00:00.000000,2,0,0,0,2,386.0,2
203812___657152,cloudbeds,2026-06-05T00:00:00.000000,2,0,0,0,2,444.0,2
203812___657152,cloudbeds,2026-06-06T00:00:00.000000,2,0,0,0,2,444.0,2
203812___657152,cloudbeds,2026-06-07T00:00:00.000000,2,0,0,0,2,386.0,2
203812___657152,cloudbeds,2026-06-08T00:00:00.000000,2,0,0,0,2,266.0,2
203812___657152,cloudbeds,2026-06-09T00:00:00.000000,2,0,0,0,2,266.0,2
203812___657152,cloudbeds,2026-06-10T00:00:00.000000,2,0,0,0,2,266.0,2
203812___657152,cloudbeds,2026-06-11T00:00:00.000000,2,0,0,0,2,386.0,2
203812___657152,cloudbeds,2026-06-12T00:00:00.000000,2,0,0,0,2,444.0,2
203812___657152,cloudbeds,2026-06-13T00:00:00.000000,2,0,0,0,2,444.0,2
203812___657152,cloudbeds,2026-06-14T00:00:00.000000,2,0,0,0,2,386.0,2
203812___657152,cloudbeds,2026-06-15T00:00:00.000000,2,0,0,0,2,266.0,2
203812___657152,cloudbeds,2026-06-16T00:00:00.000000,2,0,0,0,2,266.0,2
203812___657152,cloudbeds,2026-06-17T00:00:00.000000,2,0,0,0,2,266.0,2
203812___657152,cloudbeds,2026-06-18T00:00:00.000000,2,0,0,0,2,386.0,2
203812___657152,cloudbeds,2026-06-19T00:00:00.000000,2,0,0,0,2,444.0,2
203812___657152,cloudbeds,2026-06-20T00:00:00.000000,2,0,0,0,2,444.0,2
203812___657152,cloudbeds,2026-06-21T00:00:00.000000,2,0,0,0,2,386.0,2
203812___657152,cloudbeds,2026-06-22T00:00:00.000000,2,0,0,0,2,266.0,2
203812___657152,cloudbeds,2026-06-23T00:00:00.000000,2,0,0,0,2,266.0,2
203812___657152,cloudbeds,2026-06-24T00:00:00.000000,2,0,0,0,2,266.0,2
203812___657152,cloudbeds,2026-06-25T00:00:00.000000,2,0,0,0,2,386.0,2
203812___657152,cloudbeds,2026-06-26T00:00:00.000000,2,0,0,0,2,444.0,2
203812___657152,cloudbeds,2026-06-27T00:00:00.000000,2,0,0,0,2,444.0,2
203812___657152,cloudbeds,2026-06-28T00:00:00.000000,2,0,0,0,2,386.0,2
203812___657152,cloudbeds,2026-06-29T00:00:00.000000,2,0,0,0,2,266.0,2
203812___657152,cloudbeds,2026-06-30T00:00:00.000000,2,0,0,0,2,266.0,2
203812___657152,cloudbeds,2026-07-01T00:00:00.000000,2,0,0,0,2,262.0,2
203812___657152,cloudbeds,2026-07-02T00:00:00.000000,2,0,0,0,2,465.0,2
203812___657152,cloudbeds,2026-07-03T00:00:00.000000,2,0,0,0,2,630.0,2
203812___657152,cloudbeds,2026-07-04T00:00:00.000000,2,0,0,0,2,630.0,2
203812___657152,cloudbeds,2026-07-05T00:00:00.000000,2,0,0,0,2,465.0,2
203812___657152,cloudbeds,2026-07-06T00:00:00.000000,2,0,0,0,2,262.0,2
203812___657152,cloudbeds,2026-07-07T00:00:00.000000,2,0,0,0,2,262.0,2
203812___657152,cloudbeds,2026-07-08T00:00:00.000000,2,0,0,0,2,262.0,2
203812___657152,cloudbeds,2026-07-09T00:00:00.000000,2,0,0,0,2,330.0,2
203812___657152,cloudbeds,2026-07-10T00:00:00.000000,2,0,0,0,2,449.0,2
203812___657152,cloudbeds,2026-07-11T00:00:00.000000,2,0,0,0,2,449.0,2
203812___657152,cloudbeds,2026-07-12T00:00:00.000000,2,0,0,0,2,330.0,2
203812___657152,cloudbeds,2026-07-13T00:00:00.000000,2,0,0,0,2,262.0,2
203812___657152,cloudbeds,2026-07-14T00:00:00.000000,2,0,0,0,2,262.0,2
203812___657152,cloudbeds,2026-07-15T00:00:00.000000,2,0,0,0,2,262.0,2
203812___657152,cloudbeds,2026-07-16T00:00:00.000000,2,0,0,0,2,330.0,2
203812___657152,cloudbeds,2026-07-17T00:00:00.000000,2,0,0,0,2,449.0,2
203812___657152,cloudbeds,2026-07-18T00:00:00.000000,2,0,0,0,2,449.0,2
203812___657152,cloudbeds,2026-07-19T00:00:00.000000,2,0,0,0,2,330.0,2
203812___657152,cloudbeds,2026-07-20T00:00:00.000000,2,0,0,0,2,262.0,2
203812___657152,cloudbeds,2026-07-21T00:00:00.000000,2,0,0,0,2,262.0,2
203812___657152,cloudbeds,2026-07-22T00:00:00.000000,2,0,0,0,2,262.0,2
203812___657152,cloudbeds,2026-07-23T00:00:00.000000,2,0,0,0,2,330.0,2
203812___657152,cloudbeds,2026-07-24T00:00:00.000000,2,0,0,0,2,449.0,2
203812___657152,cloudbeds,2026-07-25T00:00:00.000000,2,0,0,0,2,449.0,2
203812___657152,cloudbeds,2026-07-26T00:00:00.000000,2,0,0,0,2,330.0,2
203812___657152,cloudbeds,2026-07-27T00:00:00.000000,2,0,0,0,2,262.0,2
203812___657152,cloudbeds,2026-07-28T00:00:00.000000,2,0,0,0,2,262.0,2
203812___657152,cloudbeds,2026-07-29T00:00:00.000000,2,0,0,0,2,262.0,2
203812___657152,cloudbeds,2026-07-30T00:00:00.000000,2,0,0,0,2,330.0,2
203812___657152,cloudbeds,2026-07-31T00:00:00.000000,2,0,0,0,2,449.0,2
203812___657152,cloudbeds,2026-08-01T00:00:00.000000,2,0,0,0,2,414.0,2
203812___657152,cloudbeds,2026-08-02T00:00:00.000000,2,0,0,0,2,315.0,2
203812___657152,cloudbeds,2026-08-03T00:00:00.000000,2,0,0,0,2,262.0,2
203812___657152,cloudbeds,2026-08-04T00:00:00.000000,2,0,0,0,2,262.0,2
203812___657152,cloudbeds,2026-08-05T00:00:00.000000,2,0,0,0,2,262.0,2
203812___657152,cloudbeds,2026-08-06T00:00:00.000000,2,0,0,0,2,315.0,2
203812___657152,cloudbeds,2026-08-07T00:00:00.000000,2,0,0,0,2,414.0,2
203812___657152,cloudbeds,2026-08-08T00:00:00.000000,2,0,0,0,2,414.0,2
203812___657152,cloudbeds,2026-08-09T00:00:00.000000,2,0,0,0,2,315.0,2
203812___657152,cloudbeds,2026-08-10T00:00:00.000000,2,0,0,0,2,262.0,2
203812___657152,cloudbeds,2026-08-11T00:00:00.000000,2,0,0,0,2,262.0,2
203812___657152,cloudbeds,2026-08-12T00:00:00.000000,2,0,0,0,2,262.0,2
203812___657152,cloudbeds,2026-08-13T00:00:00.000000,2,0,0,0,2,315.0,2
203812___657152,cloudbeds,2026-08-14T00:00:00.000000,2,0,0,0,2,414.0,2
203812___657152,cloudbeds,2026-08-15T00:00:00.000000,2,0,0,0,2,414.0,2
203812___657152,cloudbeds,2026-08-16T00:00:00.000000,2,0,0,0,2,315.0,2
203812___657152,cloudbeds,2026-08-17T00:00:00.000000,2,0,0,0,2,262.0,2
203812___657152,cloudbeds,2026-08-18T00:00:00.000000,2,0,0,0,2,262.0,2
203812___657152,cloudbeds,2026-08-19T00:00:00.000000,2,0,0,0,2,262.0,2
203812___657152,cloudbeds,2026-08-20T00:00:00.000000,2,0,0,0,2,315.0,2
203812___657152,cloudbeds,2026-08-21T00:00:00.000000,2,0,0,0,2,414.0,2
203812___657152,cloudbeds,2026-08-22T00:00:00.000000,2,0,0,0,2,414.0,2
203812___657152,cloudbeds,2026-08-23T00:00:00.000000,2,0,0,0,2,315.0,2
203812___657152,cloudbeds,2026-08-24T00:00:00.000000,2,0,0,0,2,262.0,2
203812___657152,cloudbeds,2026-08-25T00:00:00.000000,2,0,0,0,2,262.0,2
203812___657152,cloudbeds,2026-08-26T00:00:00.000000,2,0,0,0,2,262.0,2
203812___657152,cloudbeds,2026-08-27T00:00:00.000000,2,0,0,0,2,315.0,2
203812___657152,cloudbeds,2026-08-28T00:00:00.000000,2,0,0,0,2,414.0,2
203812___657152,cloudbeds,2026-08-29T00:00:00.000000,2,0,0,0,2,414.0,2
203812___657152,cloudbeds,2026-08-30T00:00:00.000000,2,0,0,0,2,315.0,2
203812___657152,cloudbeds,2026-08-31T00:00:00.000000,2,0,0,0,2,262.0,2
203812___657152,cloudbeds,2026-09-01T00:00:00.000000,2,0,0,0,2,304.0,2
203812___657152,cloudbeds,2026-09-02T00:00:00.000000,2,0,0,0,2,304.0,2
203812___657152,cloudbeds,2026-09-03T00:00:00.000000,2,0,0,0,2,407.0,2
203812___657152,cloudbeds,2026-09-04T00:00:00.000000,2,0,0,0,2,551.0,2
203812___657152,cloudbeds,2026-09-05T00:00:00.000000,2,0,0,0,2,551.0,2
203812___657152,cloudbeds,2026-09-06T00:00:00.000000,2,0,0,0,2,489.0,2
203812___657152,cloudbeds,2026-09-07T00:00:00.000000,2,0,0,0,2,366.0,2
203812___657152,cloudbeds,2026-09-08T00:00:00.000000,2,0,0,0,2,304.0,2
203812___657152,cloudbeds,2026-09-09T00:00:00.000000,2,0,0,0,2,304.0,2
203812___657152,cloudbeds,2026-09-10T00:00:00.000000,2,0,0,0,2,407.0,2
203812___657152,cloudbeds,2026-09-11T00:00:00.000000,2,0,0,0,2,458.0,2
203812___657152,cloudbeds,2026-09-12T00:00:00.000000,2,0,0,0,2,458.0,2
203812___657152,cloudbeds,2026-09-13T00:00:00.000000,2,0,0,0,2,407.0,2
203812___657152,cloudbeds,2026-09-14T00:00:00.000000,2,0,0,0,2,304.0,2
203812___657152,cloudbeds,2026-09-15T00:00:00.000000,2,0,0,0,2,304.0,2
203812___657152,cloudbeds,2026-09-16T00:00:00.000000,2,0,0,0,2,304.0,2
203812___657152,cloudbeds,2026-09-17T00:00:00.000000,2,0,0,0,2,407.0,2
203812___657152,cloudbeds,2026-09-18T00:00:00.000000,2,0,0,0,2,458.0,2
203812___657152,cloudbeds,2026-09-19T00:00:00.000000,2,0,0,0,2,458.0,2
203812___657152,cloudbeds,2026-09-20T00:00:00.000000,2,0,0,0,2,407.0,2
203812___657152,cloudbeds,2026-09-21T00:00:00.000000,2,0,0,0,2,304.0,2
203812___657152,cloudbeds,2026-09-22T00:00:00.000000,2,0,0,0,2,304.0,2
203812___657152,cloudbeds,2026-09-23T00:00:00.000000,2,0,0,0,2,304.0,2
203812___657152,cloudbeds,2026-09-24T00:00:00.000000,2,0,0,0,2,407.0,2
203812___657152,cloudbeds,2026-09-25T00:00:00.000000,2,0,0,0,2,458.0,2
203812___657152,cloudbeds,2026-09-26T00:00:00.000000,2,0,0,0,2,458.0,2
203812___657152,cloudbeds,2026-09-27T00:00:00.000000,2,0,0,0,2,407.0,2
203812___657152,cloudbeds,2026-09-28T00:00:00.000000,2,0,0,0,2,304.0,2
203812___657152,cloudbeds,2026-09-29T00:00:00.000000,2,0,0,0,2,304.0,2
203812___657152,cloudbeds,2026-09-30T00:00:00.000000,2,0,0,0,2,304.0,2
203812___657152,cloudbeds,2026-10-01T00:00:00.000000,2,0,0,0,2,439.0,2
203812___657152,cloudbeds,2026-10-02T00:00:00.000000,2,0,0,0,2,468.0,2
203812___657152,cloudbeds,2026-10-03T00:00:00.000000,2,0,0,0,2,468.0,2
203812___657152,cloudbeds,2026-10-04T00:00:00.000000,2,0,0,0,2,439.0,2
203812___657152,cloudbeds,2026-10-05T00:00:00.000000,2,0,0,0,2,335.0,2
203812___657152,cloudbeds,2026-10-06T00:00:00.000000,2,0,0,0,2,335.0,2
203812___657152,cloudbeds,2026-10-07T00:00:00.000000,2,0,0,0,2,335.0,2
203812___657152,cloudbeds,2026-10-08T00:00:00.000000,2,0,0,0,2,439.0,2
203812___657152,cloudbeds,2026-10-09T00:00:00.000000,2,0,0,0,2,539.0,2
203812___657152,cloudbeds,2026-10-10T00:00:00.000000,2,0,0,0,2,539.0,2
203812___657152,cloudbeds,2026-10-11T00:00:00.000000,2,0,0,0,2,505.0,2
203812___657152,cloudbeds,2026-10-12T00:00:00.000000,2,0,0,0,2,384.0,2
203812___657152,cloudbeds,2026-10-13T00:00:00.000000,2,0,0,0,2,335.0,2
203812___657152,cloudbeds,2026-10-14T00:00:00.000000,2,0,0,0,2,335.0,2
203812___657152,cloudbeds,2026-10-15T00:00:00.000000,2,0,0,0,2,439.0,2
203812___657152,cloudbeds,2026-10-16T00:00:00.000000,2,0,0,0,2,468.0,2
203812___657152,cloudbeds,2026-10-17T00:00:00.000000,2,0,0,0,2,468.0,2
203812___657152,cloudbeds,2026-10-18T00:00:00.000000,2,0,0,0,2,439.0,2
203812___657152,cloudbeds,2026-10-19T00:00:00.000000,2,0,0,0,2,335.0,2
203812___657152,cloudbeds,2026-10-20T00:00:00.000000,2,0,0,0,2,335.0,2
203812___657152,cloudbeds,2026-10-21T00:00:00.000000,2,0,0,0,2,335.0,2
203812___657152,cloudbeds,2026-10-22T00:00:00.000000,2,0,0,0,2,439.0,2
203812___657152,cloudbeds,2026-10-23T00:00:00.000000,2,0,0,0,2,468.0,2
203812___657152,cloudbeds,2026-10-24T00:00:00.000000,2,0,0,0,2,468.0,2
203812___657152,cloudbeds,2026-10-25T00:00:00.000000,2,0,0,0,2,439.0,2
203812___657152,cloudbeds,2026-10-26T00:00:00.000000,2,0,0,0,2,335.0,2
203812___657152,cloudbeds,2026-10-27T00:00:00.000000,2,0,0,0,2,335.0,2
203812___657152,cloudbeds,2026-10-28T00:00:00.000000,2,0,0,0,2,335.0,2
203812___657152,cloudbeds,2026-10-29T00:00:00.000000,2,0,0,0,2,439.0,2
203812___657152,cloudbeds,2026-10-30T00:00:00.000000,2,0,0,0,2,468.0,2
203812___657152,cloudbeds,2026-10-31T00:00:00.000000,2,0,0,0,2,468.0,2
203812___657152,cloudbeds,2026-11-01T00:00:00.000000,2,0,0,0,2,412.0,2
203812___657152,cloudbeds,2026-11-02T00:00:00.000000,2,0,0,0,2,311.0,2
203812___657152,cloudbeds,2026-11-03T00:00:00.000000,2,0,0,0,2,311.0,2
203812___657152,cloudbeds,2026-11-04T00:00:00.000000,2,0,0,0,2,311.0,2
203812___657152,cloudbeds,2026-11-05T00:00:00.000000,2,0,0,0,2,412.0,2
203812___657152,cloudbeds,2026-11-06T00:00:00.000000,2,0,0,0,2,460.0,2
203812___657152,cloudbeds,2026-11-07T00:00:00.000000,2,0,0,0,2,460.0,2
203812___657152,cloudbeds,2026-11-08T00:00:00.000000,2,0,0,0,2,412.0,2
203812___657152,cloudbeds,2026-11-09T00:00:00.000000,2,0,0,0,2,311.0,2
203812___657152,cloudbeds,2026-11-10T00:00:00.000000,2,0,0,0,2,311.0,2
203812___657152,cloudbeds,2026-11-11T00:00:00.000000,2,0,0,0,2,311.0,2
203812___657152,cloudbeds,2026-11-12T00:00:00.000000,2,0,0,0,2,412.0,2
203812___657152,cloudbeds,2026-11-13T00:00:00.000000,2,0,0,0,2,460.0,2
203812___657152,cloudbeds,2026-11-14T00:00:00.000000,2,0,0,0,2,460.0,2
203812___657152,cloudbeds,2026-11-15T00:00:00.000000,2,0,0,0,2,412.0,2
203812___657152,cloudbeds,2026-11-16T00:00:00.000000,2,0,0,0,2,311.0,2
203812___657152,cloudbeds,2026-11-17T00:00:00.000000,2,0,0,0,2,311.0,2
203812___657152,cloudbeds,2026-11-18T00:00:00.000000,2,0,0,0,2,311.0,2
203812___657152,cloudbeds,2026-11-19T00:00:00.000000,2,0,0,0,2,412.0,2
203812___657152,cloudbeds,2026-11-20T00:00:00.000000,2,0,0,0,2,460.0,2
203812___657152,cloudbeds,2026-11-21T00:00:00.000000,2,0,0,0,2,460.0,2
203812___657152,cloudbeds,2026-11-22T00:00:00.000000,2,0,0,0,2,412.0,2
203812___657152,cloudbeds,2026-11-23T00:00:00.000000,2,0,0,0,2,311.0,2
203812___657152,cloudbeds,2026-11-24T00:00:00.000000,2,0,0,0,2,311.0,2
203812___657152,cloudbeds,2026-11-25T00:00:00.000000,2,0,0,0,2,311.0,2
203812___657152,cloudbeds,2026-11-26T00:00:00.000000,2,0,0,0,2,661.0,2
203812___657152,cloudbeds,2026-11-27T00:00:00.000000,2,0,0,0,2,460.0,2
203812___657152,cloudbeds,2026-11-28T00:00:00.000000,2,0,0,0,2,460.0,2
203812___657152,cloudbeds,2026-11-29T00:00:00.000000,2,0,0,0,2,412.0,2
203812___657152,cloudbeds,2026-11-30T00:00:00.000000,2,0,0,0,2,311.0,2
203812___657152,cloudbeds,2026-12-01T00:00:00.000000,2,0,0,0,2,306.0,2
203812___657152,cloudbeds,2026-12-02T00:00:00.000000,2,0,0,0,2,306.0,2
203812___657152,cloudbeds,2026-12-03T00:00:00.000000,2,0,0,0,2,380.0,2
203812___657152,cloudbeds,2026-12-04T00:00:00.000000,2,0,0,0,2,470.0,2
203812___657152,cloudbeds,2026-12-05T00:00:00.000000,2,0,0,0,2,470.0,2
203812___657152,cloudbeds,2026-12-06T00:00:00.000000,2,0,0,0,2,380.0,2
203812___657152,cloudbeds,2026-12-07T00:00:00.000000,2,0,0,0,2,306.0,2
203812___657152,cloudbeds,2026-12-08T00:00:00.000000,2,0,0,0,2,306.0,2
203812___657152,cloudbeds,2026-12-09T00:00:00.000000,2,0,0,0,2,306.0,2
203812___657152,cloudbeds,2026-12-10T00:00:00.000000,2,0,0,0,2,380.0,2
203812___657152,cloudbeds,2026-12-11T00:00:00.000000,2,0,0,0,2,470.0,2
203812___657152,cloudbeds,2026-12-12T00:00:00.000000,2,0,0,0,2,470.0,2
203812___657152,cloudbeds,2026-12-13T00:00:00.000000,2,0,0,0,2,380.0,2
203812___657152,cloudbeds,2026-12-14T00:00:00.000000,2,0,0,0,2,306.0,2
203812___657152,cloudbeds,2026-12-15T00:00:00.000000,2,0,0,0,2,306.0,2
203812___657152,cloudbeds,2026-12-16T00:00:00.000000,2,0,0,0,2,306.0,2
203812___657152,cloudbeds,2026-12-17T00:00:00.000000,2,0,0,0,2,380.0,2
203812___657152,cloudbeds,2026-12-18T00:00:00.000000,2,0,0,0,2,612.0,2
203812___657152,cloudbeds,2026-12-19T00:00:00.000000,2,0,0,0,2,612.0,2
203812___657152,cloudbeds,2026-12-20T00:00:00.000000,2,0,0,0,2,494.0,2
203812___657152,cloudbeds,2026-12-21T00:00:00.000000,2,0,0,0,2,400.0,2
203812___657152,cloudbeds,2026-12-22T00:00:00.000000,2,0,0,0,2,400.0,2
203812___657152,cloudbeds,2026-12-23T00:00:00.000000,2,0,0,0,2,400.0,2
203812___657152,cloudbeds,2026-12-24T00:00:00.000000,2,0,0,0,2,610.0,2
203812___657152,cloudbeds,2026-12-25T00:00:00.000000,2,0,0,0,2,943.0,2
203812___657152,cloudbeds,2026-12-26T00:00:00.000000,2,0,0,0,2,943.0,2
203812___657152,cloudbeds,2026-12-27T00:00:00.000000,2,0,0,0,2,380.0,2
203812___657152,cloudbeds,2026-12-28T00:00:00.000000,2,0,0,0,2,306.0,2
203812___657152,cloudbeds,2026-12-29T00:00:00.000000,2,0,0,0,2,306.0,2
203812___657152,cloudbeds,2026-12-30T00:00:00.000000,2,0,0,0,2,1236.0,2
203812___657152,cloudbeds,2026-12-31T00:00:00.000000,2,0,0,0,2,1236.0,2
203812___657152,cloudbeds,2027-01-01T00:00:00.000000,2,0,0,0,2,429.0,2
203812___657152,cloudbeds,2027-01-02T00:00:00.000000,2,0,0,0,2,429.0,2
203812___657152,cloudbeds,2027-01-03T00:00:00.000000,2,0,0,0,2,342.0,2
203812___643757,cloudbeds,2026-02-04T00:00:00.000000,1,0,0,0,1,1487.0,1
203812___643757,cloudbeds,2026-02-05T00:00:00.000000,1,0,0,0,1,1555.0,1
203812___643757,cloudbeds,2026-02-06T00:00:00.000000,1,0,0,0,1,2072.0,1
203812___643757,cloudbeds,2026-02-07T00:00:00.000000,1,0,0,0,1,2072.0,1
203812___643757,cloudbeds,2026-02-08T00:00:00.000000,1,0,0,0,1,1643.0,1
203812___643757,cloudbeds,2026-02-09T00:00:00.000000,1,0,0,0,1,1487.0,1
203812___643757,cloudbeds,2026-02-10T00:00:00.000000,1,0,0,0,1,1487.0,1
203812___643757,cloudbeds,2026-02-11T00:00:00.000000,1,0,0,0,1,1636.0,1
203812___643757,cloudbeds,2026-02-12T00:00:00.000000,1,0,0,0,1,2148.0,1
203812___643757,cloudbeds,2026-02-13T00:00:00.000000,1,0,0,0,1,4706.0,1
203812___643757,cloudbeds,2026-02-14T00:00:00.000000,1,0,0,0,1,4706.0,1
203812___643757,cloudbeds,2026-02-15T00:00:00.000000,1,0,0,0,1,3460.0,1
203812___643757,cloudbeds,2026-02-16T00:00:00.000000,1,0,0,0,1,1487.0,1
203812___643757,cloudbeds,2026-02-17T00:00:00.000000,1,0,0,0,1,1487.0,1
203812___643757,cloudbeds,2026-02-18T00:00:00.000000,1,0,0,0,1,1487.0,1
203812___643757,cloudbeds,2026-02-19T00:00:00.000000,1,0,0,0,1,2148.0,1
203812___643757,cloudbeds,2026-02-20T00:00:00.000000,1,0,0,0,1,2934.0,1
203812___643757,cloudbeds,2026-02-21T00:00:00.000000,1,0,0,0,1,3227.0,1
203812___643757,cloudbeds,2026-02-22T00:00:00.000000,1,0,0,0,1,2148.0,1
203812___643757,cloudbeds,2026-02-23T00:00:00.000000,1,0,0,0,1,1416.0,1
203812___643757,cloudbeds,2026-02-24T00:00:00.000000,1,0,0,0,1,1416.0,1
203812___643757,cloudbeds,2026-02-25T00:00:00.000000,1,0,0,0,1,1416.0,1
203812___643757,cloudbeds,2026-02-26T00:00:00.000000,1,0,0,0,1,2148.0,1
203812___643757,cloudbeds,2026-02-27T00:00:00.000000,1,0,0,0,1,2934.0,1
203812___643757,cloudbeds,2026-02-28T00:00:00.000000,1,0,0,0,1,2934.0,1
203812___643757,cloudbeds,2026-03-01T00:00:00.000000,1,0,0,0,1,2312.0,1
203812___643757,cloudbeds,2026-03-02T00:00:00.000000,1,0,0,0,1,2236.0,1
203812___643757,cloudbeds,2026-03-03T00:00:00.000000,1,0,0,0,1,2236.0,1
203812___643757,cloudbeds,2026-03-04T00:00:00.000000,1,0,0,0,1,2236.0,1
203812___643757,cloudbeds,2026-03-05T00:00:00.000000,1,0,0,0,1,3082.0,1
203812___643757,cloudbeds,2026-03-06T00:00:00.000000,1,0,0,0,1,3878.0,1
203812___643757,cloudbeds,2026-03-07T00:00:00.000000,1,0,0,0,1,3878.0,1
203812___643757,cloudbeds,2026-03-08T00:00:00.000000,1,0,0,0,1,3082.0,1
203812___643757,cloudbeds,2026-03-09T00:00:00.000000,1,0,0,0,1,2460.0,1
203812___643757,cloudbeds,2026-03-10T00:00:00.000000,1,0,0,0,1,2460.0,1
203812___643757,cloudbeds,2026-03-11T00:00:00.000000,1,0,0,0,1,2460.0,1
203812___643757,cloudbeds,2026-03-12T00:00:00.000000,1,0,0,0,1,3082.0,1
203812___643757,cloudbeds,2026-03-13T00:00:00.000000,1,0,0,0,1,5052.0,1
203812___643757,cloudbeds,2026-03-14T00:00:00.000000,1,0,0,0,1,5052.0,1
203812___643757,cloudbeds,2026-03-15T00:00:00.000000,1,0,0,0,1,4004.0,1
203812___643757,cloudbeds,2026-03-16T00:00:00.000000,1,0,0,0,1,2915.0,1
203812___643757,cloudbeds,2026-03-17T00:00:00.000000,1,0,0,0,1,2915.0,1
203812___643757,cloudbeds,2026-03-18T00:00:00.000000,1,0,0,0,1,2915.0,1
203812___643757,cloudbeds,2026-03-19T00:00:00.000000,1,0,0,0,1,4004.0,1
203812___643757,cloudbeds,2026-03-20T00:00:00.000000,1,0,0,0,1,5052.0,1
203812___643757,cloudbeds,2026-03-21T00:00:00.000000,1,0,0,0,1,5052.0,1
203812___643757,cloudbeds,2026-03-22T00:00:00.000000,1,0,0,0,1,4004.0,1
203812___643757,cloudbeds,2026-03-23T00:00:00.000000,1,0,0,0,1,2460.0,1
203812___643757,cloudbeds,2026-03-24T00:00:00.000000,1,0,0,0,1,2460.0,1
203812___643757,cloudbeds,2026-03-25T00:00:00.000000,1,0,0,0,1,2460.0,1
203812___643757,cloudbeds,2026-03-26T00:00:00.000000,1,0,0,0,1,3390.0,1
203812___643757,cloudbeds,2026-03-27T00:00:00.000000,1,0,0,0,1,3878.0,1
203812___643757,cloudbeds,2026-03-28T00:00:00.000000,1,0,0,0,1,3878.0,1
203812___643757,cloudbeds,2026-03-29T00:00:00.000000,1,0,0,0,1,3082.0,1
203812___643757,cloudbeds,2026-03-30T00:00:00.000000,1,0,0,0,1,2236.0,1
203812___643757,cloudbeds,2026-03-31T00:00:00.000000,1,0,0,0,1,2236.0,1
203812___643757,cloudbeds,2026-04-01T00:00:00.000000,1,0,0,0,1,2144.0,1
203812___643757,cloudbeds,2026-04-02T00:00:00.000000,1,0,0,0,1,2722.0,1
203812___643757,cloudbeds,2026-04-03T00:00:00.000000,1,0,0,0,1,4004.0,1
203812___643757,cloudbeds,2026-04-04T00:00:00.000000,1,0,0,0,1,4004.0,1
203812___643757,cloudbeds,2026-04-05T00:00:00.000000,1,0,0,0,1,2722.0,1
203812___643757,cloudbeds,2026-04-06T00:00:00.000000,1,0,0,0,1,2144.0,1
203812___643757,cloudbeds,2026-04-07T00:00:00.000000,1,0,0,0,1,2144.0,1
203812___643757,cloudbeds,2026-04-08T00:00:00.000000,1,0,0,0,1,2144.0,1
203812___643757,cloudbeds,2026-04-09T00:00:00.000000,1,0,0,0,1,2722.0,1
203812___643757,cloudbeds,2026-04-10T00:00:00.000000,1,0,0,0,1,4004.0,1
203812___643757,cloudbeds,2026-04-11T00:00:00.000000,1,0,0,0,1,4004.0,1
203812___643757,cloudbeds,2026-04-12T00:00:00.000000,1,0,0,0,1,2722.0,1
203812___643757,cloudbeds,2026-04-13T00:00:00.000000,1,0,0,0,1,2144.0,1
203812___643757,cloudbeds,2026-04-14T00:00:00.000000,1,0,0,0,1,2144.0,1
203812___643757,cloudbeds,2026-04-15T00:00:00.000000,1,0,0,0,1,2144.0,1
203812___643757,cloudbeds,2026-04-16T00:00:00.000000,1,0,0,0,1,2722.0,1
203812___643757,cloudbeds,2026-04-17T00:00:00.000000,1,0,0,0,1,4004.0,1
203812___643757,cloudbeds,2026-04-18T00:00:00.000000,1,0,0,0,1,4004.0,1
203812___643757,cloudbeds,2026-04-19T00:00:00.000000,1,0,0,0,1,2722.0,1
203812___643757,cloudbeds,2026-04-20T00:00:00.000000,1,0,0,0,1,2144.0,1
203812___643757,cloudbeds,2026-04-21T00:00:00.000000,1,0,0,0,1,2144.0,1
203812___643757,cloudbeds,2026-04-22T00:00:00.000000,1,0,0,0,1,2144.0,1
203812___643757,cloudbeds,2026-04-23T00:00:00.000000,1,0,0,0,1,2722.0,1
203812___643757,cloudbeds,2026-04-24T00:00:00.000000,1,0,0,0,1,4004.0,1
203812___643757,cloudbeds,2026-04-25T00:00:00.000000,1,0,0,0,1,4004.0,1
203812___643757,cloudbeds,2026-04-26T00:00:00.000000,1,0,0,0,1,2722.0,1
203812___643757,cloudbeds,2026-04-27T00:00:00.000000,1,0,0,0,1,2144.0,1
203812___643757,cloudbeds,2026-04-28T00:00:00.000000,1,0,0,0,1,2144.0,1
203812___643757,cloudbeds,2026-04-29T00:00:00.000000,1,0,0,0,1,2144.0,1
203812___643757,cloudbeds,2026-04-30T00:00:00.000000,1,0,0,0,1,2722.0,1
203812___643757,cloudbeds,2026-05-01T00:00:00.000000,1,0,0,0,1,3543.0,1
203812___643757,cloudbeds,2026-05-02T00:00:00.000000,1,0,0,0,1,3543.0,1
203812___643757,cloudbeds,2026-05-03T00:00:00.000000,1,0,0,0,1,2738.0,1
203812___643757,cloudbeds,2026-05-04T00:00:00.000000,1,0,0,0,1,2001.0,1
203812___643757,cloudbeds,2026-05-05T00:00:00.000000,1,0,0,0,1,2001.0,1
203812___643757,cloudbeds,2026-05-06T00:00:00.000000,1,0,0,0,1,2001.0,1
203812___643757,cloudbeds,2026-05-07T00:00:00.000000,1,0,0,0,1,2738.0,1
203812___643757,cloudbeds,2026-05-08T00:00:00.000000,1,0,0,0,1,3543.0,1
203812___643757,cloudbeds,2026-05-09T00:00:00.000000,1,0,0,0,1,3543.0,1
203812___643757,cloudbeds,2026-05-10T00:00:00.000000,1,0,0,0,1,2738.0,1
203812___643757,cloudbeds,2026-05-11T00:00:00.000000,1,0,0,0,1,2001.0,1
203812___643757,cloudbeds,2026-05-12T00:00:00.000000,1,0,0,0,1,2001.0,1
203812___643757,cloudbeds,2026-05-13T00:00:00.000000,1,0,0,0,1,2001.0,1
203812___643757,cloudbeds,2026-05-14T00:00:00.000000,1,0,0,0,1,2738.0,1
203812___643757,cloudbeds,2026-05-15T00:00:00.000000,1,0,0,0,1,3543.0,1
203812___643757,cloudbeds,2026-05-16T00:00:00.000000,1,0,0,0,1,3543.0,1
203812___643757,cloudbeds,2026-05-17T00:00:00.000000,1,0,0,0,1,2738.0,1
203812___643757,cloudbeds,2026-05-18T00:00:00.000000,1,0,0,0,1,2001.0,1
203812___643757,cloudbeds,2026-05-19T00:00:00.000000,1,0,0,0,1,2001.0,1
203812___643757,cloudbeds,2026-05-20T00:00:00.000000,1,0,0,0,1,2001.0,1
203812___643757,cloudbeds,2026-05-21T00:00:00.000000,1,0,0,0,1,2738.0,1
203812___643757,cloudbeds,2026-05-22T00:00:00.000000,1,0,0,0,1,4431.0,1
203812___643757,cloudbeds,2026-05-23T00:00:00.000000,1,0,0,0,1,4431.0,1
203812___643757,cloudbeds,2026-05-24T00:00:00.000000,1,0,0,0,1,3418.0,1
203812___643757,cloudbeds,2026-05-25T00:00:00.000000,1,0,0,0,1,2504.0,1
203812___643757,cloudbeds,2026-05-26T00:00:00.000000,1,0,0,0,1,2001.0,1
203812___643757,cloudbeds,2026-05-27T00:00:00.000000,1,0,0,0,1,2001.0,1
203812___643757,cloudbeds,2026-05-28T00:00:00.000000,1,0,0,0,1,2738.0,1
203812___643757,cloudbeds,2026-05-29T00:00:00.000000,1,0,0,0,1,3543.0,1
203812___643757,cloudbeds,2026-05-30T00:00:00.000000,1,0,0,0,1,3543.0,1
203812___643757,cloudbeds,2026-05-31T00:00:00.000000,1,0,0,0,1,2738.0,1
203812___643757,cloudbeds,2026-06-01T00:00:00.000000,1,0,0,0,1,2144.0,1
203812___643757,cloudbeds,2026-06-02T00:00:00.000000,1,0,0,0,1,2144.0,1
203812___643757,cloudbeds,2026-06-03T00:00:00.000000,1,0,0,0,1,2144.0,1
203812___643757,cloudbeds,2026-06-04T00:00:00.000000,1,0,0,0,1,3099.0,1
203812___643757,cloudbeds,2026-06-05T00:00:00.000000,1,0,0,0,1,3560.0,1
203812___643757,cloudbeds,2026-06-06T00:00:00.000000,1,0,0,0,1,3560.0,1
203812___643757,cloudbeds,2026-06-07T00:00:00.000000,1,0,0,0,1,3099.0,1
203812___643757,cloudbeds,2026-06-08T00:00:00.000000,1,0,0,0,1,2144.0,1
203812___643757,cloudbeds,2026-06-09T00:00:00.000000,1,0,0,0,1,2144.0,1
203812___643757,cloudbeds,2026-06-10T00:00:00.000000,1,0,0,0,1,2144.0,1
203812___643757,cloudbeds,2026-06-11T00:00:00.000000,1,0,0,0,1,3099.0,1
203812___643757,cloudbeds,2026-06-12T00:00:00.000000,1,0,0,0,1,3560.0,1
203812___643757,cloudbeds,2026-06-13T00:00:00.000000,1,0,0,0,1,3560.0,1
203812___643757,cloudbeds,2026-06-14T00:00:00.000000,1,0,0,0,1,3099.0,1
203812___643757,cloudbeds,2026-06-15T00:00:00.000000,1,0,0,0,1,2144.0,1
203812___643757,cloudbeds,2026-06-16T00:00:00.000000,1,0,0,0,1,2144.0,1
203812___643757,cloudbeds,2026-06-17T00:00:00.000000,1,0,0,0,1,2144.0,1
203812___643757,cloudbeds,2026-06-18T00:00:00.000000,1,0,0,0,1,3099.0,1
203812___643757,cloudbeds,2026-06-19T00:00:00.000000,1,0,0,0,1,3560.0,1
203812___643757,cloudbeds,2026-06-20T00:00:00.000000,1,0,0,0,1,3560.0,1
203812___643757,cloudbeds,2026-06-21T00:00:00.000000,1,0,0,0,1,3099.0,1
203812___643757,cloudbeds,2026-06-22T00:00:00.000000,1,0,0,0,1,2144.0,1
203812___643757,cloudbeds,2026-06-23T00:00:00.000000,1,0,0,0,1,2144.0,1
203812___643757,cloudbeds,2026-06-24T00:00:00.000000,1,0,0,0,1,2144.0,1
203812___643757,cloudbeds,2026-06-25T00:00:00.000000,1,0,0,0,1,3099.0,1
203812___643757,cloudbeds,2026-06-26T00:00:00.000000,1,0,0,0,1,3560.0,1
203812___643757,cloudbeds,2026-06-27T00:00:00.000000,1,0,0,0,1,3560.0,1
203812___643757,cloudbeds,2026-06-28T00:00:00.000000,1,0,0,0,1,3099.0,1
203812___643757,cloudbeds,2026-06-29T00:00:00.000000,1,0,0,0,1,2144.0,1
203812___643757,cloudbeds,2026-06-30T00:00:00.000000,1,0,0,0,1,2144.0,1
203812___643757,cloudbeds,2026-07-01T00:00:00.000000,1,0,0,0,1,2102.0,1
203812___643757,cloudbeds,2026-07-02T00:00:00.000000,1,0,0,0,1,3727.0,1
203812___643757,cloudbeds,2026-07-03T00:00:00.000000,1,0,0,0,1,5052.0,1
203812___643757,cloudbeds,2026-07-04T00:00:00.000000,1,0,0,0,1,5052.0,1
203812___643757,cloudbeds,2026-07-05T00:00:00.000000,1,0,0,0,1,3727.0,1
203812___643757,cloudbeds,2026-07-06T00:00:00.000000,1,0,0,0,1,2102.0,1
203812___643757,cloudbeds,2026-07-07T00:00:00.000000,1,0,0,0,1,2102.0,1
203812___643757,cloudbeds,2026-07-08T00:00:00.000000,1,0,0,0,1,2102.0,1
203812___643757,cloudbeds,2026-07-09T00:00:00.000000,1,0,0,0,1,2655.0,1
203812___643757,cloudbeds,2026-07-10T00:00:00.000000,1,0,0,0,1,3602.0,1
203812___643757,cloudbeds,2026-07-11T00:00:00.000000,1,0,0,0,1,3602.0,1
203812___643757,cloudbeds,2026-07-12T00:00:00.000000,1,0,0,0,1,2655.0,1
203812___643757,cloudbeds,2026-07-13T00:00:00.000000,1,0,0,0,1,2102.0,1
203812___643757,cloudbeds,2026-07-14T00:00:00.000000,1,0,0,0,1,2102.0,1
203812___643757,cloudbeds,2026-07-15T00:00:00.000000,1,0,0,0,1,2102.0,1
203812___643757,cloudbeds,2026-07-16T00:00:00.000000,1,0,0,0,1,2655.0,1
203812___643757,cloudbeds,2026-07-17T00:00:00.000000,1,0,0,0,1,3602.0,1
203812___643757,cloudbeds,2026-07-18T00:00:00.000000,1,0,0,0,1,3602.0,1
203812___643757,cloudbeds,2026-07-19T00:00:00.000000,1,0,0,0,1,2655.0,1
203812___643757,cloudbeds,2026-07-20T00:00:00.000000,1,0,0,0,1,2102.0,1
203812___643757,cloudbeds,2026-07-21T00:00:00.000000,1,0,0,0,1,2102.0,1
203812___643757,cloudbeds,2026-07-22T00:00:00.000000,1,0,0,0,1,2102.0,1
203812___643757,cloudbeds,2026-07-23T00:00:00.000000,1,0,0,0,1,2655.0,1
203812___643757,cloudbeds,2026-07-24T00:00:00.000000,1,0,0,0,1,3602.0,1
203812___643757,cloudbeds,2026-07-25T00:00:00.000000,1,0,0,0,1,3602.0,1
203812___643757,cloudbeds,2026-07-26T00:00:00.000000,1,0,0,0,1,2655.0,1
203812___643757,cloudbeds,2026-07-27T00:00:00.000000,1,0,0,0,1,2102.0,1
203812___643757,cloudbeds,2026-07-28T00:00:00.000000,1,0,0,0,1,2102.0,1
203812___643757,cloudbeds,2026-07-29T00:00:00.000000,1,0,0,0,1,2102.0,1
203812___643757,cloudbeds,2026-07-30T00:00:00.000000,1,0,0,0,1,2655.0,1
203812___643757,cloudbeds,2026-07-31T00:00:00.000000,1,0,0,0,1,3602.0,1
203812___643757,cloudbeds,2026-08-01T00:00:00.000000,1,0,0,0,1,3325.0,1
203812___643757,cloudbeds,2026-08-02T00:00:00.000000,1,0,0,0,1,2528.0,1
203812___643757,cloudbeds,2026-08-03T00:00:00.000000,1,0,0,0,1,2102.0,1
203812___643757,cloudbeds,2026-08-04T00:00:00.000000,1,0,0,0,1,2102.0,1
203812___643757,cloudbeds,2026-08-05T00:00:00.000000,1,0,0,0,1,2102.0,1
203812___643757,cloudbeds,2026-08-06T00:00:00.000000,1,0,0,0,1,2528.0,1
203812___643757,cloudbeds,2026-08-07T00:00:00.000000,1,0,0,0,1,3325.0,1
203812___643757,cloudbeds,2026-08-08T00:00:00.000000,1,0,0,0,1,3325.0,1
203812___643757,cloudbeds,2026-08-09T00:00:00.000000,1,0,0,0,1,2528.0,1
203812___643757,cloudbeds,2026-08-10T00:00:00.000000,1,0,0,0,1,2102.0,1
203812___643757,cloudbeds,2026-08-11T00:00:00.000000,1,0,0,0,1,2102.0,1
203812___643757,cloudbeds,2026-08-12T00:00:00.000000,1,0,0,0,1,2102.0,1
203812___643757,cloudbeds,2026-08-13T00:00:00.000000,1,0,0,0,1,2528.0,1
203812___643757,cloudbeds,2026-08-14T00:00:00.000000,1,0,0,0,1,3325.0,1
203812___643757,cloudbeds,2026-08-15T00:00:00.000000,1,0,0,0,1,3325.0,1
203812___643757,cloudbeds,2026-08-16T00:00:00.000000,1,0,0,0,1,2528.0,1
203812___643757,cloudbeds,2026-08-17T00:00:00.000000,1,0,0,0,1,2102.0,1
203812___643757,cloudbeds,2026-08-18T00:00:00.000000,1,0,0,0,1,2102.0,1
203812___643757,cloudbeds,2026-08-19T00:00:00.000000,1,0,0,0,1,2102.0,1
203812___643757,cloudbeds,2026-08-20T00:00:00.000000,1,0,0,0,1,2528.0,1
203812___643757,cloudbeds,2026-08-21T00:00:00.000000,1,0,0,0,1,3325.0,1
203812___643757,cloudbeds,2026-08-22T00:00:00.000000,1,0,0,0,1,3325.0,1
203812___643757,cloudbeds,2026-08-23T00:00:00.000000,1,0,0,0,1,2528.0,1
203812___643757,cloudbeds,2026-08-24T00:00:00.000000,1,0,0,0,1,2102.0,1
203812___643757,cloudbeds,2026-08-25T00:00:00.000000,1,0,0,0,1,2102.0,1
203812___643757,cloudbeds,2026-08-26T00:00:00.000000,1,0,0,0,1,2102.0,1
203812___643757,cloudbeds,2026-08-27T00:00:00.000000,1,0,0,0,1,2528.0,1
203812___643757,cloudbeds,2026-08-28T00:00:00.000000,1,0,0,0,1,3325.0,1
203812___643757,cloudbeds,2026-08-29T00:00:00.000000,1,0,0,0,1,3325.0,1
203812___643757,cloudbeds,2026-08-30T00:00:00.000000,1,0,0,0,1,2528.0,1
203812___643757,cloudbeds,2026-08-31T00:00:00.000000,1,0,0,0,1,2102.0,1
203812___643757,cloudbeds,2026-09-01T00:00:00.000000,1,0,0,0,1,2445.0,1
203812___643757,cloudbeds,2026-09-02T00:00:00.000000,1,0,0,0,1,2445.0,1
203812___643757,cloudbeds,2026-09-03T00:00:00.000000,1,0,0,0,1,3267.0,1
203812___643757,cloudbeds,2026-09-04T00:00:00.000000,1,0,0,0,1,4414.0,1
203812___643757,cloudbeds,2026-09-05T00:00:00.000000,1,0,0,0,1,4414.0,1
203812___643757,cloudbeds,2026-09-06T00:00:00.000000,1,0,0,0,1,3920.0,1
203812___643757,cloudbeds,2026-09-07T00:00:00.000000,1,0,0,0,1,2940.0,1
203812___643757,cloudbeds,2026-09-08T00:00:00.000000,1,0,0,0,1,2445.0,1
203812___643757,cloudbeds,2026-09-09T00:00:00.000000,1,0,0,0,1,2445.0,1
203812___643757,cloudbeds,2026-09-10T00:00:00.000000,1,0,0,0,1,3267.0,1
203812___643757,cloudbeds,2026-09-11T00:00:00.000000,1,0,0,0,1,3677.0,1
203812___643757,cloudbeds,2026-09-12T00:00:00.000000,1,0,0,0,1,3677.0,1
203812___643757,cloudbeds,2026-09-13T00:00:00.000000,1,0,0,0,1,3267.0,1
203812___643757,cloudbeds,2026-09-14T00:00:00.000000,1,0,0,0,1,2445.0,1
203812___643757,cloudbeds,2026-09-15T00:00:00.000000,1,0,0,0,1,2445.0,1
203812___643757,cloudbeds,2026-09-16T00:00:00.000000,1,0,0,0,1,2445.0,1
203812___643757,cloudbeds,2026-09-17T00:00:00.000000,1,0,0,0,1,3267.0,1
203812___643757,cloudbeds,2026-09-18T00:00:00.000000,1,0,0,0,1,3677.0,1
203812___643757,cloudbeds,2026-09-19T00:00:00.000000,1,0,0,0,1,3677.0,1
203812___643757,cloudbeds,2026-09-20T00:00:00.000000,1,0,0,0,1,3267.0,1
203812___643757,cloudbeds,2026-09-21T00:00:00.000000,1,0,0,0,1,2445.0,1
203812___643757,cloudbeds,2026-09-22T00:00:00.000000,1,0,0,0,1,2445.0,1
203812___643757,cloudbeds,2026-09-23T00:00:00.000000,1,0,0,0,1,2445.0,1
203812___643757,cloudbeds,2026-09-24T00:00:00.000000,1,0,0,0,1,3267.0,1
203812___643757,cloudbeds,2026-09-25T00:00:00.000000,1,0,0,0,1,3677.0,1
203812___643757,cloudbeds,2026-09-26T00:00:00.000000,1,0,0,0,1,3677.0,1
203812___643757,cloudbeds,2026-09-27T00:00:00.000000,1,0,0,0,1,3267.0,1
203812___643757,cloudbeds,2026-09-28T00:00:00.000000,1,0,0,0,1,2445.0,1
203812___643757,cloudbeds,2026-09-29T00:00:00.000000,1,0,0,0,1,2445.0,1
203812___643757,cloudbeds,2026-09-30T00:00:00.000000,1,0,0,0,1,2445.0,1
203812___643757,cloudbeds,2026-10-01T00:00:00.000000,1,0,0,0,1,3518.0,1
203812___643757,cloudbeds,2026-10-02T00:00:00.000000,1,0,0,0,1,3753.0,1
203812___643757,cloudbeds,2026-10-03T00:00:00.000000,1,0,0,0,1,3753.0,1
203812___643757,cloudbeds,2026-10-04T00:00:00.000000,1,0,0,0,1,3518.0,1
203812___643757,cloudbeds,2026-10-05T00:00:00.000000,1,0,0,0,1,2688.0,1
203812___643757,cloudbeds,2026-10-06T00:00:00.000000,1,0,0,0,1,2688.0,1
203812___643757,cloudbeds,2026-10-07T00:00:00.000000,1,0,0,0,1,2688.0,1
203812___643757,cloudbeds,2026-10-08T00:00:00.000000,1,0,0,0,1,3518.0,1
203812___643757,cloudbeds,2026-10-09T00:00:00.000000,1,0,0,0,1,4322.0,1
203812___643757,cloudbeds,2026-10-10T00:00:00.000000,1,0,0,0,1,4322.0,1
203812___643757,cloudbeds,2026-10-11T00:00:00.000000,1,0,0,0,1,4046.0,1
203812___643757,cloudbeds,2026-10-12T00:00:00.000000,1,0,0,0,1,3082.0,1
203812___643757,cloudbeds,2026-10-13T00:00:00.000000,1,0,0,0,1,2688.0,1
203812___643757,cloudbeds,2026-10-14T00:00:00.000000,1,0,0,0,1,2688.0,1
203812___643757,cloudbeds,2026-10-15T00:00:00.000000,1,0,0,0,1,3518.0,1
203812___643757,cloudbeds,2026-10-16T00:00:00.000000,1,0,0,0,1,4299.0,1
203812___643757,cloudbeds,2026-10-17T00:00:00.000000,1,0,0,0,1,4299.0,1
203812___643757,cloudbeds,2026-10-18T00:00:00.000000,1,0,0,0,1,3518.0,1
203812___643757,cloudbeds,2026-10-19T00:00:00.000000,1,0,0,0,1,2688.0,1
203812___643757,cloudbeds,2026-10-20T00:00:00.000000,1,0,0,0,1,2688.0,1
203812___643757,cloudbeds,2026-10-21T00:00:00.000000,1,0,0,0,1,2688.0,1
203812___643757,cloudbeds,2026-10-22T00:00:00.000000,1,0,0,0,1,3518.0,1
203812___643757,cloudbeds,2026-10-23T00:00:00.000000,1,0,0,0,1,4299.0,1
203812___643757,cloudbeds,2026-10-24T00:00:00.000000,1,0,0,0,1,4299.0,1
203812___643757,cloudbeds,2026-10-25T00:00:00.000000,1,0,0,0,1,3518.0,1
203812___643757,cloudbeds,2026-10-26T00:00:00.000000,1,0,0,0,1,2688.0,1
203812___643757,cloudbeds,2026-10-27T00:00:00.000000,1,0,0,0,1,2688.0,1
203812___643757,cloudbeds,2026-10-28T00:00:00.000000,1,0,0,0,1,2688.0,1
203812___643757,cloudbeds,2026-10-29T00:00:00.000000,1,0,0,0,1,3518.0,1
203812___643757,cloudbeds,2026-10-30T00:00:00.000000,1,0,0,0,1,3753.0,1
203812___643757,cloudbeds,2026-10-31T00:00:00.000000,1,0,0,0,1,3753.0,1
203812___643757,cloudbeds,2026-11-01T00:00:00.000000,1,0,0,0,1,3308.0,1
203812___643757,cloudbeds,2026-11-02T00:00:00.000000,1,0,0,0,1,2504.0,1
203812___643757,cloudbeds,2026-11-03T00:00:00.000000,1,0,0,0,1,2504.0,1
203812___643757,cloudbeds,2026-11-04T00:00:00.000000,1,0,0,0,1,2504.0,1
203812___643757,cloudbeds,2026-11-05T00:00:00.000000,1,0,0,0,1,3308.0,1
203812___643757,cloudbeds,2026-11-06T00:00:00.000000,1,0,0,0,1,3686.0,1
203812___643757,cloudbeds,2026-11-07T00:00:00.000000,1,0,0,0,1,3686.0,1
203812___643757,cloudbeds,2026-11-08T00:00:00.000000,1,0,0,0,1,3308.0,1
203812___643757,cloudbeds,2026-11-09T00:00:00.000000,1,0,0,0,1,2504.0,1
203812___643757,cloudbeds,2026-11-10T00:00:00.000000,1,0,0,0,1,2504.0,1
203812___643757,cloudbeds,2026-11-11T00:00:00.000000,1,0,0,0,1,2504.0,1
203812___643757,cloudbeds,2026-11-12T00:00:00.000000,1,0,0,0,1,3308.0,1
203812___643757,cloudbeds,2026-11-13T00:00:00.000000,1,0,0,0,1,3686.0,1
203812___643757,cloudbeds,2026-11-14T00:00:00.000000,1,0,0,0,1,3686.0,1
203812___643757,cloudbeds,2026-11-15T00:00:00.000000,1,0,0,0,1,3308.0,1
203812___643757,cloudbeds,2026-11-16T00:00:00.000000,1,0,0,0,1,2504.0,1
203812___643757,cloudbeds,2026-11-17T00:00:00.000000,1,0,0,0,1,2504.0,1
203812___643757,cloudbeds,2026-11-18T00:00:00.000000,1,0,0,0,1,2504.0,1
203812___643757,cloudbeds,2026-11-19T00:00:00.000000,1,0,0,0,1,3308.0,1
203812___643757,cloudbeds,2026-11-20T00:00:00.000000,1,0,0,0,1,3686.0,1
203812___643757,cloudbeds,2026-11-21T00:00:00.000000,1,0,0,0,1,3686.0,1
203812___643757,cloudbeds,2026-11-22T00:00:00.000000,1,0,0,0,1,3308.0,1
203812___643757,cloudbeds,2026-11-23T00:00:00.000000,1,0,0,0,1,2504.0,1
203812___643757,cloudbeds,2026-11-24T00:00:00.000000,1,0,0,0,1,2504.0,1
203812___643757,cloudbeds,2026-11-25T00:00:00.000000,1,0,0,0,1,2504.0,1
203812___643757,cloudbeds,2026-11-26T00:00:00.000000,1,0,0,0,1,5294.0,1
203812___643757,cloudbeds,2026-11-27T00:00:00.000000,1,0,0,0,1,3686.0,1
203812___643757,cloudbeds,2026-11-28T00:00:00.000000,1,0,0,0,1,3686.0,1
203812___643757,cloudbeds,2026-11-29T00:00:00.000000,1,0,0,0,1,3308.0,1
203812___643757,cloudbeds,2026-11-30T00:00:00.000000,1,0,0,0,1,2504.0,1
203812___643757,cloudbeds,2026-12-01T00:00:00.000000,1,0,0,0,1,2462.0,1
203812___643757,cloudbeds,2026-12-02T00:00:00.000000,1,0,0,0,1,2462.0,1
203812___643757,cloudbeds,2026-12-03T00:00:00.000000,1,0,0,0,1,3048.0,1
203812___643757,cloudbeds,2026-12-04T00:00:00.000000,1,0,0,0,1,3770.0,1
203812___643757,cloudbeds,2026-12-05T00:00:00.000000,1,0,0,0,1,3770.0,1
203812___643757,cloudbeds,2026-12-06T00:00:00.000000,1,0,0,0,1,3048.0,1
203812___643757,cloudbeds,2026-12-07T00:00:00.000000,1,0,0,0,1,2462.0,1
203812___643757,cloudbeds,2026-12-08T00:00:00.000000,1,0,0,0,1,2462.0,1
203812___643757,cloudbeds,2026-12-09T00:00:00.000000,1,0,0,0,1,2462.0,1
203812___643757,cloudbeds,2026-12-10T00:00:00.000000,1,0,0,0,1,3048.0,1
203812___643757,cloudbeds,2026-12-11T00:00:00.000000,1,0,0,0,1,3770.0,1
203812___643757,cloudbeds,2026-12-12T00:00:00.000000,1,0,0,0,1,3770.0,1
203812___643757,cloudbeds,2026-12-13T00:00:00.000000,1,0,0,0,1,3048.0,1
203812___643757,cloudbeds,2026-12-14T00:00:00.000000,1,0,0,0,1,2462.0,1
203812___643757,cloudbeds,2026-12-15T00:00:00.000000,1,0,0,0,1,2462.0,1
203812___643757,cloudbeds,2026-12-16T00:00:00.000000,1,0,0,0,1,2462.0,1
203812___643757,cloudbeds,2026-12-17T00:00:00.000000,1,0,0,0,1,3048.0,1
203812___643757,cloudbeds,2026-12-18T00:00:00.000000,1,0,0,0,1,4909.0,1
203812___643757,cloudbeds,2026-12-19T00:00:00.000000,1,0,0,0,1,4909.0,1
203812___643757,cloudbeds,2026-12-20T00:00:00.000000,1,0,0,0,1,3971.0,1
203812___643757,cloudbeds,2026-12-21T00:00:00.000000,1,0,0,0,1,3208.0,1
203812___643757,cloudbeds,2026-12-22T00:00:00.000000,1,0,0,0,1,3208.0,1
203812___643757,cloudbeds,2026-12-23T00:00:00.000000,1,0,0,0,1,3208.0,1
203812___643757,cloudbeds,2026-12-24T00:00:00.000000,1,0,0,0,1,4892.0,1
203812___643757,cloudbeds,2026-12-25T00:00:00.000000,1,0,0,0,1,7548.0,1
203812___643757,cloudbeds,2026-12-26T00:00:00.000000,1,0,0,0,1,7548.0,1
203812___643757,cloudbeds,2026-12-27T00:00:00.000000,1,0,0,0,1,3048.0,1
203812___643757,cloudbeds,2026-12-28T00:00:00.000000,1,0,0,0,1,2462.0,1
203812___643757,cloudbeds,2026-12-29T00:00:00.000000,1,0,0,0,1,2462.0,1
203812___643757,cloudbeds,2026-12-30T00:00:00.000000,1,0,0,0,1,9895.0,1
203812___643757,cloudbeds,2026-12-31T00:00:00.000000,1,0,0,0,1,9895.0,1
203812___643757,cloudbeds,2027-01-01T00:00:00.000000,1,0,0,0,1,3442.0,1
203812___643757,cloudbeds,2027-01-02T00:00:00.000000,1,0,0,0,1,3442.0,1
203812___643757,cloudbeds,2027-01-03T00:00:00.000000,1,0,0,0,1,2747.0,1
203812___655826,cloudbeds,2026-02-04T00:00:00.000000,2,0,0,0,2,186.0,2
203812___655826,cloudbeds,2026-02-05T00:00:00.000000,2,0,0,0,2,194.0,2
203812___655826,cloudbeds,2026-02-06T00:00:00.000000,2,2,0,0,2,450.0,0
203812___655826,cloudbeds,2026-02-07T00:00:00.000000,2,2,0,0,2,450.0,0
203812___655826,cloudbeds,2026-02-08T00:00:00.000000,2,1,0,0,2,171.0,1
203812___655826,cloudbeds,2026-02-09T00:00:00.000000,2,1,0,0,2,186.0,1
203812___655826,cloudbeds,2026-02-10T00:00:00.000000,2,2,0,0,2,186.0,0
203812___655826,cloudbeds,2026-02-11T00:00:00.000000,2,1,0,0,2,205.0,1
203812___655826,cloudbeds,2026-02-12T00:00:00.000000,2,1,0,0,2,307.0,1
203812___655826,cloudbeds,2026-02-13T00:00:00.000000,2,0,0,0,2,725.0,2
203812___655826,cloudbeds,2026-02-14T00:00:00.000000,2,2,0,0,2,798.0,0
203812___655826,cloudbeds,2026-02-15T00:00:00.000000,2,2,0,0,2,572.0,0
203812___655826,cloudbeds,2026-02-16T00:00:00.000000,2,0,0,0,2,186.0,2
203812___655826,cloudbeds,2026-02-17T00:00:00.000000,2,0,0,0,2,186.0,2
203812___655826,cloudbeds,2026-02-18T00:00:00.000000,2,0,0,0,2,186.0,2
203812___655826,cloudbeds,2026-02-19T00:00:00.000000,2,0,0,0,2,307.0,2
203812___655826,cloudbeds,2026-02-20T00:00:00.000000,2,0,0,0,2,450.0,2
203812___655826,cloudbeds,2026-02-21T00:00:00.000000,2,0,0,0,2,518.0,2
203812___655826,cloudbeds,2026-02-22T00:00:00.000000,2,0,0,0,2,307.0,2
203812___655826,cloudbeds,2026-02-23T00:00:00.000000,2,0,0,0,2,202.0,2
203812___655826,cloudbeds,2026-02-24T00:00:00.000000,2,0,0,0,2,202.0,2
203812___655826,cloudbeds,2026-02-25T00:00:00.000000,2,0,0,0,2,202.0,2
203812___655826,cloudbeds,2026-02-26T00:00:00.000000,2,1,0,0,2,222.0,1
203812___655826,cloudbeds,2026-02-27T00:00:00.000000,2,2,0,0,2,450.0,0
203812___655826,cloudbeds,2026-02-28T00:00:00.000000,2,2,0,0,2,450.0,0
203812___655826,cloudbeds,2026-03-01T00:00:00.000000,2,0,0,0,2,331.0,2
203812___655826,cloudbeds,2026-03-02T00:00:00.000000,2,0,0,0,2,323.0,2
203812___655826,cloudbeds,2026-03-03T00:00:00.000000,2,0,0,0,2,323.0,2
203812___655826,cloudbeds,2026-03-04T00:00:00.000000,2,0,0,0,2,323.0,2
203812___655826,cloudbeds,2026-03-05T00:00:00.000000,2,0,0,0,2,441.0,2
203812___655826,cloudbeds,2026-03-06T00:00:00.000000,2,1,0,0,2,613.0,1
203812___655826,cloudbeds,2026-03-07T00:00:00.000000,2,1,0,0,2,613.0,1
203812___655826,cloudbeds,2026-03-08T00:00:00.000000,2,0,0,0,2,441.0,2
203812___655826,cloudbeds,2026-03-09T00:00:00.000000,2,0,0,0,2,355.0,2
203812___655826,cloudbeds,2026-03-10T00:00:00.000000,2,0,0,0,2,355.0,2
203812___655826,cloudbeds,2026-03-11T00:00:00.000000,2,0,0,0,2,355.0,2
203812___655826,cloudbeds,2026-03-12T00:00:00.000000,2,0,0,0,2,441.0,2
203812___655826,cloudbeds,2026-03-13T00:00:00.000000,2,0,0,0,2,794.0,2
203812___655826,cloudbeds,2026-03-14T00:00:00.000000,2,0,0,0,2,794.0,2
203812___655826,cloudbeds,2026-03-15T00:00:00.000000,2,0,0,0,2,574.0,2
203812___655826,cloudbeds,2026-03-16T00:00:00.000000,2,0,0,0,2,418.0,2
203812___655826,cloudbeds,2026-03-17T00:00:00.000000,2,0,0,0,2,418.0,2
203812___655826,cloudbeds,2026-03-18T00:00:00.000000,2,0,0,0,2,418.0,2
203812___655826,cloudbeds,2026-03-19T00:00:00.000000,2,0,0,0,2,574.0,2
203812___655826,cloudbeds,2026-03-20T00:00:00.000000,2,0,0,0,2,722.0,2
203812___655826,cloudbeds,2026-03-21T00:00:00.000000,2,0,0,0,2,722.0,2
203812___655826,cloudbeds,2026-03-22T00:00:00.000000,2,0,0,0,2,574.0,2
203812___655826,cloudbeds,2026-03-23T00:00:00.000000,2,1,0,0,2,355.0,1
203812___655826,cloudbeds,2026-03-24T00:00:00.000000,2,1,0,0,2,355.0,1
203812___655826,cloudbeds,2026-03-25T00:00:00.000000,2,1,0,0,2,355.0,1
203812___655826,cloudbeds,2026-03-26T00:00:00.000000,2,0,0,0,2,485.0,2
203812___655826,cloudbeds,2026-03-27T00:00:00.000000,2,0,0,0,2,557.0,2
203812___655826,cloudbeds,2026-03-28T00:00:00.000000,2,0,0,0,2,557.0,2
203812___655826,cloudbeds,2026-03-29T00:00:00.000000,2,0,0,0,2,441.0,2
203812___655826,cloudbeds,2026-03-30T00:00:00.000000,2,0,0,0,2,323.0,2
203812___655826,cloudbeds,2026-03-31T00:00:00.000000,2,0,0,0,2,323.0,2
203812___655826,cloudbeds,2026-04-01T00:00:00.000000,2,0,0,0,2,306.0,2
203812___655826,cloudbeds,2026-04-02T00:00:00.000000,2,0,0,0,2,389.0,2
203812___655826,cloudbeds,2026-04-03T00:00:00.000000,2,0,0,0,2,574.0,2
203812___655826,cloudbeds,2026-04-04T00:00:00.000000,2,0,0,0,2,574.0,2
203812___655826,cloudbeds,2026-04-05T00:00:00.000000,2,0,0,0,2,389.0,2
203812___655826,cloudbeds,2026-04-06T00:00:00.000000,2,0,0,0,2,306.0,2
203812___655826,cloudbeds,2026-04-07T00:00:00.000000,2,0,0,0,2,306.0,2
203812___655826,cloudbeds,2026-04-08T00:00:00.000000,2,0,0,0,2,306.0,2
203812___655826,cloudbeds,2026-04-09T00:00:00.000000,2,0,0,0,2,389.0,2
203812___655826,cloudbeds,2026-04-10T00:00:00.000000,2,0,0,0,2,574.0,2
203812___655826,cloudbeds,2026-04-11T00:00:00.000000,2,0,0,0,2,574.0,2
203812___655826,cloudbeds,2026-04-12T00:00:00.000000,2,0,0,0,2,410.0,2
203812___655826,cloudbeds,2026-04-13T00:00:00.000000,2,0,0,0,2,323.0,2
203812___655826,cloudbeds,2026-04-14T00:00:00.000000,2,0,0,0,2,323.0,2
203812___655826,cloudbeds,2026-04-15T00:00:00.000000,2,0,0,0,2,323.0,2
203812___655826,cloudbeds,2026-04-16T00:00:00.000000,2,0,0,0,2,410.0,2
203812___655826,cloudbeds,2026-04-17T00:00:00.000000,2,0,0,0,2,605.0,2
203812___655826,cloudbeds,2026-04-18T00:00:00.000000,2,0,0,0,2,605.0,2
203812___655826,cloudbeds,2026-04-19T00:00:00.000000,2,0,0,0,2,410.0,2
203812___655826,cloudbeds,2026-04-20T00:00:00.000000,2,0,0,0,2,323.0,2
203812___655826,cloudbeds,2026-04-21T00:00:00.000000,2,0,0,0,2,323.0,2
203812___655826,cloudbeds,2026-04-22T00:00:00.000000,2,0,0,0,2,323.0,2
203812___655826,cloudbeds,2026-04-23T00:00:00.000000,2,0,0,0,2,410.0,2
203812___655826,cloudbeds,2026-04-24T00:00:00.000000,2,0,0,0,2,605.0,2
203812___655826,cloudbeds,2026-04-25T00:00:00.000000,2,0,0,0,2,605.0,2
203812___655826,cloudbeds,2026-04-26T00:00:00.000000,2,0,0,0,2,410.0,2
203812___655826,cloudbeds,2026-04-27T00:00:00.000000,2,0,0,0,2,323.0,2
203812___655826,cloudbeds,2026-04-28T00:00:00.000000,2,0,0,0,2,323.0,2
203812___655826,cloudbeds,2026-04-29T00:00:00.000000,2,0,0,0,2,323.0,2
203812___655826,cloudbeds,2026-04-30T00:00:00.000000,2,0,0,0,2,410.0,2
203812___655826,cloudbeds,2026-05-01T00:00:00.000000,2,0,0,0,2,533.0,2
203812___655826,cloudbeds,2026-05-02T00:00:00.000000,2,0,0,0,2,533.0,2
203812___655826,cloudbeds,2026-05-03T00:00:00.000000,2,0,0,0,2,412.0,2
203812___655826,cloudbeds,2026-05-04T00:00:00.000000,2,0,0,0,2,302.0,2
203812___655826,cloudbeds,2026-05-05T00:00:00.000000,2,0,0,0,2,302.0,2
203812___655826,cloudbeds,2026-05-06T00:00:00.000000,2,0,0,0,2,302.0,2
203812___655826,cloudbeds,2026-05-07T00:00:00.000000,2,0,0,0,2,412.0,2
203812___655826,cloudbeds,2026-05-08T00:00:00.000000,2,0,0,0,2,533.0,2
203812___655826,cloudbeds,2026-05-09T00:00:00.000000,2,0,0,0,2,533.0,2
203812___655826,cloudbeds,2026-05-10T00:00:00.000000,2,0,0,0,2,412.0,2
203812___655826,cloudbeds,2026-05-11T00:00:00.000000,2,0,0,0,2,302.0,2
203812___655826,cloudbeds,2026-05-12T00:00:00.000000,2,0,0,0,2,302.0,2
203812___655826,cloudbeds,2026-05-13T00:00:00.000000,2,0,0,0,2,302.0,2
203812___655826,cloudbeds,2026-05-14T00:00:00.000000,2,0,0,0,2,412.0,2
203812___655826,cloudbeds,2026-05-15T00:00:00.000000,2,0,0,0,2,533.0,2
203812___655826,cloudbeds,2026-05-16T00:00:00.000000,2,0,0,0,2,533.0,2
203812___655826,cloudbeds,2026-05-17T00:00:00.000000,2,0,0,0,2,412.0,2
203812___655826,cloudbeds,2026-05-18T00:00:00.000000,2,0,0,0,2,302.0,2
203812___655826,cloudbeds,2026-05-19T00:00:00.000000,2,0,0,0,2,302.0,2
203812___655826,cloudbeds,2026-05-20T00:00:00.000000,2,0,0,0,2,302.0,2
203812___655826,cloudbeds,2026-05-21T00:00:00.000000,2,0,0,0,2,412.0,2
203812___655826,cloudbeds,2026-05-22T00:00:00.000000,2,0,0,0,2,671.0,2
203812___655826,cloudbeds,2026-05-23T00:00:00.000000,2,0,0,0,2,671.0,2
203812___655826,cloudbeds,2026-05-24T00:00:00.000000,2,0,0,0,2,515.0,2
203812___655826,cloudbeds,2026-05-25T00:00:00.000000,2,0,0,0,2,377.0,2
203812___655826,cloudbeds,2026-05-26T00:00:00.000000,2,0,0,0,2,302.0,2
203812___655826,cloudbeds,2026-05-27T00:00:00.000000,2,0,0,0,2,302.0,2
203812___655826,cloudbeds,2026-05-28T00:00:00.000000,2,0,0,0,2,412.0,2
203812___655826,cloudbeds,2026-05-29T00:00:00.000000,2,0,0,0,2,533.0,2
203812___655826,cloudbeds,2026-05-30T00:00:00.000000,2,0,0,0,2,533.0,2
203812___655826,cloudbeds,2026-05-31T00:00:00.000000,2,0,0,0,2,412.0,2
203812___655826,cloudbeds,2026-06-01T00:00:00.000000,2,0,0,0,2,323.0,2
203812___655826,cloudbeds,2026-06-02T00:00:00.000000,2,0,0,0,2,323.0,2
203812___655826,cloudbeds,2026-06-03T00:00:00.000000,2,0,0,0,2,323.0,2
203812___655826,cloudbeds,2026-06-04T00:00:00.000000,2,0,0,0,2,467.0,2
203812___655826,cloudbeds,2026-06-05T00:00:00.000000,2,0,0,0,2,536.0,2
203812___655826,cloudbeds,2026-06-06T00:00:00.000000,2,0,0,0,2,536.0,2
203812___655826,cloudbeds,2026-06-07T00:00:00.000000,2,0,0,0,2,467.0,2
203812___655826,cloudbeds,2026-06-08T00:00:00.000000,2,0,0,0,2,323.0,2
203812___655826,cloudbeds,2026-06-09T00:00:00.000000,2,0,0,0,2,323.0,2
203812___655826,cloudbeds,2026-06-10T00:00:00.000000,2,0,0,0,2,323.0,2
203812___655826,cloudbeds,2026-06-11T00:00:00.000000,2,0,0,0,2,467.0,2
203812___655826,cloudbeds,2026-06-12T00:00:00.000000,2,0,0,0,2,536.0,2
203812___655826,cloudbeds,2026-06-13T00:00:00.000000,2,0,0,0,2,536.0,2
203812___655826,cloudbeds,2026-06-14T00:00:00.000000,2,0,0,0,2,467.0,2
203812___655826,cloudbeds,2026-06-15T00:00:00.000000,2,0,0,0,2,323.0,2
203812___655826,cloudbeds,2026-06-16T00:00:00.000000,2,0,0,0,2,323.0,2
203812___655826,cloudbeds,2026-06-17T00:00:00.000000,2,0,0,0,2,323.0,2
203812___655826,cloudbeds,2026-06-18T00:00:00.000000,2,0,0,0,2,467.0,2
203812___655826,cloudbeds,2026-06-19T00:00:00.000000,2,0,0,0,2,536.0,2
203812___655826,cloudbeds,2026-06-20T00:00:00.000000,2,0,0,0,2,536.0,2
203812___655826,cloudbeds,2026-06-21T00:00:00.000000,2,0,0,0,2,467.0,2
203812___655826,cloudbeds,2026-06-22T00:00:00.000000,2,0,0,0,2,323.0,2
203812___655826,cloudbeds,2026-06-23T00:00:00.000000,2,0,0,0,2,323.0,2
203812___655826,cloudbeds,2026-06-24T00:00:00.000000,2,0,0,0,2,323.0,2
203812___655826,cloudbeds,2026-06-25T00:00:00.000000,2,0,0,0,2,467.0,2
203812___655826,cloudbeds,2026-06-26T00:00:00.000000,2,0,0,0,2,536.0,2
203812___655826,cloudbeds,2026-06-27T00:00:00.000000,2,0,0,0,2,536.0,2
203812___655826,cloudbeds,2026-06-28T00:00:00.000000,2,0,0,0,2,467.0,2
203812___655826,cloudbeds,2026-06-29T00:00:00.000000,2,0,0,0,2,323.0,2
203812___655826,cloudbeds,2026-06-30T00:00:00.000000,2,0,0,0,2,323.0,2
203812___655826,cloudbeds,2026-07-01T00:00:00.000000,2,0,0,0,2,319.0,2
203812___655826,cloudbeds,2026-07-02T00:00:00.000000,2,0,0,0,2,563.0,2
203812___655826,cloudbeds,2026-07-03T00:00:00.000000,2,0,0,0,2,761.0,2
203812___655826,cloudbeds,2026-07-04T00:00:00.000000,2,0,0,0,2,761.0,2
203812___655826,cloudbeds,2026-07-05T00:00:00.000000,2,0,0,0,2,563.0,2
203812___655826,cloudbeds,2026-07-06T00:00:00.000000,2,0,0,0,2,319.0,2
203812___655826,cloudbeds,2026-07-07T00:00:00.000000,2,0,0,0,2,319.0,2
203812___655826,cloudbeds,2026-07-08T00:00:00.000000,2,0,0,0,2,319.0,2
203812___655826,cloudbeds,2026-07-09T00:00:00.000000,2,0,0,0,2,401.0,2
203812___655826,cloudbeds,2026-07-10T00:00:00.000000,2,0,0,0,2,545.0,2
203812___655826,cloudbeds,2026-07-11T00:00:00.000000,2,0,0,0,2,545.0,2
203812___655826,cloudbeds,2026-07-12T00:00:00.000000,2,0,0,0,2,401.0,2
203812___655826,cloudbeds,2026-07-13T00:00:00.000000,2,0,0,0,2,319.0,2
203812___655826,cloudbeds,2026-07-14T00:00:00.000000,2,0,0,0,2,319.0,2
203812___655826,cloudbeds,2026-07-15T00:00:00.000000,2,0,0,0,2,319.0,2
203812___655826,cloudbeds,2026-07-16T00:00:00.000000,2,0,0,0,2,401.0,2
203812___655826,cloudbeds,2026-07-17T00:00:00.000000,2,0,0,0,2,545.0,2
203812___655826,cloudbeds,2026-07-18T00:00:00.000000,2,0,0,0,2,545.0,2
203812___655826,cloudbeds,2026-07-19T00:00:00.000000,2,0,0,0,2,401.0,2
203812___655826,cloudbeds,2026-07-20T00:00:00.000000,2,0,0,0,2,319.0,2
203812___655826,cloudbeds,2026-07-21T00:00:00.000000,2,0,0,0,2,319.0,2
203812___655826,cloudbeds,2026-07-22T00:00:00.000000,2,0,0,0,2,319.0,2
203812___655826,cloudbeds,2026-07-23T00:00:00.000000,2,0,0,0,2,401.0,2
203812___655826,cloudbeds,2026-07-24T00:00:00.000000,2,0,0,0,2,545.0,2
203812___655826,cloudbeds,2026-07-25T00:00:00.000000,2,0,0,0,2,545.0,2
203812___655826,cloudbeds,2026-07-26T00:00:00.000000,2,0,0,0,2,401.0,2
203812___655826,cloudbeds,2026-07-27T00:00:00.000000,2,0,0,0,2,319.0,2
203812___655826,cloudbeds,2026-07-28T00:00:00.000000,2,0,0,0,2,319.0,2
203812___655826,cloudbeds,2026-07-29T00:00:00.000000,2,0,0,0,2,319.0,2
203812___655826,cloudbeds,2026-07-30T00:00:00.000000,2,0,0,0,2,401.0,2
203812___655826,cloudbeds,2026-07-31T00:00:00.000000,2,0,0,0,2,545.0,2
203812___655826,cloudbeds,2026-08-01T00:00:00.000000,2,0,0,0,2,503.0,2
203812___655826,cloudbeds,2026-08-02T00:00:00.000000,2,1,0,0,2,382.0,1
203812___655826,cloudbeds,2026-08-03T00:00:00.000000,2,1,0,0,2,319.0,1
203812___655826,cloudbeds,2026-08-04T00:00:00.000000,2,0,0,0,2,319.0,2
203812___655826,cloudbeds,2026-08-05T00:00:00.000000,2,0,0,0,2,319.0,2
203812___655826,cloudbeds,2026-08-06T00:00:00.000000,2,0,0,0,2,382.0,2
203812___655826,cloudbeds,2026-08-07T00:00:00.000000,2,0,0,0,2,503.0,2
203812___655826,cloudbeds,2026-08-08T00:00:00.000000,2,0,0,0,2,503.0,2
203812___655826,cloudbeds,2026-08-09T00:00:00.000000,2,0,0,0,2,382.0,2
203812___655826,cloudbeds,2026-08-10T00:00:00.000000,2,0,0,0,2,319.0,2
203812___655826,cloudbeds,2026-08-11T00:00:00.000000,2,0,0,0,2,319.0,2
203812___655826,cloudbeds,2026-08-12T00:00:00.000000,2,0,0,0,2,319.0,2
203812___655826,cloudbeds,2026-08-13T00:00:00.000000,2,0,0,0,2,382.0,2
203812___655826,cloudbeds,2026-08-14T00:00:00.000000,2,0,0,0,2,503.0,2
203812___655826,cloudbeds,2026-08-15T00:00:00.000000,2,0,0,0,2,503.0,2
203812___655826,cloudbeds,2026-08-16T00:00:00.000000,2,0,0,0,2,382.0,2
203812___655826,cloudbeds,2026-08-17T00:00:00.000000,2,0,0,0,2,319.0,2
203812___655826,cloudbeds,2026-08-18T00:00:00.000000,2,0,0,0,2,319.0,2
203812___655826,cloudbeds,2026-08-19T00:00:00.000000,2,0,0,0,2,319.0,2
203812___655826,cloudbeds,2026-08-20T00:00:00.000000,2,0,0,0,2,382.0,2
203812___655826,cloudbeds,2026-08-21T00:00:00.000000,2,0,0,0,2,503.0,2
203812___655826,cloudbeds,2026-08-22T00:00:00.000000,2,0,0,0,2,503.0,2
203812___655826,cloudbeds,2026-08-23T00:00:00.000000,2,0,0,0,2,382.0,2
203812___655826,cloudbeds,2026-08-24T00:00:00.000000,2,0,0,0,2,319.0,2
203812___655826,cloudbeds,2026-08-25T00:00:00.000000,2,0,0,0,2,319.0,2
203812___655826,cloudbeds,2026-08-26T00:00:00.000000,2,0,0,0,2,319.0,2
203812___655826,cloudbeds,2026-08-27T00:00:00.000000,2,0,0,0,2,382.0,2
203812___655826,cloudbeds,2026-08-28T00:00:00.000000,2,0,0,0,2,503.0,2
203812___655826,cloudbeds,2026-08-29T00:00:00.000000,2,0,0,0,2,503.0,2
203812___655826,cloudbeds,2026-08-30T00:00:00.000000,2,0,0,0,2,382.0,2
203812___655826,cloudbeds,2026-08-31T00:00:00.000000,2,0,0,0,2,319.0,2
203812___655826,cloudbeds,2026-09-01T00:00:00.000000,2,0,0,0,2,369.0,2
203812___655826,cloudbeds,2026-09-02T00:00:00.000000,2,0,0,0,2,369.0,2
203812___655826,cloudbeds,2026-09-03T00:00:00.000000,2,0,0,0,2,494.0,2
203812___655826,cloudbeds,2026-09-04T00:00:00.000000,2,0,0,0,2,665.0,2
203812___655826,cloudbeds,2026-09-05T00:00:00.000000,2,0,0,0,2,665.0,2
203812___655826,cloudbeds,2026-09-06T00:00:00.000000,2,0,0,0,2,592.0,2
203812___655826,cloudbeds,2026-09-07T00:00:00.000000,2,0,0,0,2,444.0,2
203812___655826,cloudbeds,2026-09-08T00:00:00.000000,2,0,0,0,2,369.0,2
203812___655826,cloudbeds,2026-09-09T00:00:00.000000,2,0,0,0,2,369.0,2
203812___655826,cloudbeds,2026-09-10T00:00:00.000000,2,0,0,0,2,494.0,2
203812___655826,cloudbeds,2026-09-11T00:00:00.000000,2,0,0,0,2,554.0,2
203812___655826,cloudbeds,2026-09-12T00:00:00.000000,2,0,0,0,2,554.0,2
203812___655826,cloudbeds,2026-09-13T00:00:00.000000,2,0,0,0,2,494.0,2
203812___655826,cloudbeds,2026-09-14T00:00:00.000000,2,0,0,0,2,369.0,2
203812___655826,cloudbeds,2026-09-15T00:00:00.000000,2,0,0,0,2,369.0,2
203812___655826,cloudbeds,2026-09-16T00:00:00.000000,2,0,0,0,2,369.0,2
203812___655826,cloudbeds,2026-09-17T00:00:00.000000,2,0,0,0,2,494.0,2
203812___655826,cloudbeds,2026-09-18T00:00:00.000000,2,0,0,0,2,554.0,2
203812___655826,cloudbeds,2026-09-19T00:00:00.000000,2,0,0,0,2,554.0,2
203812___655826,cloudbeds,2026-09-20T00:00:00.000000,2,0,0,0,2,494.0,2
203812___655826,cloudbeds,2026-09-21T00:00:00.000000,2,0,0,0,2,369.0,2
203812___655826,cloudbeds,2026-09-22T00:00:00.000000,2,0,0,0,2,369.0,2
203812___655826,cloudbeds,2026-09-23T00:00:00.000000,2,0,0,0,2,369.0,2
203812___655826,cloudbeds,2026-09-24T00:00:00.000000,2,0,0,0,2,494.0,2
203812___655826,cloudbeds,2026-09-25T00:00:00.000000,2,0,0,0,2,554.0,2
203812___655826,cloudbeds,2026-09-26T00:00:00.000000,2,0,0,0,2,554.0,2
203812___655826,cloudbeds,2026-09-27T00:00:00.000000,2,0,0,0,2,494.0,2
203812___655826,cloudbeds,2026-09-28T00:00:00.000000,2,0,0,0,2,369.0,2
203812___655826,cloudbeds,2026-09-29T00:00:00.000000,2,0,0,0,2,369.0,2
203812___655826,cloudbeds,2026-09-30T00:00:00.000000,2,0,0,0,2,369.0,2
203812___655826,cloudbeds,2026-10-01T00:00:00.000000,2,0,0,0,2,531.0,2
203812___655826,cloudbeds,2026-10-02T00:00:00.000000,2,0,0,0,2,569.0,2
203812___655826,cloudbeds,2026-10-03T00:00:00.000000,2,0,0,0,2,569.0,2
203812___655826,cloudbeds,2026-10-04T00:00:00.000000,2,0,0,0,2,531.0,2
203812___655826,cloudbeds,2026-10-05T00:00:00.000000,2,0,0,0,2,405.0,2
203812___655826,cloudbeds,2026-10-06T00:00:00.000000,2,0,0,0,2,405.0,2
203812___655826,cloudbeds,2026-10-07T00:00:00.000000,2,0,0,0,2,405.0,2
203812___655826,cloudbeds,2026-10-08T00:00:00.000000,2,0,0,0,2,531.0,2
203812___655826,cloudbeds,2026-10-09T00:00:00.000000,2,0,0,0,2,654.0,2
203812___655826,cloudbeds,2026-10-10T00:00:00.000000,2,0,0,0,2,654.0,2
203812___655826,cloudbeds,2026-10-11T00:00:00.000000,2,0,0,0,2,611.0,2
203812___655826,cloudbeds,2026-10-12T00:00:00.000000,2,0,0,0,2,466.0,2
203812___655826,cloudbeds,2026-10-13T00:00:00.000000,2,0,0,0,2,405.0,2
203812___655826,cloudbeds,2026-10-14T00:00:00.000000,2,0,0,0,2,405.0,2
203812___655826,cloudbeds,2026-10-15T00:00:00.000000,2,0,0,0,2,531.0,2
203812___655826,cloudbeds,2026-10-16T00:00:00.000000,2,0,0,0,2,569.0,2
203812___655826,cloudbeds,2026-10-17T00:00:00.000000,2,0,0,0,2,569.0,2
203812___655826,cloudbeds,2026-10-18T00:00:00.000000,2,0,0,0,2,531.0,2
203812___655826,cloudbeds,2026-10-19T00:00:00.000000,2,0,0,0,2,405.0,2
203812___655826,cloudbeds,2026-10-20T00:00:00.000000,2,0,0,0,2,405.0,2
203812___655826,cloudbeds,2026-10-21T00:00:00.000000,2,0,0,0,2,405.0,2
203812___655826,cloudbeds,2026-10-22T00:00:00.000000,2,0,0,0,2,531.0,2
203812___655826,cloudbeds,2026-10-23T00:00:00.000000,2,0,0,0,2,569.0,2
203812___655826,cloudbeds,2026-10-24T00:00:00.000000,2,0,0,0,2,569.0,2
203812___655826,cloudbeds,2026-10-25T00:00:00.000000,2,0,0,0,2,531.0,2
203812___655826,cloudbeds,2026-10-26T00:00:00.000000,2,0,0,0,2,405.0,2
203812___655826,cloudbeds,2026-10-27T00:00:00.000000,2,0,0,0,2,405.0,2
203812___655826,cloudbeds,2026-10-28T00:00:00.000000,2,0,0,0,2,405.0,2
203812___655826,cloudbeds,2026-10-29T00:00:00.000000,2,0,0,0,2,531.0,2
203812___655826,cloudbeds,2026-10-30T00:00:00.000000,2,0,0,0,2,569.0,2
203812___655826,cloudbeds,2026-10-31T00:00:00.000000,2,0,0,0,2,569.0,2
203812___655826,cloudbeds,2026-11-01T00:00:00.000000,2,0,0,0,2,500.0,2
203812___655826,cloudbeds,2026-11-02T00:00:00.000000,2,0,0,0,2,377.0,2
203812___655826,cloudbeds,2026-11-03T00:00:00.000000,2,0,0,0,2,377.0,2
203812___655826,cloudbeds,2026-11-04T00:00:00.000000,2,0,0,0,2,377.0,2
203812___655826,cloudbeds,2026-11-05T00:00:00.000000,2,0,0,0,2,500.0,2
203812___655826,cloudbeds,2026-11-06T00:00:00.000000,2,0,0,0,2,555.0,2
203812___655826,cloudbeds,2026-11-07T00:00:00.000000,2,0,0,0,2,555.0,2
203812___655826,cloudbeds,2026-11-08T00:00:00.000000,2,0,0,0,2,500.0,2
203812___655826,cloudbeds,2026-11-09T00:00:00.000000,2,0,0,0,2,377.0,2
203812___655826,cloudbeds,2026-11-10T00:00:00.000000,2,0,0,0,2,377.0,2
203812___655826,cloudbeds,2026-11-11T00:00:00.000000,2,0,0,0,2,377.0,2
203812___655826,cloudbeds,2026-11-12T00:00:00.000000,2,0,0,0,2,500.0,2
203812___655826,cloudbeds,2026-11-13T00:00:00.000000,2,0,0,0,2,555.0,2
203812___655826,cloudbeds,2026-11-14T00:00:00.000000,2,0,0,0,2,555.0,2
203812___655826,cloudbeds,2026-11-15T00:00:00.000000,2,0,0,0,2,500.0,2
203812___655826,cloudbeds,2026-11-16T00:00:00.000000,2,0,0,0,2,377.0,2
203812___655826,cloudbeds,2026-11-17T00:00:00.000000,2,0,0,0,2,377.0,2
203812___655826,cloudbeds,2026-11-18T00:00:00.000000,2,0,0,0,2,377.0,2
203812___655826,cloudbeds,2026-11-19T00:00:00.000000,2,0,0,0,2,500.0,2
203812___655826,cloudbeds,2026-11-20T00:00:00.000000,2,0,0,0,2,555.0,2
203812___655826,cloudbeds,2026-11-21T00:00:00.000000,2,0,0,0,2,555.0,2
203812___655826,cloudbeds,2026-11-22T00:00:00.000000,2,0,0,0,2,500.0,2
203812___655826,cloudbeds,2026-11-23T00:00:00.000000,2,0,0,0,2,377.0,2
203812___655826,cloudbeds,2026-11-24T00:00:00.000000,2,0,0,0,2,377.0,2
203812___655826,cloudbeds,2026-11-25T00:00:00.000000,2,0,0,0,2,377.0,2
203812___655826,cloudbeds,2026-11-26T00:00:00.000000,2,0,0,0,2,801.0,2
203812___655826,cloudbeds,2026-11-27T00:00:00.000000,2,0,0,0,2,555.0,2
203812___655826,cloudbeds,2026-11-28T00:00:00.000000,2,0,0,0,2,555.0,2
203812___655826,cloudbeds,2026-11-29T00:00:00.000000,2,0,0,0,2,500.0,2
203812___655826,cloudbeds,2026-11-30T00:00:00.000000,2,0,0,0,2,377.0,2
203812___655826,cloudbeds,2026-12-01T00:00:00.000000,2,0,0,0,2,371.0,2
203812___655826,cloudbeds,2026-12-02T00:00:00.000000,2,0,0,0,2,371.0,2
203812___655826,cloudbeds,2026-12-03T00:00:00.000000,2,0,0,0,2,461.0,2
203812___655826,cloudbeds,2026-12-04T00:00:00.000000,2,0,0,0,2,570.0,2
203812___655826,cloudbeds,2026-12-05T00:00:00.000000,2,0,0,0,2,570.0,2
203812___655826,cloudbeds,2026-12-06T00:00:00.000000,2,0,0,0,2,461.0,2
203812___655826,cloudbeds,2026-12-07T00:00:00.000000,2,0,0,0,2,371.0,2
203812___655826,cloudbeds,2026-12-08T00:00:00.000000,2,0,0,0,2,371.0,2
203812___655826,cloudbeds,2026-12-09T00:00:00.000000,2,0,0,0,2,371.0,2
203812___655826,cloudbeds,2026-12-10T00:00:00.000000,2,0,0,0,2,461.0,2
203812___655826,cloudbeds,2026-12-11T00:00:00.000000,2,0,0,0,2,570.0,2
203812___655826,cloudbeds,2026-12-12T00:00:00.000000,2,0,0,0,2,570.0,2
203812___655826,cloudbeds,2026-12-13T00:00:00.000000,2,0,0,0,2,461.0,2
203812___655826,cloudbeds,2026-12-14T00:00:00.000000,2,0,0,0,2,371.0,2
203812___655826,cloudbeds,2026-12-15T00:00:00.000000,2,0,0,0,2,371.0,2
203812___655826,cloudbeds,2026-12-16T00:00:00.000000,2,0,0,0,2,371.0,2
203812___655826,cloudbeds,2026-12-17T00:00:00.000000,2,0,0,0,2,461.0,2
203812___655826,cloudbeds,2026-12-18T00:00:00.000000,2,0,0,0,2,741.0,2
203812___655826,cloudbeds,2026-12-19T00:00:00.000000,2,0,0,0,2,741.0,2
203812___655826,cloudbeds,2026-12-20T00:00:00.000000,2,0,0,0,2,598.0,2
203812___655826,cloudbeds,2026-12-21T00:00:00.000000,2,0,0,0,2,485.0,2
203812___655826,cloudbeds,2026-12-22T00:00:00.000000,2,0,0,0,2,485.0,2
203812___655826,cloudbeds,2026-12-23T00:00:00.000000,2,0,0,0,2,485.0,2
203812___655826,cloudbeds,2026-12-24T00:00:00.000000,2,0,0,0,2,738.0,2
203812___655826,cloudbeds,2026-12-25T00:00:00.000000,2,0,0,0,2,1140.0,2
203812___655826,cloudbeds,2026-12-26T00:00:00.000000,2,0,0,0,2,1140.0,2
203812___655826,cloudbeds,2026-12-27T00:00:00.000000,2,0,0,0,2,461.0,2
203812___655826,cloudbeds,2026-12-28T00:00:00.000000,2,0,0,0,2,371.0,2
203812___655826,cloudbeds,2026-12-29T00:00:00.000000,2,0,0,0,2,371.0,2
203812___655826,cloudbeds,2026-12-30T00:00:00.000000,2,0,0,0,2,1494.0,2
203812___655826,cloudbeds,2026-12-31T00:00:00.000000,2,0,0,0,2,1494.0,2
203812___655826,cloudbeds,2027-01-01T00:00:00.000000,2,0,0,0,2,520.0,2
203812___655826,cloudbeds,2027-01-02T00:00:00.000000,2,0,0,0,2,520.0,2
203812___655826,cloudbeds,2027-01-03T00:00:00.000000,2,0,0,0,2,413.0,2
203812___643762,cloudbeds,2026-02-04T00:00:00.000000,2,0,0,0,2,252.0,2
203812___643762,cloudbeds,2026-02-05T00:00:00.000000,2,1,0,0,2,263.0,1
203812___643762,cloudbeds,2026-02-06T00:00:00.000000,2,2,0,0,2,449.0,0
203812___643762,cloudbeds,2026-02-07T00:00:00.000000,2,2,0,0,2,493.0,0
203812___643762,cloudbeds,2026-02-08T00:00:00.000000,2,1,0,0,2,230.0,1
203812___643762,cloudbeds,2026-02-09T00:00:00.000000,2,0,0,0,2,252.0,2
203812___643762,cloudbeds,2026-02-10T00:00:00.000000,2,0,0,0,2,252.0,2
203812___643762,cloudbeds,2026-02-11T00:00:00.000000,2,0,0,0,2,277.0,2
203812___643762,cloudbeds,2026-02-12T00:00:00.000000,2,0,0,0,2,300.0,2
203812___643762,cloudbeds,2026-02-13T00:00:00.000000,2,2,0,0,2,712.0,0
203812___643762,cloudbeds,2026-02-14T00:00:00.000000,2,2,0,0,2,783.0,0
203812___643762,cloudbeds,2026-02-15T00:00:00.000000,2,2,0,0,2,347.0,0
203812___643762,cloudbeds,2026-02-16T00:00:00.000000,2,0,0,0,2,252.0,2
203812___643762,cloudbeds,2026-02-17T00:00:00.000000,2,0,0,0,2,252.0,2
203812___643762,cloudbeds,2026-02-18T00:00:00.000000,2,0,0,0,2,252.0,2
203812___643762,cloudbeds,2026-02-19T00:00:00.000000,2,0,0,0,2,300.0,2
203812___643762,cloudbeds,2026-02-20T00:00:00.000000,2,1,0,0,2,441.0,1
203812___643762,cloudbeds,2026-02-21T00:00:00.000000,2,1,0,0,2,507.0,1
203812___643762,cloudbeds,2026-02-22T00:00:00.000000,2,0,0,0,2,300.0,2
203812___643762,cloudbeds,2026-02-23T00:00:00.000000,2,0,0,0,2,199.0,2
203812___643762,cloudbeds,2026-02-24T00:00:00.000000,2,0,0,0,2,199.0,2
203812___643762,cloudbeds,2026-02-25T00:00:00.000000,2,0,0,0,2,199.0,2
203812___643762,cloudbeds,2026-02-26T00:00:00.000000,2,1,0,0,2,218.0,1
203812___643762,cloudbeds,2026-02-27T00:00:00.000000,2,2,0,0,2,441.0,0
203812___643762,cloudbeds,2026-02-28T00:00:00.000000,2,2,0,0,2,441.0,0
203812___643762,cloudbeds,2026-03-01T00:00:00.000000,2,0,0,0,2,324.0,2
203812___643762,cloudbeds,2026-03-02T00:00:00.000000,2,0,0,0,2,314.0,2
203812___643762,cloudbeds,2026-03-03T00:00:00.000000,2,0,0,0,2,314.0,2
203812___643762,cloudbeds,2026-03-04T00:00:00.000000,2,0,0,0,2,314.0,2
203812___643762,cloudbeds,2026-03-05T00:00:00.000000,2,0,0,0,2,432.0,2
203812___643762,cloudbeds,2026-03-06T00:00:00.000000,2,0,0,0,2,600.0,2
203812___643762,cloudbeds,2026-03-07T00:00:00.000000,2,0,0,0,2,600.0,2
203812___643762,cloudbeds,2026-03-08T00:00:00.000000,2,0,0,0,2,432.0,2
203812___643762,cloudbeds,2026-03-09T00:00:00.000000,2,0,0,0,2,345.0,2
203812___643762,cloudbeds,2026-03-10T00:00:00.000000,2,0,0,0,2,345.0,2
203812___643762,cloudbeds,2026-03-11T00:00:00.000000,2,0,0,0,2,345.0,2
203812___643762,cloudbeds,2026-03-12T00:00:00.000000,2,0,0,0,2,432.0,2
203812___643762,cloudbeds,2026-03-13T00:00:00.000000,2,0,0,0,2,717.0,2
203812___643762,cloudbeds,2026-03-14T00:00:00.000000,2,0,0,0,2,717.0,2
203812___643762,cloudbeds,2026-03-15T00:00:00.000000,2,0,0,0,2,517.0,2
203812___643762,cloudbeds,2026-03-16T00:00:00.000000,2,0,0,0,2,379.0,2
203812___643762,cloudbeds,2026-03-17T00:00:00.000000,2,0,0,0,2,379.0,2
203812___643762,cloudbeds,2026-03-18T00:00:00.000000,2,0,0,0,2,379.0,2
203812___643762,cloudbeds,2026-03-19T00:00:00.000000,2,0,0,0,2,517.0,2
203812___643762,cloudbeds,2026-03-20T00:00:00.000000,2,0,0,0,2,652.0,2
203812___643762,cloudbeds,2026-03-21T00:00:00.000000,2,0,0,0,2,652.0,2
203812___643762,cloudbeds,2026-03-22T00:00:00.000000,2,0,0,0,2,517.0,2
203812___643762,cloudbeds,2026-03-23T00:00:00.000000,2,0,0,0,2,345.0,2
203812___643762,cloudbeds,2026-03-24T00:00:00.000000,2,0,0,0,2,345.0,2
203812___643762,cloudbeds,2026-03-25T00:00:00.000000,2,0,0,0,2,345.0,2
203812___643762,cloudbeds,2026-03-26T00:00:00.000000,2,0,0,0,2,475.0,2
203812___643762,cloudbeds,2026-03-27T00:00:00.000000,2,1,0,0,2,545.0,1
203812___643762,cloudbeds,2026-03-28T00:00:00.000000,2,1,0,0,2,545.0,1
203812___643762,cloudbeds,2026-03-29T00:00:00.000000,2,1,0,0,2,432.0,1
203812___643762,cloudbeds,2026-03-30T00:00:00.000000,2,1,0,0,2,314.0,1
203812___643762,cloudbeds,2026-03-31T00:00:00.000000,2,0,0,0,2,314.0,2
203812___643762,cloudbeds,2026-04-01T00:00:00.000000,2,0,0,0,2,303.0,2
203812___643762,cloudbeds,2026-04-02T00:00:00.000000,2,0,0,0,2,381.0,2
203812___643762,cloudbeds,2026-04-03T00:00:00.000000,2,1,0,0,2,563.0,1
203812___643762,cloudbeds,2026-04-04T00:00:00.000000,2,1,0,0,2,563.0,1
203812___643762,cloudbeds,2026-04-05T00:00:00.000000,2,0,0,0,2,381.0,2
203812___643762,cloudbeds,2026-04-06T00:00:00.000000,2,0,0,0,2,303.0,2
203812___643762,cloudbeds,2026-04-07T00:00:00.000000,2,0,0,0,2,303.0,2
203812___643762,cloudbeds,2026-04-08T00:00:00.000000,2,0,0,0,2,303.0,2
203812___643762,cloudbeds,2026-04-09T00:00:00.000000,2,0,0,0,2,381.0,2
203812___643762,cloudbeds,2026-04-10T00:00:00.000000,2,1,0,0,2,563.0,1
203812___643762,cloudbeds,2026-04-11T00:00:00.000000,2,1,0,0,2,563.0,1
203812___643762,cloudbeds,2026-04-12T00:00:00.000000,2,0,0,0,2,381.0,2
203812___643762,cloudbeds,2026-04-13T00:00:00.000000,2,0,0,0,2,303.0,2
203812___643762,cloudbeds,2026-04-14T00:00:00.000000,2,0,0,0,2,303.0,2
203812___643762,cloudbeds,2026-04-15T00:00:00.000000,2,0,0,0,2,303.0,2
203812___643762,cloudbeds,2026-04-16T00:00:00.000000,2,0,0,0,2,381.0,2
203812___643762,cloudbeds,2026-04-17T00:00:00.000000,2,0,0,0,2,563.0,2
203812___643762,cloudbeds,2026-04-18T00:00:00.000000,2,0,0,0,2,563.0,2
203812___643762,cloudbeds,2026-04-19T00:00:00.000000,2,0,0,0,2,381.0,2
203812___643762,cloudbeds,2026-04-20T00:00:00.000000,2,0,0,0,2,303.0,2
203812___643762,cloudbeds,2026-04-21T00:00:00.000000,2,0,0,0,2,303.0,2
203812___643762,cloudbeds,2026-04-22T00:00:00.000000,2,0,0,0,2,303.0,2
203812___643762,cloudbeds,2026-04-23T00:00:00.000000,2,0,0,0,2,381.0,2
203812___643762,cloudbeds,2026-04-24T00:00:00.000000,2,0,0,0,2,563.0,2
203812___643762,cloudbeds,2026-04-25T00:00:00.000000,2,0,0,0,2,563.0,2
203812___643762,cloudbeds,2026-04-26T00:00:00.000000,2,0,0,0,2,381.0,2
203812___643762,cloudbeds,2026-04-27T00:00:00.000000,2,0,0,0,2,303.0,2
203812___643762,cloudbeds,2026-04-28T00:00:00.000000,2,0,0,0,2,303.0,2
203812___643762,cloudbeds,2026-04-29T00:00:00.000000,2,0,0,0,2,303.0,2
203812___643762,cloudbeds,2026-04-30T00:00:00.000000,2,0,0,0,2,381.0,2
203812___643762,cloudbeds,2026-05-01T00:00:00.000000,2,0,0,0,2,496.0,2
203812___643762,cloudbeds,2026-05-02T00:00:00.000000,2,0,0,0,2,496.0,2
203812___643762,cloudbeds,2026-05-03T00:00:00.000000,2,0,0,0,2,383.0,2
203812___643762,cloudbeds,2026-05-04T00:00:00.000000,2,0,0,0,2,280.0,2
203812___643762,cloudbeds,2026-05-05T00:00:00.000000,2,0,0,0,2,280.0,2
203812___643762,cloudbeds,2026-05-06T00:00:00.000000,2,0,0,0,2,280.0,2
203812___643762,cloudbeds,2026-05-07T00:00:00.000000,2,0,0,0,2,383.0,2
203812___643762,cloudbeds,2026-05-08T00:00:00.000000,2,1,0,0,2,523.0,1
203812___643762,cloudbeds,2026-05-09T00:00:00.000000,2,1,0,0,2,523.0,1
203812___643762,cloudbeds,2026-05-10T00:00:00.000000,2,0,0,0,2,404.0,2
203812___643762,cloudbeds,2026-05-11T00:00:00.000000,2,0,0,0,2,295.0,2
203812___643762,cloudbeds,2026-05-12T00:00:00.000000,2,0,0,0,2,295.0,2
203812___643762,cloudbeds,2026-05-13T00:00:00.000000,2,0,0,0,2,295.0,2
203812___643762,cloudbeds,2026-05-14T00:00:00.000000,2,0,0,0,2,404.0,2
203812___643762,cloudbeds,2026-05-15T00:00:00.000000,2,0,0,0,2,523.0,2
203812___643762,cloudbeds,2026-05-16T00:00:00.000000,2,0,0,0,2,523.0,2
203812___643762,cloudbeds,2026-05-17T00:00:00.000000,2,0,0,0,2,404.0,2
203812___643762,cloudbeds,2026-05-18T00:00:00.000000,2,0,0,0,2,295.0,2
203812___643762,cloudbeds,2026-05-19T00:00:00.000000,2,0,0,0,2,295.0,2
203812___643762,cloudbeds,2026-05-20T00:00:00.000000,2,0,0,0,2,295.0,2
203812___643762,cloudbeds,2026-05-21T00:00:00.000000,2,0,0,0,2,404.0,2
203812___643762,cloudbeds,2026-05-22T00:00:00.000000,2,0,0,0,2,657.0,2
203812___643762,cloudbeds,2026-05-23T00:00:00.000000,2,0,0,0,2,657.0,2
203812___643762,cloudbeds,2026-05-24T00:00:00.000000,2,0,0,0,2,505.0,2
203812___643762,cloudbeds,2026-05-25T00:00:00.000000,2,0,0,0,2,369.0,2
203812___643762,cloudbeds,2026-05-26T00:00:00.000000,2,0,0,0,2,295.0,2
203812___643762,cloudbeds,2026-05-27T00:00:00.000000,2,0,0,0,2,295.0,2
203812___643762,cloudbeds,2026-05-28T00:00:00.000000,2,0,0,0,2,404.0,2
203812___643762,cloudbeds,2026-05-29T00:00:00.000000,2,0,0,0,2,523.0,2
203812___643762,cloudbeds,2026-05-30T00:00:00.000000,2,0,0,0,2,523.0,2
203812___643762,cloudbeds,2026-05-31T00:00:00.000000,2,0,0,0,2,404.0,2
203812___643762,cloudbeds,2026-06-01T00:00:00.000000,2,0,0,0,2,319.0,2
203812___643762,cloudbeds,2026-06-02T00:00:00.000000,2,0,0,0,2,319.0,2
203812___643762,cloudbeds,2026-06-03T00:00:00.000000,2,0,0,0,2,319.0,2
203812___643762,cloudbeds,2026-06-04T00:00:00.000000,2,0,0,0,2,459.0,2
203812___643762,cloudbeds,2026-06-05T00:00:00.000000,2,0,0,0,2,526.0,2
203812___643762,cloudbeds,2026-06-06T00:00:00.000000,2,0,0,0,2,526.0,2
203812___643762,cloudbeds,2026-06-07T00:00:00.000000,2,0,0,0,2,459.0,2
203812___643762,cloudbeds,2026-06-08T00:00:00.000000,2,0,0,0,2,319.0,2
203812___643762,cloudbeds,2026-06-09T00:00:00.000000,2,0,0,0,2,319.0,2
203812___643762,cloudbeds,2026-06-10T00:00:00.000000,2,0,0,0,2,319.0,2
203812___643762,cloudbeds,2026-06-11T00:00:00.000000,2,0,0,0,2,459.0,2
203812___643762,cloudbeds,2026-06-12T00:00:00.000000,2,0,0,0,2,526.0,2
203812___643762,cloudbeds,2026-06-13T00:00:00.000000,2,0,0,0,2,526.0,2
203812___643762,cloudbeds,2026-06-14T00:00:00.000000,2,0,0,0,2,459.0,2
203812___643762,cloudbeds,2026-06-15T00:00:00.000000,2,0,0,0,2,319.0,2
203812___643762,cloudbeds,2026-06-16T00:00:00.000000,2,0,0,0,2,319.0,2
203812___643762,cloudbeds,2026-06-17T00:00:00.000000,2,0,0,0,2,319.0,2
203812___643762,cloudbeds,2026-06-18T00:00:00.000000,2,0,0,0,2,459.0,2
203812___643762,cloudbeds,2026-06-19T00:00:00.000000,2,0,0,0,2,526.0,2
203812___643762,cloudbeds,2026-06-20T00:00:00.000000,2,0,0,0,2,526.0,2
203812___643762,cloudbeds,2026-06-21T00:00:00.000000,2,0,0,0,2,459.0,2
203812___643762,cloudbeds,2026-06-22T00:00:00.000000,2,0,0,0,2,319.0,2
203812___643762,cloudbeds,2026-06-23T00:00:00.000000,2,0,0,0,2,319.0,2
203812___643762,cloudbeds,2026-06-24T00:00:00.000000,2,0,0,0,2,319.0,2
203812___643762,cloudbeds,2026-06-25T00:00:00.000000,2,0,0,0,2,459.0,2
203812___643762,cloudbeds,2026-06-26T00:00:00.000000,2,0,0,0,2,526.0,2
203812___643762,cloudbeds,2026-06-27T00:00:00.000000,2,0,0,0,2,526.0,2
203812___643762,cloudbeds,2026-06-28T00:00:00.000000,2,0,0,0,2,459.0,2
203812___643762,cloudbeds,2026-06-29T00:00:00.000000,2,0,0,0,2,319.0,2
203812___643762,cloudbeds,2026-06-30T00:00:00.000000,2,0,0,0,2,319.0,2
203812___643762,cloudbeds,2026-07-01T00:00:00.000000,2,0,0,0,2,311.0,2
203812___643762,cloudbeds,2026-07-02T00:00:00.000000,2,0,0,0,2,511.0,2
203812___643762,cloudbeds,2026-07-03T00:00:00.000000,2,0,0,0,2,693.0,2
203812___643762,cloudbeds,2026-07-04T00:00:00.000000,2,0,0,0,2,693.0,2
203812___643762,cloudbeds,2026-07-05T00:00:00.000000,2,0,0,0,2,511.0,2
203812___643762,cloudbeds,2026-07-06T00:00:00.000000,2,0,0,0,2,311.0,2
203812___643762,cloudbeds,2026-07-07T00:00:00.000000,2,0,0,0,2,311.0,2
203812___643762,cloudbeds,2026-07-08T00:00:00.000000,2,0,0,0,2,311.0,2
203812___643762,cloudbeds,2026-07-09T00:00:00.000000,2,0,0,0,2,392.0,2
203812___643762,cloudbeds,2026-07-10T00:00:00.000000,2,0,0,0,2,533.0,2
203812___643762,cloudbeds,2026-07-11T00:00:00.000000,2,0,0,0,2,533.0,2
203812___643762,cloudbeds,2026-07-12T00:00:00.000000,2,0,0,0,2,392.0,2
203812___643762,cloudbeds,2026-07-13T00:00:00.000000,2,0,0,0,2,311.0,2
203812___643762,cloudbeds,2026-07-14T00:00:00.000000,2,0,0,0,2,311.0,2
203812___643762,cloudbeds,2026-07-15T00:00:00.000000,2,0,0,0,2,311.0,2
203812___643762,cloudbeds,2026-07-16T00:00:00.000000,2,0,0,0,2,392.0,2
203812___643762,cloudbeds,2026-07-17T00:00:00.000000,2,0,0,0,2,533.0,2
203812___643762,cloudbeds,2026-07-18T00:00:00.000000,2,0,0,0,2,533.0,2
203812___643762,cloudbeds,2026-07-19T00:00:00.000000,2,0,0,0,2,392.0,2
203812___643762,cloudbeds,2026-07-20T00:00:00.000000,2,0,0,0,2,311.0,2
203812___643762,cloudbeds,2026-07-21T00:00:00.000000,2,0,0,0,2,311.0,2
203812___643762,cloudbeds,2026-07-22T00:00:00.000000,2,0,0,0,2,311.0,2
203812___643762,cloudbeds,2026-07-23T00:00:00.000000,2,0,0,0,2,392.0,2
203812___643762,cloudbeds,2026-07-24T00:00:00.000000,2,0,0,0,2,533.0,2
203812___643762,cloudbeds,2026-07-25T00:00:00.000000,2,0,0,0,2,533.0,2
203812___643762,cloudbeds,2026-07-26T00:00:00.000000,2,0,0,0,2,392.0,2
203812___643762,cloudbeds,2026-07-27T00:00:00.000000,2,0,0,0,2,311.0,2
203812___643762,cloudbeds,2026-07-28T00:00:00.000000,2,0,0,0,2,311.0,2
203812___643762,cloudbeds,2026-07-29T00:00:00.000000,2,0,0,0,2,311.0,2
203812___643762,cloudbeds,2026-07-30T00:00:00.000000,2,0,0,0,2,392.0,2
203812___643762,cloudbeds,2026-07-31T00:00:00.000000,2,0,0,0,2,533.0,2
203812___643762,cloudbeds,2026-08-01T00:00:00.000000,2,0,0,0,2,494.0,2
203812___643762,cloudbeds,2026-08-02T00:00:00.000000,2,0,0,0,2,372.0,2
203812___643762,cloudbeds,2026-08-03T00:00:00.000000,2,0,0,0,2,311.0,2
203812___643762,cloudbeds,2026-08-04T00:00:00.000000,2,0,0,0,2,311.0,2
203812___643762,cloudbeds,2026-08-05T00:00:00.000000,2,0,0,0,2,311.0,2
203812___643762,cloudbeds,2026-08-06T00:00:00.000000,2,0,0,0,2,372.0,2
203812___643762,cloudbeds,2026-08-07T00:00:00.000000,2,0,0,0,2,494.0,2
203812___643762,cloudbeds,2026-08-08T00:00:00.000000,2,0,0,0,2,494.0,2
203812___643762,cloudbeds,2026-08-09T00:00:00.000000,2,0,0,0,2,372.0,2
203812___643762,cloudbeds,2026-08-10T00:00:00.000000,2,0,0,0,2,311.0,2
203812___643762,cloudbeds,2026-08-11T00:00:00.000000,2,0,0,0,2,311.0,2
203812___643762,cloudbeds,2026-08-12T00:00:00.000000,2,0,0,0,2,311.0,2
203812___643762,cloudbeds,2026-08-13T00:00:00.000000,2,0,0,0,2,392.0,2
203812___643762,cloudbeds,2026-08-14T00:00:00.000000,2,0,0,0,2,520.0,2
203812___643762,cloudbeds,2026-08-15T00:00:00.000000,2,0,0,0,2,520.0,2
203812___643762,cloudbeds,2026-08-16T00:00:00.000000,2,0,0,0,2,392.0,2
203812___643762,cloudbeds,2026-08-17T00:00:00.000000,2,0,0,0,2,328.0,2
203812___643762,cloudbeds,2026-08-18T00:00:00.000000,2,0,0,0,2,328.0,2
203812___643762,cloudbeds,2026-08-19T00:00:00.000000,2,0,0,0,2,328.0,2
203812___643762,cloudbeds,2026-08-20T00:00:00.000000,2,0,0,0,2,392.0,2
203812___643762,cloudbeds,2026-08-21T00:00:00.000000,2,0,0,0,2,520.0,2
203812___643762,cloudbeds,2026-08-22T00:00:00.000000,2,0,0,0,2,520.0,2
203812___643762,cloudbeds,2026-08-23T00:00:00.000000,2,0,0,0,2,392.0,2
203812___643762,cloudbeds,2026-08-24T00:00:00.000000,2,0,0,0,2,328.0,2
203812___643762,cloudbeds,2026-08-25T00:00:00.000000,2,0,0,0,2,328.0,2
203812___643762,cloudbeds,2026-08-26T00:00:00.000000,2,0,0,0,2,328.0,2
203812___643762,cloudbeds,2026-08-27T00:00:00.000000,2,0,0,0,2,392.0,2
203812___643762,cloudbeds,2026-08-28T00:00:00.000000,2,0,0,0,2,520.0,2
203812___643762,cloudbeds,2026-08-29T00:00:00.000000,2,0,0,0,2,520.0,2
203812___643762,cloudbeds,2026-08-30T00:00:00.000000,2,0,0,0,2,392.0,2
203812___643762,cloudbeds,2026-08-31T00:00:00.000000,2,0,0,0,2,328.0,2
203812___643762,cloudbeds,2026-09-01T00:00:00.000000,2,0,0,0,2,382.0,2
203812___643762,cloudbeds,2026-09-02T00:00:00.000000,2,0,0,0,2,382.0,2
203812___643762,cloudbeds,2026-09-03T00:00:00.000000,2,0,0,0,2,509.0,2
203812___643762,cloudbeds,2026-09-04T00:00:00.000000,2,0,0,0,2,687.0,2
203812___643762,cloudbeds,2026-09-05T00:00:00.000000,2,0,0,0,2,687.0,2
203812___643762,cloudbeds,2026-09-06T00:00:00.000000,2,0,0,0,2,612.0,2
203812___643762,cloudbeds,2026-09-07T00:00:00.000000,2,0,0,0,2,458.0,2
203812___643762,cloudbeds,2026-09-08T00:00:00.000000,2,0,0,0,2,382.0,2
203812___643762,cloudbeds,2026-09-09T00:00:00.000000,2,0,0,0,2,382.0,2
203812___643762,cloudbeds,2026-09-10T00:00:00.000000,2,0,0,0,2,509.0,2
203812___643762,cloudbeds,2026-09-11T00:00:00.000000,2,0,0,0,2,572.0,2
203812___643762,cloudbeds,2026-09-12T00:00:00.000000,2,0,0,0,2,572.0,2
203812___643762,cloudbeds,2026-09-13T00:00:00.000000,2,0,0,0,2,509.0,2
203812___643762,cloudbeds,2026-09-14T00:00:00.000000,2,0,0,0,2,382.0,2
203812___643762,cloudbeds,2026-09-15T00:00:00.000000,2,0,0,0,2,382.0,2
203812___643762,cloudbeds,2026-09-16T00:00:00.000000,2,0,0,0,2,382.0,2
203812___643762,cloudbeds,2026-09-17T00:00:00.000000,2,0,0,0,2,509.0,2
203812___643762,cloudbeds,2026-09-18T00:00:00.000000,2,0,0,0,2,572.0,2
203812___643762,cloudbeds,2026-09-19T00:00:00.000000,2,0,0,0,2,572.0,2
203812___643762,cloudbeds,2026-09-20T00:00:00.000000,2,0,0,0,2,509.0,2
203812___643762,cloudbeds,2026-09-21T00:00:00.000000,2,0,0,0,2,382.0,2
203812___643762,cloudbeds,2026-09-22T00:00:00.000000,2,0,0,0,2,382.0,2
203812___643762,cloudbeds,2026-09-23T00:00:00.000000,2,0,0,0,2,382.0,2
203812___643762,cloudbeds,2026-09-24T00:00:00.000000,2,0,0,0,2,509.0,2
203812___643762,cloudbeds,2026-09-25T00:00:00.000000,2,0,0,0,2,572.0,2
203812___643762,cloudbeds,2026-09-26T00:00:00.000000,2,0,0,0,2,572.0,2
203812___643762,cloudbeds,2026-09-27T00:00:00.000000,2,0,0,0,2,509.0,2
203812___643762,cloudbeds,2026-09-28T00:00:00.000000,2,0,0,0,2,382.0,2
203812___643762,cloudbeds,2026-09-29T00:00:00.000000,2,0,0,0,2,382.0,2
203812___643762,cloudbeds,2026-09-30T00:00:00.000000,2,0,0,0,2,382.0,2
203812___643762,cloudbeds,2026-10-01T00:00:00.000000,2,0,0,0,2,550.0,2
203812___643762,cloudbeds,2026-10-02T00:00:00.000000,2,0,0,0,2,588.0,2
203812___643762,cloudbeds,2026-10-03T00:00:00.000000,2,0,0,0,2,588.0,2
203812___643762,cloudbeds,2026-10-04T00:00:00.000000,2,0,0,0,2,550.0,2
203812___643762,cloudbeds,2026-10-05T00:00:00.000000,2,0,0,0,2,419.0,2
203812___643762,cloudbeds,2026-10-06T00:00:00.000000,2,0,0,0,2,419.0,2
203812___643762,cloudbeds,2026-10-07T00:00:00.000000,2,0,0,0,2,419.0,2
203812___643762,cloudbeds,2026-10-08T00:00:00.000000,2,0,0,0,2,550.0,2
203812___643762,cloudbeds,2026-10-09T00:00:00.000000,2,0,0,0,2,646.0,2
203812___643762,cloudbeds,2026-10-10T00:00:00.000000,2,0,0,0,2,646.0,2
203812___643762,cloudbeds,2026-10-11T00:00:00.000000,2,0,0,0,2,605.0,2
203812___643762,cloudbeds,2026-10-12T00:00:00.000000,2,0,0,0,2,461.0,2
203812___643762,cloudbeds,2026-10-13T00:00:00.000000,2,0,0,0,2,419.0,2
203812___643762,cloudbeds,2026-10-14T00:00:00.000000,2,0,0,0,2,419.0,2
203812___643762,cloudbeds,2026-10-15T00:00:00.000000,2,0,0,0,2,550.0,2
203812___643762,cloudbeds,2026-10-16T00:00:00.000000,2,0,0,0,2,588.0,2
203812___643762,cloudbeds,2026-10-17T00:00:00.000000,2,0,0,0,2,588.0,2
203812___643762,cloudbeds,2026-10-18T00:00:00.000000,2,0,0,0,2,550.0,2
203812___643762,cloudbeds,2026-10-19T00:00:00.000000,2,0,0,0,2,419.0,2
203812___643762,cloudbeds,2026-10-20T00:00:00.000000,2,0,0,0,2,419.0,2
203812___643762,cloudbeds,2026-10-21T00:00:00.000000,2,0,0,0,2,419.0,2
203812___643762,cloudbeds,2026-10-22T00:00:00.000000,2,0,0,0,2,550.0,2
203812___643762,cloudbeds,2026-10-23T00:00:00.000000,2,0,0,0,2,588.0,2
203812___643762,cloudbeds,2026-10-24T00:00:00.000000,2,0,0,0,2,588.0,2
203812___643762,cloudbeds,2026-10-25T00:00:00.000000,2,0,0,0,2,550.0,2
203812___643762,cloudbeds,2026-10-26T00:00:00.000000,2,0,0,0,2,419.0,2
203812___643762,cloudbeds,2026-10-27T00:00:00.000000,2,0,0,0,2,419.0,2
203812___643762,cloudbeds,2026-10-28T00:00:00.000000,2,0,0,0,2,419.0,2
203812___643762,cloudbeds,2026-10-29T00:00:00.000000,2,0,0,0,2,550.0,2
203812___643762,cloudbeds,2026-10-30T00:00:00.000000,2,0,0,0,2,588.0,2
203812___643762,cloudbeds,2026-10-31T00:00:00.000000,2,0,0,0,2,588.0,2
203812___643762,cloudbeds,2026-11-01T00:00:00.000000,2,0,0,0,2,515.0,2
203812___643762,cloudbeds,2026-11-02T00:00:00.000000,2,0,0,0,2,389.0,2
203812___643762,cloudbeds,2026-11-03T00:00:00.000000,2,0,0,0,2,389.0,2
203812___643762,cloudbeds,2026-11-04T00:00:00.000000,2,0,0,0,2,389.0,2
203812___643762,cloudbeds,2026-11-05T00:00:00.000000,2,0,0,0,2,515.0,2
203812___643762,cloudbeds,2026-11-06T00:00:00.000000,2,0,0,0,2,574.0,2
203812___643762,cloudbeds,2026-11-07T00:00:00.000000,2,0,0,0,2,574.0,2
203812___643762,cloudbeds,2026-11-08T00:00:00.000000,2,0,0,0,2,515.0,2
203812___643762,cloudbeds,2026-11-09T00:00:00.000000,2,0,0,0,2,389.0,2
203812___643762,cloudbeds,2026-11-10T00:00:00.000000,2,0,0,0,2,389.0,2
203812___643762,cloudbeds,2026-11-11T00:00:00.000000,2,0,0,0,2,389.0,2
203812___643762,cloudbeds,2026-11-12T00:00:00.000000,2,0,0,0,2,515.0,2
203812___643762,cloudbeds,2026-11-13T00:00:00.000000,2,0,0,0,2,574.0,2
203812___643762,cloudbeds,2026-11-14T00:00:00.000000,2,0,0,0,2,574.0,2
203812___643762,cloudbeds,2026-11-15T00:00:00.000000,2,0,0,0,2,515.0,2
203812___643762,cloudbeds,2026-11-16T00:00:00.000000,2,0,0,0,2,389.0,2
203812___643762,cloudbeds,2026-11-17T00:00:00.000000,2,0,0,0,2,389.0,2
203812___643762,cloudbeds,2026-11-18T00:00:00.000000,2,0,0,0,2,389.0,2
203812___643762,cloudbeds,2026-11-19T00:00:00.000000,2,0,0,0,2,515.0,2
203812___643762,cloudbeds,2026-11-20T00:00:00.000000,2,0,0,0,2,574.0,2
203812___643762,cloudbeds,2026-11-21T00:00:00.000000,2,0,0,0,2,574.0,2
203812___643762,cloudbeds,2026-11-22T00:00:00.000000,2,0,0,0,2,515.0,2
203812___643762,cloudbeds,2026-11-23T00:00:00.000000,2,0,0,0,2,389.0,2
203812___643762,cloudbeds,2026-11-24T00:00:00.000000,2,0,0,0,2,389.0,2
203812___643762,cloudbeds,2026-11-25T00:00:00.000000,2,0,0,0,2,389.0,2
203812___643762,cloudbeds,2026-11-26T00:00:00.000000,2,0,0,0,2,723.0,2
203812___643762,cloudbeds,2026-11-27T00:00:00.000000,2,0,0,0,2,574.0,2
203812___643762,cloudbeds,2026-11-28T00:00:00.000000,2,0,0,0,2,574.0,2
203812___643762,cloudbeds,2026-11-29T00:00:00.000000,2,0,0,0,2,515.0,2
203812___643762,cloudbeds,2026-11-30T00:00:00.000000,2,0,0,0,2,389.0,2
203812___643762,cloudbeds,2026-12-01T00:00:00.000000,2,0,0,0,2,384.0,2
203812___643762,cloudbeds,2026-12-02T00:00:00.000000,2,0,0,0,2,384.0,2
203812___643762,cloudbeds,2026-12-03T00:00:00.000000,2,0,0,0,2,475.0,2
203812___643762,cloudbeds,2026-12-04T00:00:00.000000,2,0,0,0,2,589.0,2
203812___643762,cloudbeds,2026-12-05T00:00:00.000000,2,0,0,0,2,589.0,2
203812___643762,cloudbeds,2026-12-06T00:00:00.000000,2,0,0,0,2,475.0,2
203812___643762,cloudbeds,2026-12-07T00:00:00.000000,2,0,0,0,2,384.0,2
203812___643762,cloudbeds,2026-12-08T00:00:00.000000,2,0,0,0,2,384.0,2
203812___643762,cloudbeds,2026-12-09T00:00:00.000000,2,0,0,0,2,384.0,2
203812___643762,cloudbeds,2026-12-10T00:00:00.000000,2,0,0,0,2,475.0,2
203812___643762,cloudbeds,2026-12-11T00:00:00.000000,2,0,0,0,2,589.0,2
203812___643762,cloudbeds,2026-12-12T00:00:00.000000,2,0,0,0,2,589.0,2
203812___643762,cloudbeds,2026-12-13T00:00:00.000000,2,0,0,0,2,475.0,2
203812___643762,cloudbeds,2026-12-14T00:00:00.000000,2,0,0,0,2,384.0,2
203812___643762,cloudbeds,2026-12-15T00:00:00.000000,2,0,0,0,2,384.0,2
203812___643762,cloudbeds,2026-12-16T00:00:00.000000,2,0,0,0,2,384.0,2
203812___643762,cloudbeds,2026-12-17T00:00:00.000000,2,0,0,0,2,475.0,2
203812___643762,cloudbeds,2026-12-18T00:00:00.000000,2,0,0,0,2,675.0,2
203812___643762,cloudbeds,2026-12-19T00:00:00.000000,2,0,0,0,2,675.0,2
203812___643762,cloudbeds,2026-12-20T00:00:00.000000,2,0,0,0,2,549.0,2
203812___643762,cloudbeds,2026-12-21T00:00:00.000000,2,0,0,0,2,443.0,2
203812___643762,cloudbeds,2026-12-22T00:00:00.000000,2,0,0,0,2,443.0,2
203812___643762,cloudbeds,2026-12-23T00:00:00.000000,2,0,0,0,2,443.0,2
203812___643762,cloudbeds,2026-12-24T00:00:00.000000,2,0,0,0,2,716.0,2
203812___643762,cloudbeds,2026-12-25T00:00:00.000000,2,0,0,0,2,1178.0,2
203812___643762,cloudbeds,2026-12-26T00:00:00.000000,2,0,0,0,2,1178.0,2
203812___643762,cloudbeds,2026-12-27T00:00:00.000000,2,0,0,0,2,475.0,2
203812___643762,cloudbeds,2026-12-28T00:00:00.000000,2,0,0,0,2,384.0,2
203812___643762,cloudbeds,2026-12-29T00:00:00.000000,2,0,0,0,2,384.0,2
203812___643762,cloudbeds,2026-12-30T00:00:00.000000,2,0,0,0,2,1544.0,2
203812___643762,cloudbeds,2026-12-31T00:00:00.000000,2,0,0,0,2,1544.0,2
203812___643762,cloudbeds,2027-01-01T00:00:00.000000,2,0,0,0,2,536.0,2
203812___643762,cloudbeds,2027-01-02T00:00:00.000000,2,0,0,0,2,536.0,2
203812___643762,cloudbeds,2027-01-03T00:00:00.000000,2,0,0,0,2,427.0,2
203812___655827,cloudbeds,2026-02-04T00:00:00.000000,2,0,0,0,2,252.0,2
203812___655827,cloudbeds,2026-02-05T00:00:00.000000,2,0,0,0,2,263.0,2
203812___655827,cloudbeds,2026-02-06T00:00:00.000000,2,0,0,0,2,718.0,2
203812___655827,cloudbeds,2026-02-07T00:00:00.000000,2,0,0,0,2,718.0,2
203812___655827,cloudbeds,2026-02-08T00:00:00.000000,2,0,0,0,2,321.0,2
203812___655827,cloudbeds,2026-02-09T00:00:00.000000,2,0,0,0,2,252.0,2
203812___655827,cloudbeds,2026-02-10T00:00:00.000000,2,0,0,0,2,252.0,2
203812___655827,cloudbeds,2026-02-11T00:00:00.000000,2,0,0,0,2,277.0,2
203812___655827,cloudbeds,2026-02-12T00:00:00.000000,2,0,0,0,2,420.0,2
203812___655827,cloudbeds,2026-02-13T00:00:00.000000,2,0,0,0,2,1436.0,2
203812___655827,cloudbeds,2026-02-14T00:00:00.000000,2,0,0,0,2,1436.0,2
203812___655827,cloudbeds,2026-02-15T00:00:00.000000,2,0,0,0,2,347.0,2
203812___655827,cloudbeds,2026-02-16T00:00:00.000000,2,0,0,0,2,252.0,2
203812___655827,cloudbeds,2026-02-17T00:00:00.000000,2,0,0,0,2,252.0,2
203812___655827,cloudbeds,2026-02-18T00:00:00.000000,2,0,0,0,2,252.0,2
203812___655827,cloudbeds,2026-02-19T00:00:00.000000,2,0,0,0,2,420.0,2
203812___655827,cloudbeds,2026-02-20T00:00:00.000000,2,0,0,0,2,898.0,2
203812___655827,cloudbeds,2026-02-21T00:00:00.000000,2,0,0,0,2,988.0,2
203812___655827,cloudbeds,2026-02-22T00:00:00.000000,2,0,0,0,2,420.0,2
203812___655827,cloudbeds,2026-02-23T00:00:00.000000,2,0,0,0,2,274.0,2
203812___655827,cloudbeds,2026-02-24T00:00:00.000000,2,0,0,0,2,274.0,2
203812___655827,cloudbeds,2026-02-25T00:00:00.000000,2,0,0,0,2,274.0,2
203812___655827,cloudbeds,2026-02-26T00:00:00.000000,2,0,0,0,2,420.0,2
203812___655827,cloudbeds,2026-02-27T00:00:00.000000,2,0,0,0,2,898.0,2
203812___655827,cloudbeds,2026-02-28T00:00:00.000000,2,0,0,0,2,898.0,2
203812___655827,cloudbeds,2026-03-01T00:00:00.000000,2,0,0,0,2,464.0,2
203812___655827,cloudbeds,2026-03-02T00:00:00.000000,2,0,0,0,2,460.0,2
203812___655827,cloudbeds,2026-03-03T00:00:00.000000,2,0,0,0,2,460.0,2
203812___655827,cloudbeds,2026-03-04T00:00:00.000000,2,0,0,0,2,460.0,2
203812___655827,cloudbeds,2026-03-05T00:00:00.000000,2,0,0,0,2,618.0,2
203812___655827,cloudbeds,2026-03-06T00:00:00.000000,2,0,0,0,2,1203.0,2
203812___655827,cloudbeds,2026-03-07T00:00:00.000000,2,0,0,0,2,1203.0,2
203812___655827,cloudbeds,2026-03-08T00:00:00.000000,2,0,0,0,2,618.0,2
203812___655827,cloudbeds,2026-03-09T00:00:00.000000,2,0,0,0,2,506.0,2
203812___655827,cloudbeds,2026-03-10T00:00:00.000000,2,0,0,0,2,506.0,2
203812___655827,cloudbeds,2026-03-11T00:00:00.000000,2,1,0,0,2,506.0,1
203812___655827,cloudbeds,2026-03-12T00:00:00.000000,2,1,0,0,2,618.0,1
203812___655827,cloudbeds,2026-03-13T00:00:00.000000,2,0,0,0,2,1444.0,2
203812___655827,cloudbeds,2026-03-14T00:00:00.000000,2,0,0,0,2,1444.0,2
203812___655827,cloudbeds,2026-03-15T00:00:00.000000,2,0,0,0,2,741.0,2
203812___655827,cloudbeds,2026-03-16T00:00:00.000000,2,0,0,0,2,551.0,2
203812___655827,cloudbeds,2026-03-17T00:00:00.000000,2,0,0,0,2,551.0,2
203812___655827,cloudbeds,2026-03-18T00:00:00.000000,2,0,0,0,2,551.0,2
203812___655827,cloudbeds,2026-03-19T00:00:00.000000,2,0,0,0,2,741.0,2
203812___655827,cloudbeds,2026-03-20T00:00:00.000000,2,0,0,0,2,1444.0,2
203812___655827,cloudbeds,2026-03-21T00:00:00.000000,2,0,0,0,2,1444.0,2
203812___655827,cloudbeds,2026-03-22T00:00:00.000000,2,0,0,0,2,741.0,2
203812___655827,cloudbeds,2026-03-23T00:00:00.000000,2,0,0,0,2,506.0,2
203812___655827,cloudbeds,2026-03-24T00:00:00.000000,2,0,0,0,2,506.0,2
203812___655827,cloudbeds,2026-03-25T00:00:00.000000,2,0,0,0,2,506.0,2
203812___655827,cloudbeds,2026-03-26T00:00:00.000000,2,0,0,0,2,680.0,2
203812___655827,cloudbeds,2026-03-27T00:00:00.000000,2,0,0,0,2,1203.0,2
203812___655827,cloudbeds,2026-03-28T00:00:00.000000,2,0,0,0,2,1203.0,2
203812___655827,cloudbeds,2026-03-29T00:00:00.000000,2,0,0,0,2,618.0,2
203812___655827,cloudbeds,2026-03-30T00:00:00.000000,2,0,0,0,2,460.0,2
203812___655827,cloudbeds,2026-03-31T00:00:00.000000,2,0,0,0,2,460.0,2
203812___655827,cloudbeds,2026-04-01T00:00:00.000000,2,0,0,0,2,438.0,2
203812___655827,cloudbeds,2026-04-02T00:00:00.000000,2,0,0,0,2,525.0,2
203812___655827,cloudbeds,2026-04-03T00:00:00.000000,2,0,0,0,2,1229.0,2
203812___655827,cloudbeds,2026-04-04T00:00:00.000000,2,0,0,0,2,1229.0,2
203812___655827,cloudbeds,2026-04-05T00:00:00.000000,2,0,0,0,2,525.0,2
203812___655827,cloudbeds,2026-04-06T00:00:00.000000,2,0,0,0,2,438.0,2
203812___655827,cloudbeds,2026-04-07T00:00:00.000000,2,0,0,0,2,438.0,2
203812___655827,cloudbeds,2026-04-08T00:00:00.000000,2,0,0,0,2,438.0,2
203812___655827,cloudbeds,2026-04-09T00:00:00.000000,2,0,0,0,2,525.0,2
203812___655827,cloudbeds,2026-04-10T00:00:00.000000,2,0,0,0,2,1229.0,2
203812___655827,cloudbeds,2026-04-11T00:00:00.000000,2,0,0,0,2,1229.0,2
203812___655827,cloudbeds,2026-04-12T00:00:00.000000,2,0,0,0,2,525.0,2
203812___655827,cloudbeds,2026-04-13T00:00:00.000000,2,0,0,0,2,438.0,2
203812___655827,cloudbeds,2026-04-14T00:00:00.000000,2,0,0,0,2,438.0,2
203812___655827,cloudbeds,2026-04-15T00:00:00.000000,2,0,0,0,2,438.0,2
203812___655827,cloudbeds,2026-04-16T00:00:00.000000,2,0,0,0,2,525.0,2
203812___655827,cloudbeds,2026-04-17T00:00:00.000000,2,0,0,0,2,1229.0,2
203812___655827,cloudbeds,2026-04-18T00:00:00.000000,2,0,0,0,2,1229.0,2
203812___655827,cloudbeds,2026-04-19T00:00:00.000000,2,0,0,0,2,525.0,2
203812___655827,cloudbeds,2026-04-20T00:00:00.000000,2,0,0,0,2,438.0,2
203812___655827,cloudbeds,2026-04-21T00:00:00.000000,2,0,0,0,2,438.0,2
203812___655827,cloudbeds,2026-04-22T00:00:00.000000,2,0,0,0,2,438.0,2
203812___655827,cloudbeds,2026-04-23T00:00:00.000000,2,1,0,0,2,525.0,1
203812___655827,cloudbeds,2026-04-24T00:00:00.000000,2,1,0,0,2,1229.0,1
203812___655827,cloudbeds,2026-04-25T00:00:00.000000,2,1,0,0,2,1229.0,1
203812___655827,cloudbeds,2026-04-26T00:00:00.000000,2,0,0,0,2,525.0,2
203812___655827,cloudbeds,2026-04-27T00:00:00.000000,2,0,0,0,2,438.0,2
203812___655827,cloudbeds,2026-04-28T00:00:00.000000,2,0,0,0,2,438.0,2
203812___655827,cloudbeds,2026-04-29T00:00:00.000000,2,0,0,0,2,438.0,2
203812___655827,cloudbeds,2026-04-30T00:00:00.000000,2,0,0,0,2,525.0,2
203812___655827,cloudbeds,2026-05-01T00:00:00.000000,2,0,0,0,2,1166.0,2
203812___655827,cloudbeds,2026-05-02T00:00:00.000000,2,0,0,0,2,1166.0,2
203812___655827,cloudbeds,2026-05-03T00:00:00.000000,2,0,0,0,2,527.0,2
203812___655827,cloudbeds,2026-05-04T00:00:00.000000,2,0,0,0,2,448.0,2
203812___655827,cloudbeds,2026-05-05T00:00:00.000000,2,0,0,0,2,448.0,2
203812___655827,cloudbeds,2026-05-06T00:00:00.000000,2,0,0,0,2,448.0,2
203812___655827,cloudbeds,2026-05-07T00:00:00.000000,2,0,0,0,2,527.0,2
203812___655827,cloudbeds,2026-05-08T00:00:00.000000,2,1,0,0,2,1166.0,1
203812___655827,cloudbeds,2026-05-09T00:00:00.000000,2,1,0,0,2,1166.0,1
203812___655827,cloudbeds,2026-05-10T00:00:00.000000,2,0,0,0,2,527.0,2
203812___655827,cloudbeds,2026-05-11T00:00:00.000000,2,0,0,0,2,448.0,2
203812___655827,cloudbeds,2026-05-12T00:00:00.000000,2,1,0,0,2,448.0,1
203812___655827,cloudbeds,2026-05-13T00:00:00.000000,2,1,0,0,2,448.0,1
203812___655827,cloudbeds,2026-05-14T00:00:00.000000,2,1,0,0,2,527.0,1
203812___655827,cloudbeds,2026-05-15T00:00:00.000000,2,0,0,0,2,1166.0,2
203812___655827,cloudbeds,2026-05-16T00:00:00.000000,2,0,0,0,2,1166.0,2
203812___655827,cloudbeds,2026-05-17T00:00:00.000000,2,0,0,0,2,527.0,2
203812___655827,cloudbeds,2026-05-18T00:00:00.000000,2,0,0,0,2,448.0,2
203812___655827,cloudbeds,2026-05-19T00:00:00.000000,2,0,0,0,2,448.0,2
203812___655827,cloudbeds,2026-05-20T00:00:00.000000,2,0,0,0,2,448.0,2
203812___655827,cloudbeds,2026-05-21T00:00:00.000000,2,0,0,0,2,527.0,2
203812___655827,cloudbeds,2026-05-22T00:00:00.000000,2,0,0,0,2,1459.0,2
203812___655827,cloudbeds,2026-05-23T00:00:00.000000,2,0,0,0,2,1459.0,2
203812___655827,cloudbeds,2026-05-24T00:00:00.000000,2,0,0,0,2,660.0,2
203812___655827,cloudbeds,2026-05-25T00:00:00.000000,2,0,0,0,2,561.0,2
203812___655827,cloudbeds,2026-05-26T00:00:00.000000,2,0,0,0,2,448.0,2
203812___655827,cloudbeds,2026-05-27T00:00:00.000000,2,0,0,0,2,448.0,2
203812___655827,cloudbeds,2026-05-28T00:00:00.000000,2,0,0,0,2,527.0,2
203812___655827,cloudbeds,2026-05-29T00:00:00.000000,2,0,0,0,2,1166.0,2
203812___655827,cloudbeds,2026-05-30T00:00:00.000000,2,0,0,0,2,1166.0,2
203812___655827,cloudbeds,2026-05-31T00:00:00.000000,2,0,0,0,2,527.0,2
203812___655827,cloudbeds,2026-06-01T00:00:00.000000,2,0,0,0,2,421.0,2
203812___655827,cloudbeds,2026-06-02T00:00:00.000000,2,0,0,0,2,421.0,2
203812___655827,cloudbeds,2026-06-03T00:00:00.000000,2,0,0,0,2,421.0,2
203812___655827,cloudbeds,2026-06-04T00:00:00.000000,2,0,0,0,2,627.0,2
203812___655827,cloudbeds,2026-06-05T00:00:00.000000,2,0,0,0,2,988.0,2
203812___655827,cloudbeds,2026-06-06T00:00:00.000000,2,0,0,0,2,988.0,2
203812___655827,cloudbeds,2026-06-07T00:00:00.000000,2,0,0,0,2,627.0,2
203812___655827,cloudbeds,2026-06-08T00:00:00.000000,2,0,0,0,2,421.0,2
203812___655827,cloudbeds,2026-06-09T00:00:00.000000,2,0,0,0,2,421.0,2
203812___655827,cloudbeds,2026-06-10T00:00:00.000000,2,0,0,0,2,421.0,2
203812___655827,cloudbeds,2026-06-11T00:00:00.000000,2,0,0,0,2,627.0,2
203812___655827,cloudbeds,2026-06-12T00:00:00.000000,2,0,0,0,2,988.0,2
203812___655827,cloudbeds,2026-06-13T00:00:00.000000,2,0,0,0,2,988.0,2
203812___655827,cloudbeds,2026-06-14T00:00:00.000000,2,0,0,0,2,627.0,2
203812___655827,cloudbeds,2026-06-15T00:00:00.000000,2,0,0,0,2,421.0,2
203812___655827,cloudbeds,2026-06-16T00:00:00.000000,2,0,0,0,2,421.0,2
203812___655827,cloudbeds,2026-06-17T00:00:00.000000,2,0,0,0,2,421.0,2
203812___655827,cloudbeds,2026-06-18T00:00:00.000000,2,0,0,0,2,627.0,2
203812___655827,cloudbeds,2026-06-19T00:00:00.000000,2,0,0,0,2,988.0,2
203812___655827,cloudbeds,2026-06-20T00:00:00.000000,2,0,0,0,2,988.0,2
203812___655827,cloudbeds,2026-06-21T00:00:00.000000,2,0,0,0,2,627.0,2
203812___655827,cloudbeds,2026-06-22T00:00:00.000000,2,0,0,0,2,421.0,2
203812___655827,cloudbeds,2026-06-23T00:00:00.000000,2,0,0,0,2,421.0,2
203812___655827,cloudbeds,2026-06-24T00:00:00.000000,2,0,0,0,2,421.0,2
203812___655827,cloudbeds,2026-06-25T00:00:00.000000,2,0,0,0,2,627.0,2
203812___655827,cloudbeds,2026-06-26T00:00:00.000000,2,0,0,0,2,988.0,2
203812___655827,cloudbeds,2026-06-27T00:00:00.000000,2,0,0,0,2,988.0,2
203812___655827,cloudbeds,2026-06-28T00:00:00.000000,2,0,0,0,2,627.0,2
203812___655827,cloudbeds,2026-06-29T00:00:00.000000,2,0,0,0,2,421.0,2
203812___655827,cloudbeds,2026-06-30T00:00:00.000000,2,0,0,0,2,421.0,2
203812___655827,cloudbeds,2026-07-01T00:00:00.000000,2,0,0,0,2,408.0,2
203812___655827,cloudbeds,2026-07-02T00:00:00.000000,2,0,0,0,2,697.0,2
203812___655827,cloudbeds,2026-07-03T00:00:00.000000,2,0,0,0,2,1284.0,2
203812___655827,cloudbeds,2026-07-04T00:00:00.000000,2,0,0,0,2,1284.0,2
203812___655827,cloudbeds,2026-07-05T00:00:00.000000,2,0,0,0,2,697.0,2
203812___655827,cloudbeds,2026-07-06T00:00:00.000000,2,0,0,0,2,408.0,2
203812___655827,cloudbeds,2026-07-07T00:00:00.000000,2,0,0,0,2,408.0,2
203812___655827,cloudbeds,2026-07-08T00:00:00.000000,2,0,0,0,2,408.0,2
203812___655827,cloudbeds,2026-07-09T00:00:00.000000,2,0,0,0,2,534.0,2
203812___655827,cloudbeds,2026-07-10T00:00:00.000000,2,0,0,0,2,988.0,2
203812___655827,cloudbeds,2026-07-11T00:00:00.000000,2,0,0,0,2,988.0,2
203812___655827,cloudbeds,2026-07-12T00:00:00.000000,2,0,0,0,2,534.0,2
203812___655827,cloudbeds,2026-07-13T00:00:00.000000,2,0,0,0,2,408.0,2
203812___655827,cloudbeds,2026-07-14T00:00:00.000000,2,0,0,0,2,408.0,2
203812___655827,cloudbeds,2026-07-15T00:00:00.000000,2,0,0,0,2,408.0,2
203812___655827,cloudbeds,2026-07-16T00:00:00.000000,2,0,0,0,2,534.0,2
203812___655827,cloudbeds,2026-07-17T00:00:00.000000,2,0,0,0,2,988.0,2
203812___655827,cloudbeds,2026-07-18T00:00:00.000000,2,0,0,0,2,988.0,2
203812___655827,cloudbeds,2026-07-19T00:00:00.000000,2,0,0,0,2,534.0,2
203812___655827,cloudbeds,2026-07-20T00:00:00.000000,2,0,0,0,2,408.0,2
203812___655827,cloudbeds,2026-07-21T00:00:00.000000,2,0,0,0,2,408.0,2
203812___655827,cloudbeds,2026-07-22T00:00:00.000000,2,0,0,0,2,408.0,2
203812___655827,cloudbeds,2026-07-23T00:00:00.000000,2,0,0,0,2,534.0,2
203812___655827,cloudbeds,2026-07-24T00:00:00.000000,2,0,0,0,2,988.0,2
203812___655827,cloudbeds,2026-07-25T00:00:00.000000,2,0,0,0,2,988.0,2
203812___655827,cloudbeds,2026-07-26T00:00:00.000000,2,0,0,0,2,534.0,2
203812___655827,cloudbeds,2026-07-27T00:00:00.000000,2,0,0,0,2,408.0,2
203812___655827,cloudbeds,2026-07-28T00:00:00.000000,2,0,0,0,2,408.0,2
203812___655827,cloudbeds,2026-07-29T00:00:00.000000,2,0,0,0,2,408.0,2
203812___655827,cloudbeds,2026-07-30T00:00:00.000000,2,0,0,0,2,534.0,2
203812___655827,cloudbeds,2026-07-31T00:00:00.000000,2,0,0,0,2,988.0,2
203812___655827,cloudbeds,2026-08-01T00:00:00.000000,2,0,0,0,2,855.0,2
203812___655827,cloudbeds,2026-08-02T00:00:00.000000,2,0,0,0,2,476.0,2
203812___655827,cloudbeds,2026-08-03T00:00:00.000000,2,0,0,0,2,408.0,2
203812___655827,cloudbeds,2026-08-04T00:00:00.000000,2,0,0,0,2,408.0,2
203812___655827,cloudbeds,2026-08-05T00:00:00.000000,2,0,0,0,2,408.0,2
203812___655827,cloudbeds,2026-08-06T00:00:00.000000,2,0,0,0,2,476.0,2
203812___655827,cloudbeds,2026-08-07T00:00:00.000000,2,0,0,0,2,855.0,2
203812___655827,cloudbeds,2026-08-08T00:00:00.000000,2,0,0,0,2,855.0,2
203812___655827,cloudbeds,2026-08-09T00:00:00.000000,2,0,0,0,2,476.0,2
203812___655827,cloudbeds,2026-08-10T00:00:00.000000,2,0,0,0,2,408.0,2
203812___655827,cloudbeds,2026-08-11T00:00:00.000000,2,0,0,0,2,408.0,2
203812___655827,cloudbeds,2026-08-12T00:00:00.000000,2,0,0,0,2,408.0,2
203812___655827,cloudbeds,2026-08-13T00:00:00.000000,2,0,0,0,2,476.0,2
203812___655827,cloudbeds,2026-08-14T00:00:00.000000,2,0,0,0,2,855.0,2
203812___655827,cloudbeds,2026-08-15T00:00:00.000000,2,0,0,0,2,855.0,2
203812___655827,cloudbeds,2026-08-16T00:00:00.000000,2,0,0,0,2,476.0,2
203812___655827,cloudbeds,2026-08-17T00:00:00.000000,2,0,0,0,2,430.0,2
203812___655827,cloudbeds,2026-08-18T00:00:00.000000,2,0,0,0,2,430.0,2
203812___655827,cloudbeds,2026-08-19T00:00:00.000000,2,0,0,0,2,430.0,2
203812___655827,cloudbeds,2026-08-20T00:00:00.000000,2,0,0,0,2,502.0,2
203812___655827,cloudbeds,2026-08-21T00:00:00.000000,2,0,0,0,2,900.0,2
203812___655827,cloudbeds,2026-08-22T00:00:00.000000,2,0,0,0,2,900.0,2
203812___655827,cloudbeds,2026-08-23T00:00:00.000000,2,0,0,0,2,502.0,2
203812___655827,cloudbeds,2026-08-24T00:00:00.000000,2,0,0,0,2,430.0,2
203812___655827,cloudbeds,2026-08-25T00:00:00.000000,2,0,0,0,2,430.0,2
203812___655827,cloudbeds,2026-08-26T00:00:00.000000,2,0,0,0,2,430.0,2
203812___655827,cloudbeds,2026-08-27T00:00:00.000000,2,0,0,0,2,502.0,2
203812___655827,cloudbeds,2026-08-28T00:00:00.000000,2,0,0,0,2,900.0,2
203812___655827,cloudbeds,2026-08-29T00:00:00.000000,2,0,0,0,2,900.0,2
203812___655827,cloudbeds,2026-08-30T00:00:00.000000,2,0,0,0,2,502.0,2
203812___655827,cloudbeds,2026-08-31T00:00:00.000000,2,0,0,0,2,430.0,2
203812___655827,cloudbeds,2026-09-01T00:00:00.000000,2,0,0,0,2,514.0,2
203812___655827,cloudbeds,2026-09-02T00:00:00.000000,2,0,0,0,2,514.0,2
203812___655827,cloudbeds,2026-09-03T00:00:00.000000,2,0,0,0,2,675.0,2
203812___655827,cloudbeds,2026-09-04T00:00:00.000000,2,0,0,0,2,1343.0,2
203812___655827,cloudbeds,2026-09-05T00:00:00.000000,2,0,0,0,2,1343.0,2
203812___655827,cloudbeds,2026-09-06T00:00:00.000000,2,0,0,0,2,811.0,2
203812___655827,cloudbeds,2026-09-07T00:00:00.000000,2,0,0,0,2,616.0,2
203812___655827,cloudbeds,2026-09-08T00:00:00.000000,2,0,0,0,2,514.0,2
203812___655827,cloudbeds,2026-09-09T00:00:00.000000,2,0,0,0,2,514.0,2
203812___655827,cloudbeds,2026-09-10T00:00:00.000000,2,0,0,0,2,675.0,2
203812___655827,cloudbeds,2026-09-11T00:00:00.000000,2,0,0,0,2,1119.0,2
203812___655827,cloudbeds,2026-09-12T00:00:00.000000,2,0,0,0,2,1119.0,2
203812___655827,cloudbeds,2026-09-13T00:00:00.000000,2,0,0,0,2,675.0,2
203812___655827,cloudbeds,2026-09-14T00:00:00.000000,2,0,0,0,2,514.0,2
203812___655827,cloudbeds,2026-09-15T00:00:00.000000,2,0,0,0,2,514.0,2
203812___655827,cloudbeds,2026-09-16T00:00:00.000000,2,0,0,0,2,514.0,2
203812___655827,cloudbeds,2026-09-17T00:00:00.000000,2,0,0,0,2,675.0,2
203812___655827,cloudbeds,2026-09-18T00:00:00.000000,2,0,0,0,2,1119.0,2
203812___655827,cloudbeds,2026-09-19T00:00:00.000000,2,0,0,0,2,1119.0,2
203812___655827,cloudbeds,2026-09-20T00:00:00.000000,2,0,0,0,2,675.0,2
203812___655827,cloudbeds,2026-09-21T00:00:00.000000,2,0,0,0,2,514.0,2
203812___655827,cloudbeds,2026-09-22T00:00:00.000000,2,0,0,0,2,514.0,2
203812___655827,cloudbeds,2026-09-23T00:00:00.000000,2,0,0,0,2,514.0,2
203812___655827,cloudbeds,2026-09-24T00:00:00.000000,2,0,0,0,2,675.0,2
203812___655827,cloudbeds,2026-09-25T00:00:00.000000,2,0,0,0,2,1119.0,2
203812___655827,cloudbeds,2026-09-26T00:00:00.000000,2,0,0,0,2,1119.0,2
203812___655827,cloudbeds,2026-09-27T00:00:00.000000,2,0,0,0,2,675.0,2
203812___655827,cloudbeds,2026-09-28T00:00:00.000000,2,0,0,0,2,514.0,2
203812___655827,cloudbeds,2026-09-29T00:00:00.000000,2,0,0,0,2,514.0,2
203812___655827,cloudbeds,2026-09-30T00:00:00.000000,2,0,0,0,2,514.0,2
203812___655827,cloudbeds,2026-10-01T00:00:00.000000,2,0,0,0,2,779.0,2
203812___655827,cloudbeds,2026-10-02T00:00:00.000000,2,0,0,0,2,1285.0,2
203812___655827,cloudbeds,2026-10-03T00:00:00.000000,2,0,0,0,2,1285.0,2
203812___655827,cloudbeds,2026-10-04T00:00:00.000000,2,0,0,0,2,779.0,2
203812___655827,cloudbeds,2026-10-05T00:00:00.000000,2,0,0,0,2,584.0,2
203812___655827,cloudbeds,2026-10-06T00:00:00.000000,2,0,0,0,2,584.0,2
203812___655827,cloudbeds,2026-10-07T00:00:00.000000,2,0,0,0,2,584.0,2
203812___655827,cloudbeds,2026-10-08T00:00:00.000000,2,0,0,0,2,779.0,2
203812___655827,cloudbeds,2026-10-09T00:00:00.000000,2,0,0,0,2,1413.0,2
203812___655827,cloudbeds,2026-10-10T00:00:00.000000,2,0,0,0,2,1413.0,2
203812___655827,cloudbeds,2026-10-11T00:00:00.000000,2,0,0,0,2,858.0,2
203812___655827,cloudbeds,2026-10-12T00:00:00.000000,2,0,0,0,2,641.0,2
203812___655827,cloudbeds,2026-10-13T00:00:00.000000,2,0,0,0,2,584.0,2
203812___655827,cloudbeds,2026-10-14T00:00:00.000000,2,0,0,0,2,584.0,2
203812___655827,cloudbeds,2026-10-15T00:00:00.000000,2,0,0,0,2,779.0,2
203812___655827,cloudbeds,2026-10-16T00:00:00.000000,2,0,0,0,2,1285.0,2
203812___655827,cloudbeds,2026-10-17T00:00:00.000000,2,0,0,0,2,1285.0,2
203812___655827,cloudbeds,2026-10-18T00:00:00.000000,2,0,0,0,2,779.0,2
203812___655827,cloudbeds,2026-10-19T00:00:00.000000,2,0,0,0,2,584.0,2
203812___655827,cloudbeds,2026-10-20T00:00:00.000000,2,0,0,0,2,584.0,2
203812___655827,cloudbeds,2026-10-21T00:00:00.000000,2,0,0,0,2,584.0,2
203812___655827,cloudbeds,2026-10-22T00:00:00.000000,2,0,0,0,2,779.0,2
203812___655827,cloudbeds,2026-10-23T00:00:00.000000,2,0,0,0,2,1285.0,2
203812___655827,cloudbeds,2026-10-24T00:00:00.000000,2,0,0,0,2,1285.0,2
203812___655827,cloudbeds,2026-10-25T00:00:00.000000,2,0,0,0,2,779.0,2
203812___655827,cloudbeds,2026-10-26T00:00:00.000000,2,0,0,0,2,584.0,2
203812___655827,cloudbeds,2026-10-27T00:00:00.000000,2,0,0,0,2,584.0,2
203812___655827,cloudbeds,2026-10-28T00:00:00.000000,2,0,0,0,2,584.0,2
203812___655827,cloudbeds,2026-10-29T00:00:00.000000,2,0,0,0,2,779.0,2
203812___655827,cloudbeds,2026-10-30T00:00:00.000000,2,0,0,0,2,1285.0,2
203812___655827,cloudbeds,2026-10-31T00:00:00.000000,2,0,0,0,2,1285.0,2
203812___655827,cloudbeds,2026-11-01T00:00:00.000000,2,0,0,0,2,735.0,2
203812___655827,cloudbeds,2026-11-02T00:00:00.000000,2,0,0,0,2,541.0,2
203812___655827,cloudbeds,2026-11-03T00:00:00.000000,2,0,0,0,2,541.0,2
203812___655827,cloudbeds,2026-11-04T00:00:00.000000,2,0,0,0,2,541.0,2
203812___655827,cloudbeds,2026-11-05T00:00:00.000000,2,0,0,0,2,735.0,2
203812___655827,cloudbeds,2026-11-06T00:00:00.000000,2,0,0,0,2,1197.0,2
203812___655827,cloudbeds,2026-11-07T00:00:00.000000,2,0,0,0,2,1197.0,2
203812___655827,cloudbeds,2026-11-08T00:00:00.000000,2,0,0,0,2,735.0,2
203812___655827,cloudbeds,2026-11-09T00:00:00.000000,2,0,0,0,2,541.0,2
203812___655827,cloudbeds,2026-11-10T00:00:00.000000,2,0,0,0,2,541.0,2
203812___655827,cloudbeds,2026-11-11T00:00:00.000000,2,0,0,0,2,541.0,2
203812___655827,cloudbeds,2026-11-12T00:00:00.000000,2,0,0,0,2,735.0,2
203812___655827,cloudbeds,2026-11-13T00:00:00.000000,2,0,0,0,2,1197.0,2
203812___655827,cloudbeds,2026-11-14T00:00:00.000000,2,0,0,0,2,1197.0,2
203812___655827,cloudbeds,2026-11-15T00:00:00.000000,2,0,0,0,2,735.0,2
203812___655827,cloudbeds,2026-11-16T00:00:00.000000,2,0,0,0,2,541.0,2
203812___655827,cloudbeds,2026-11-17T00:00:00.000000,2,0,0,0,2,541.0,2
203812___655827,cloudbeds,2026-11-18T00:00:00.000000,2,0,0,0,2,541.0,2
203812___655827,cloudbeds,2026-11-19T00:00:00.000000,2,0,0,0,2,735.0,2
203812___655827,cloudbeds,2026-11-20T00:00:00.000000,2,0,0,0,2,1197.0,2
203812___655827,cloudbeds,2026-11-21T00:00:00.000000,2,0,0,0,2,1197.0,2
203812___655827,cloudbeds,2026-11-22T00:00:00.000000,2,0,0,0,2,735.0,2
203812___655827,cloudbeds,2026-11-23T00:00:00.000000,2,0,0,0,2,541.0,2
203812___655827,cloudbeds,2026-11-24T00:00:00.000000,2,0,0,0,2,541.0,2
203812___655827,cloudbeds,2026-11-25T00:00:00.000000,2,0,0,0,2,541.0,2
203812___655827,cloudbeds,2026-11-26T00:00:00.000000,2,0,0,0,2,1028.0,2
203812___655827,cloudbeds,2026-11-27T00:00:00.000000,2,0,0,0,2,1197.0,2
203812___655827,cloudbeds,2026-11-28T00:00:00.000000,2,0,0,0,2,1197.0,2
203812___655827,cloudbeds,2026-11-29T00:00:00.000000,2,0,0,0,2,735.0,2
203812___655827,cloudbeds,2026-11-30T00:00:00.000000,2,0,0,0,2,541.0,2
203812___655827,cloudbeds,2026-12-01T00:00:00.000000,2,0,0,0,2,565.0,2
203812___655827,cloudbeds,2026-12-02T00:00:00.000000,2,0,0,0,2,565.0,2
203812___655827,cloudbeds,2026-12-03T00:00:00.000000,2,0,0,0,2,711.0,2
203812___655827,cloudbeds,2026-12-04T00:00:00.000000,2,0,0,0,2,1130.0,2
203812___655827,cloudbeds,2026-12-05T00:00:00.000000,2,0,0,0,2,1130.0,2
203812___655827,cloudbeds,2026-12-06T00:00:00.000000,2,0,0,0,2,711.0,2
203812___655827,cloudbeds,2026-12-07T00:00:00.000000,2,0,0,0,2,565.0,2
203812___655827,cloudbeds,2026-12-08T00:00:00.000000,2,0,0,0,2,565.0,2
203812___655827,cloudbeds,2026-12-09T00:00:00.000000,2,0,0,0,2,565.0,2
203812___655827,cloudbeds,2026-12-10T00:00:00.000000,2,0,0,0,2,711.0,2
203812___655827,cloudbeds,2026-12-11T00:00:00.000000,2,0,0,0,2,1130.0,2
203812___655827,cloudbeds,2026-12-12T00:00:00.000000,2,0,0,0,2,1130.0,2
203812___655827,cloudbeds,2026-12-13T00:00:00.000000,2,0,0,0,2,711.0,2
203812___655827,cloudbeds,2026-12-14T00:00:00.000000,2,0,0,0,2,565.0,2
203812___655827,cloudbeds,2026-12-15T00:00:00.000000,2,0,0,0,2,565.0,2
203812___655827,cloudbeds,2026-12-16T00:00:00.000000,2,0,0,0,2,565.0,2
203812___655827,cloudbeds,2026-12-17T00:00:00.000000,2,0,0,0,2,711.0,2
203812___655827,cloudbeds,2026-12-18T00:00:00.000000,2,0,0,0,2,1299.0,2
203812___655827,cloudbeds,2026-12-19T00:00:00.000000,2,0,0,0,2,1299.0,2
203812___655827,cloudbeds,2026-12-20T00:00:00.000000,2,0,0,0,2,818.0,2
203812___655827,cloudbeds,2026-12-21T00:00:00.000000,2,0,0,0,2,649.0,2
203812___655827,cloudbeds,2026-12-22T00:00:00.000000,2,0,0,0,2,649.0,2
203812___655827,cloudbeds,2026-12-23T00:00:00.000000,2,0,0,0,2,649.0,2
203812___655827,cloudbeds,2026-12-24T00:00:00.000000,2,0,0,0,2,1068.0,2
203812___655827,cloudbeds,2026-12-25T00:00:00.000000,2,0,0,0,2,2260.0,2
203812___655827,cloudbeds,2026-12-26T00:00:00.000000,2,0,0,0,2,2260.0,2
203812___655827,cloudbeds,2026-12-27T00:00:00.000000,2,0,0,0,2,711.0,2
203812___655827,cloudbeds,2026-12-28T00:00:00.000000,2,0,0,0,2,565.0,2
203812___655827,cloudbeds,2026-12-29T00:00:00.000000,2,0,0,0,2,565.0,2
203812___655827,cloudbeds,2026-12-30T00:00:00.000000,2,0,0,0,2,2261.0,2
203812___655827,cloudbeds,2026-12-31T00:00:00.000000,2,0,0,0,2,2261.0,2
203812___655827,cloudbeds,2027-01-01T00:00:00.000000,2,0,0,0,2,1046.0,2
203812___655827,cloudbeds,2027-01-02T00:00:00.000000,2,0,0,0,2,1046.0,2
203812___655827,cloudbeds,2027-01-03T00:00:00.000000,2,0,0,0,2,559.0,2
203812___643771,cloudbeds,2026-02-04T00:00:00.000000,3,0,0,0,3,252.0,3
203812___643771,cloudbeds,2026-02-05T00:00:00.000000,3,1,0,0,3,263.0,2
203812___643771,cloudbeds,2026-02-06T00:00:00.000000,3,3,0,0,3,651.0,0
203812___643771,cloudbeds,2026-02-07T00:00:00.000000,3,1,0,0,3,579.0,2
203812___643771,cloudbeds,2026-02-08T00:00:00.000000,3,0,0,0,3,291.0,3
203812___643771,cloudbeds,2026-02-09T00:00:00.000000,3,0,0,0,3,252.0,3
203812___643771,cloudbeds,2026-02-10T00:00:00.000000,3,1,0,0,3,252.0,2
203812___643771,cloudbeds,2026-02-11T00:00:00.000000,3,3,0,0,3,277.0,0
203812___643771,cloudbeds,2026-02-12T00:00:00.000000,3,2,0,0,3,380.0,1
203812___643771,cloudbeds,2026-02-13T00:00:00.000000,3,1,0,0,3,1304.0,2
203812___643771,cloudbeds,2026-02-14T00:00:00.000000,3,2,0,0,3,1500.0,1
203812___643771,cloudbeds,2026-02-15T00:00:00.000000,3,3,0,0,3,438.0,0
203812___643771,cloudbeds,2026-02-16T00:00:00.000000,3,3,0,0,3,358.0,0
203812___643771,cloudbeds,2026-02-17T00:00:00.000000,3,2,0,0,3,252.0,1
203812___643771,cloudbeds,2026-02-18T00:00:00.000000,3,0,0,0,3,252.0,3
203812___643771,cloudbeds,2026-02-19T00:00:00.000000,3,2,0,0,3,272.0,1
203812___643771,cloudbeds,2026-02-20T00:00:00.000000,3,3,0,0,3,857.0,0
203812___643771,cloudbeds,2026-02-21T00:00:00.000000,3,3,0,0,3,857.0,0
203812___643771,cloudbeds,2026-02-22T00:00:00.000000,3,1,0,0,3,314.0,2
203812___643771,cloudbeds,2026-02-23T00:00:00.000000,3,1,0,0,3,262.0,2
203812___643771,cloudbeds,2026-02-24T00:00:00.000000,3,0,0,0,3,262.0,3
203812___643771,cloudbeds,2026-02-25T00:00:00.000000,3,0,0,0,3,262.0,3
203812___643771,cloudbeds,2026-02-26T00:00:00.000000,3,0,0,0,3,400.0,3
203812___643771,cloudbeds,2026-02-27T00:00:00.000000,3,1,0,0,3,857.0,2
203812___643771,cloudbeds,2026-02-28T00:00:00.000000,3,1,0,0,3,857.0,2
203812___643771,cloudbeds,2026-03-01T00:00:00.000000,3,0,0,0,3,444.0,3
203812___643771,cloudbeds,2026-03-02T00:00:00.000000,3,0,0,0,3,440.0,3
203812___643771,cloudbeds,2026-03-03T00:00:00.000000,3,0,0,0,3,440.0,3
203812___643771,cloudbeds,2026-03-04T00:00:00.000000,3,0,0,0,3,440.0,3
203812___643771,cloudbeds,2026-03-05T00:00:00.000000,3,0,0,0,3,592.0,3
203812___643771,cloudbeds,2026-03-06T00:00:00.000000,3,0,0,0,3,1153.0,3
203812___643771,cloudbeds,2026-03-07T00:00:00.000000,3,0,0,0,3,1153.0,3
203812___643771,cloudbeds,2026-03-08T00:00:00.000000,3,0,0,0,3,592.0,3
203812___643771,cloudbeds,2026-03-09T00:00:00.000000,3,0,0,0,3,484.0,3
203812___643771,cloudbeds,2026-03-10T00:00:00.000000,3,0,0,0,3,484.0,3
203812___643771,cloudbeds,2026-03-11T00:00:00.000000,3,0,0,0,3,484.0,3
203812___643771,cloudbeds,2026-03-12T00:00:00.000000,3,0,0,0,3,592.0,3
203812___643771,cloudbeds,2026-03-13T00:00:00.000000,3,0,0,0,3,1383.0,3
203812___643771,cloudbeds,2026-03-14T00:00:00.000000,3,0,0,0,3,1383.0,3
203812___643771,cloudbeds,2026-03-15T00:00:00.000000,3,0,0,0,3,711.0,3
203812___643771,cloudbeds,2026-03-16T00:00:00.000000,3,0,0,0,3,529.0,3
203812___643771,cloudbeds,2026-03-17T00:00:00.000000,3,0,0,0,3,529.0,3
203812___643771,cloudbeds,2026-03-18T00:00:00.000000,3,0,0,0,3,529.0,3
203812___643771,cloudbeds,2026-03-19T00:00:00.000000,3,0,0,0,3,711.0,3
203812___643771,cloudbeds,2026-03-20T00:00:00.000000,3,0,0,0,3,1383.0,3
203812___643771,cloudbeds,2026-03-21T00:00:00.000000,3,0,0,0,3,1383.0,3
203812___643771,cloudbeds,2026-03-22T00:00:00.000000,3,0,0,0,3,711.0,3
203812___643771,cloudbeds,2026-03-23T00:00:00.000000,3,0,0,0,3,484.0,3
203812___643771,cloudbeds,2026-03-24T00:00:00.000000,3,0,0,0,3,484.0,3
203812___643771,cloudbeds,2026-03-25T00:00:00.000000,3,0,0,0,3,484.0,3
203812___643771,cloudbeds,2026-03-26T00:00:00.000000,3,0,0,0,3,651.0,3
203812___643771,cloudbeds,2026-03-27T00:00:00.000000,3,1,0,0,3,1153.0,2
203812___643771,cloudbeds,2026-03-28T00:00:00.000000,3,1,0,0,3,1153.0,2
203812___643771,cloudbeds,2026-03-29T00:00:00.000000,3,0,0,0,3,592.0,3
203812___643771,cloudbeds,2026-03-30T00:00:00.000000,3,0,0,0,3,440.0,3
203812___643771,cloudbeds,2026-03-31T00:00:00.000000,3,0,0,0,3,440.0,3
203812___643771,cloudbeds,2026-04-01T00:00:00.000000,3,0,0,0,3,419.0,3
203812___643771,cloudbeds,2026-04-02T00:00:00.000000,3,0,0,0,3,505.0,3
203812___643771,cloudbeds,2026-04-03T00:00:00.000000,3,0,0,0,3,1178.0,3
203812___643771,cloudbeds,2026-04-04T00:00:00.000000,3,0,0,0,3,1178.0,3
203812___643771,cloudbeds,2026-04-05T00:00:00.000000,3,0,0,0,3,505.0,3
203812___643771,cloudbeds,2026-04-06T00:00:00.000000,3,0,0,0,3,419.0,3
203812___643771,cloudbeds,2026-04-07T00:00:00.000000,3,0,0,0,3,419.0,3
203812___643771,cloudbeds,2026-04-08T00:00:00.000000,3,0,0,0,3,419.0,3
203812___643771,cloudbeds,2026-04-09T00:00:00.000000,3,0,0,0,3,505.0,3
203812___643771,cloudbeds,2026-04-10T00:00:00.000000,3,0,0,0,3,1178.0,3
203812___643771,cloudbeds,2026-04-11T00:00:00.000000,3,0,0,0,3,1178.0,3
203812___643771,cloudbeds,2026-04-12T00:00:00.000000,3,0,0,0,3,505.0,3
203812___643771,cloudbeds,2026-04-13T00:00:00.000000,3,0,0,0,3,419.0,3
203812___643771,cloudbeds,2026-04-14T00:00:00.000000,3,0,0,0,3,419.0,3
203812___643771,cloudbeds,2026-04-15T00:00:00.000000,3,1,0,0,3,419.0,2
203812___643771,cloudbeds,2026-04-16T00:00:00.000000,3,1,0,0,3,505.0,2
203812___643771,cloudbeds,2026-04-17T00:00:00.000000,3,1,0,0,3,1178.0,2
203812___643771,cloudbeds,2026-04-18T00:00:00.000000,3,0,0,0,3,1178.0,3
203812___643771,cloudbeds,2026-04-19T00:00:00.000000,3,0,0,0,3,505.0,3
203812___643771,cloudbeds,2026-04-20T00:00:00.000000,3,0,0,0,3,419.0,3
203812___643771,cloudbeds,2026-04-21T00:00:00.000000,3,0,0,0,3,419.0,3
203812___643771,cloudbeds,2026-04-22T00:00:00.000000,3,0,0,0,3,419.0,3
203812___643771,cloudbeds,2026-04-23T00:00:00.000000,3,0,0,0,3,505.0,3
203812___643771,cloudbeds,2026-04-24T00:00:00.000000,3,0,0,0,3,1178.0,3
203812___643771,cloudbeds,2026-04-25T00:00:00.000000,3,0,0,0,3,1178.0,3
203812___643771,cloudbeds,2026-04-26T00:00:00.000000,3,0,0,0,3,505.0,3
203812___643771,cloudbeds,2026-04-27T00:00:00.000000,3,0,0,0,3,419.0,3
203812___643771,cloudbeds,2026-04-28T00:00:00.000000,3,0,0,0,3,419.0,3
203812___643771,cloudbeds,2026-04-29T00:00:00.000000,3,0,0,0,3,419.0,3
203812___643771,cloudbeds,2026-04-30T00:00:00.000000,3,0,0,0,3,505.0,3
203812___643771,cloudbeds,2026-05-01T00:00:00.000000,3,0,0,0,3,1117.0,3
203812___643771,cloudbeds,2026-05-02T00:00:00.000000,3,0,0,0,3,1117.0,3
203812___643771,cloudbeds,2026-05-03T00:00:00.000000,3,1,0,0,3,506.0,2
203812___643771,cloudbeds,2026-05-04T00:00:00.000000,3,1,0,0,3,429.0,2
203812___643771,cloudbeds,2026-05-05T00:00:00.000000,3,0,0,0,3,429.0,3
203812___643771,cloudbeds,2026-05-06T00:00:00.000000,3,0,0,0,3,429.0,3
203812___643771,cloudbeds,2026-05-07T00:00:00.000000,3,0,0,0,3,506.0,3
203812___643771,cloudbeds,2026-05-08T00:00:00.000000,3,0,0,0,3,1117.0,3
203812___643771,cloudbeds,2026-05-09T00:00:00.000000,3,0,0,0,3,1117.0,3
203812___643771,cloudbeds,2026-05-10T00:00:00.000000,3,0,0,0,3,506.0,3
203812___643771,cloudbeds,2026-05-11T00:00:00.000000,3,0,0,0,3,429.0,3
203812___643771,cloudbeds,2026-05-12T00:00:00.000000,3,0,0,0,3,429.0,3
203812___643771,cloudbeds,2026-05-13T00:00:00.000000,3,0,0,0,3,429.0,3
203812___643771,cloudbeds,2026-05-14T00:00:00.000000,3,0,0,0,3,506.0,3
203812___643771,cloudbeds,2026-05-15T00:00:00.000000,3,0,0,0,3,1117.0,3
203812___643771,cloudbeds,2026-05-16T00:00:00.000000,3,0,0,0,3,1117.0,3
203812___643771,cloudbeds,2026-05-17T00:00:00.000000,3,0,0,0,3,506.0,3
203812___643771,cloudbeds,2026-05-18T00:00:00.000000,3,0,0,0,3,429.0,3
203812___643771,cloudbeds,2026-05-19T00:00:00.000000,3,0,0,0,3,429.0,3
203812___643771,cloudbeds,2026-05-20T00:00:00.000000,3,0,0,0,3,429.0,3
203812___643771,cloudbeds,2026-05-21T00:00:00.000000,3,0,0,0,3,506.0,3
203812___643771,cloudbeds,2026-05-22T00:00:00.000000,3,0,0,0,3,1398.0,3
203812___643771,cloudbeds,2026-05-23T00:00:00.000000,3,0,0,0,3,1398.0,3
203812___643771,cloudbeds,2026-05-24T00:00:00.000000,3,0,0,0,3,633.0,3
203812___643771,cloudbeds,2026-05-25T00:00:00.000000,3,0,0,0,3,536.0,3
203812___643771,cloudbeds,2026-05-26T00:00:00.000000,3,0,0,0,3,429.0,3
203812___643771,cloudbeds,2026-05-27T00:00:00.000000,3,0,0,0,3,429.0,3
203812___643771,cloudbeds,2026-05-28T00:00:00.000000,3,0,0,0,3,506.0,3
203812___643771,cloudbeds,2026-05-29T00:00:00.000000,3,0,0,0,3,1117.0,3
203812___643771,cloudbeds,2026-05-30T00:00:00.000000,3,0,0,0,3,1117.0,3
203812___643771,cloudbeds,2026-05-31T00:00:00.000000,3,0,0,0,3,506.0,3
203812___643771,cloudbeds,2026-06-01T00:00:00.000000,3,0,0,0,3,403.0,3
203812___643771,cloudbeds,2026-06-02T00:00:00.000000,3,0,0,0,3,403.0,3
203812___643771,cloudbeds,2026-06-03T00:00:00.000000,3,0,0,0,3,403.0,3
203812___643771,cloudbeds,2026-06-04T00:00:00.000000,3,0,0,0,3,599.0,3
203812___643771,cloudbeds,2026-06-05T00:00:00.000000,3,0,0,0,3,946.0,3
203812___643771,cloudbeds,2026-06-06T00:00:00.000000,3,0,0,0,3,946.0,3
203812___643771,cloudbeds,2026-06-07T00:00:00.000000,3,0,0,0,3,599.0,3
203812___643771,cloudbeds,2026-06-08T00:00:00.000000,3,0,0,0,3,403.0,3
203812___643771,cloudbeds,2026-06-09T00:00:00.000000,3,0,0,0,3,403.0,3
203812___643771,cloudbeds,2026-06-10T00:00:00.000000,3,0,0,0,3,403.0,3
203812___643771,cloudbeds,2026-06-11T00:00:00.000000,3,0,0,0,3,599.0,3
203812___643771,cloudbeds,2026-06-12T00:00:00.000000,3,0,0,0,3,946.0,3
203812___643771,cloudbeds,2026-06-13T00:00:00.000000,3,0,0,0,3,946.0,3
203812___643771,cloudbeds,2026-06-14T00:00:00.000000,3,0,0,0,3,599.0,3
203812___643771,cloudbeds,2026-06-15T00:00:00.000000,3,0,0,0,3,403.0,3
203812___643771,cloudbeds,2026-06-16T00:00:00.000000,3,0,0,0,3,403.0,3
203812___643771,cloudbeds,2026-06-17T00:00:00.000000,3,0,0,0,3,403.0,3
203812___643771,cloudbeds,2026-06-18T00:00:00.000000,3,0,0,0,3,599.0,3
203812___643771,cloudbeds,2026-06-19T00:00:00.000000,3,0,0,0,3,946.0,3
203812___643771,cloudbeds,2026-06-20T00:00:00.000000,3,0,0,0,3,946.0,3
203812___643771,cloudbeds,2026-06-21T00:00:00.000000,3,0,0,0,3,599.0,3
203812___643771,cloudbeds,2026-06-22T00:00:00.000000,3,0,0,0,3,403.0,3
203812___643771,cloudbeds,2026-06-23T00:00:00.000000,3,0,0,0,3,403.0,3
203812___643771,cloudbeds,2026-06-24T00:00:00.000000,3,0,0,0,3,403.0,3
203812___643771,cloudbeds,2026-06-25T00:00:00.000000,3,0,0,0,3,599.0,3
203812___643771,cloudbeds,2026-06-26T00:00:00.000000,3,0,0,0,3,946.0,3
203812___643771,cloudbeds,2026-06-27T00:00:00.000000,3,0,0,0,3,946.0,3
203812___643771,cloudbeds,2026-06-28T00:00:00.000000,3,0,0,0,3,599.0,3
203812___643771,cloudbeds,2026-06-29T00:00:00.000000,3,0,0,0,3,403.0,3
203812___643771,cloudbeds,2026-06-30T00:00:00.000000,3,0,0,0,3,403.0,3
203812___643771,cloudbeds,2026-07-01T00:00:00.000000,3,0,0,0,3,390.0,3
203812___643771,cloudbeds,2026-07-02T00:00:00.000000,3,0,0,0,3,665.0,3
203812___643771,cloudbeds,2026-07-03T00:00:00.000000,3,0,0,0,3,1231.0,3
203812___643771,cloudbeds,2026-07-04T00:00:00.000000,3,0,0,0,3,1231.0,3
203812___643771,cloudbeds,2026-07-05T00:00:00.000000,3,0,0,0,3,665.0,3
203812___643771,cloudbeds,2026-07-06T00:00:00.000000,3,0,0,0,3,390.0,3
203812___643771,cloudbeds,2026-07-07T00:00:00.000000,3,0,0,0,3,390.0,3
203812___643771,cloudbeds,2026-07-08T00:00:00.000000,3,0,0,0,3,390.0,3
203812___643771,cloudbeds,2026-07-09T00:00:00.000000,3,0,0,0,3,511.0,3
203812___643771,cloudbeds,2026-07-10T00:00:00.000000,3,0,0,0,3,946.0,3
203812___643771,cloudbeds,2026-07-11T00:00:00.000000,3,0,0,0,3,946.0,3
203812___643771,cloudbeds,2026-07-12T00:00:00.000000,3,0,0,0,3,511.0,3
203812___643771,cloudbeds,2026-07-13T00:00:00.000000,3,0,0,0,3,390.0,3
203812___643771,cloudbeds,2026-07-14T00:00:00.000000,3,0,0,0,3,390.0,3
203812___643771,cloudbeds,2026-07-15T00:00:00.000000,3,0,0,0,3,390.0,3
203812___643771,cloudbeds,2026-07-16T00:00:00.000000,3,0,0,0,3,511.0,3
203812___643771,cloudbeds,2026-07-17T00:00:00.000000,3,0,0,0,3,946.0,3
203812___643771,cloudbeds,2026-07-18T00:00:00.000000,3,0,0,0,3,946.0,3
203812___643771,cloudbeds,2026-07-19T00:00:00.000000,3,0,0,0,3,511.0,3
203812___643771,cloudbeds,2026-07-20T00:00:00.000000,3,0,0,0,3,390.0,3
203812___643771,cloudbeds,2026-07-21T00:00:00.000000,3,0,0,0,3,390.0,3
203812___643771,cloudbeds,2026-07-22T00:00:00.000000,3,0,0,0,3,390.0,3
203812___643771,cloudbeds,2026-07-23T00:00:00.000000,3,0,0,0,3,511.0,3
203812___643771,cloudbeds,2026-07-24T00:00:00.000000,3,0,0,0,3,946.0,3
203812___643771,cloudbeds,2026-07-25T00:00:00.000000,3,0,0,0,3,946.0,3
203812___643771,cloudbeds,2026-07-26T00:00:00.000000,3,0,0,0,3,511.0,3
203812___643771,cloudbeds,2026-07-27T00:00:00.000000,3,0,0,0,3,390.0,3
203812___643771,cloudbeds,2026-07-28T00:00:00.000000,3,0,0,0,3,390.0,3
203812___643771,cloudbeds,2026-07-29T00:00:00.000000,3,0,0,0,3,390.0,3
203812___643771,cloudbeds,2026-07-30T00:00:00.000000,3,0,0,0,3,511.0,3
203812___643771,cloudbeds,2026-07-31T00:00:00.000000,3,0,0,0,3,946.0,3
203812___643771,cloudbeds,2026-08-01T00:00:00.000000,3,0,0,0,3,817.0,3
203812___643771,cloudbeds,2026-08-02T00:00:00.000000,3,0,0,0,3,456.0,3
203812___643771,cloudbeds,2026-08-03T00:00:00.000000,3,0,0,0,3,390.0,3
203812___643771,cloudbeds,2026-08-04T00:00:00.000000,3,0,0,0,3,390.0,3
203812___643771,cloudbeds,2026-08-05T00:00:00.000000,3,0,0,0,3,390.0,3
203812___643771,cloudbeds,2026-08-06T00:00:00.000000,3,0,0,0,3,456.0,3
203812___643771,cloudbeds,2026-08-07T00:00:00.000000,3,0,0,0,3,817.0,3
203812___643771,cloudbeds,2026-08-08T00:00:00.000000,3,0,0,0,3,817.0,3
203812___643771,cloudbeds,2026-08-09T00:00:00.000000,3,0,0,0,3,456.0,3
203812___643771,cloudbeds,2026-08-10T00:00:00.000000,3,0,0,0,3,390.0,3
203812___643771,cloudbeds,2026-08-11T00:00:00.000000,3,0,0,0,3,390.0,3
203812___643771,cloudbeds,2026-08-12T00:00:00.000000,3,0,0,0,3,390.0,3
203812___643771,cloudbeds,2026-08-13T00:00:00.000000,3,0,0,0,3,456.0,3
203812___643771,cloudbeds,2026-08-14T00:00:00.000000,3,0,0,0,3,817.0,3
203812___643771,cloudbeds,2026-08-15T00:00:00.000000,3,0,0,0,3,817.0,3
203812___643771,cloudbeds,2026-08-16T00:00:00.000000,3,0,0,0,3,456.0,3
203812___643771,cloudbeds,2026-08-17T00:00:00.000000,3,0,0,0,3,390.0,3
203812___643771,cloudbeds,2026-08-18T00:00:00.000000,3,0,0,0,3,390.0,3
203812___643771,cloudbeds,2026-08-19T00:00:00.000000,3,0,0,0,3,390.0,3
203812___643771,cloudbeds,2026-08-20T00:00:00.000000,3,0,0,0,3,456.0,3
203812___643771,cloudbeds,2026-08-21T00:00:00.000000,3,0,0,0,3,817.0,3
203812___643771,cloudbeds,2026-08-22T00:00:00.000000,3,0,0,0,3,817.0,3
203812___643771,cloudbeds,2026-08-23T00:00:00.000000,3,0,0,0,3,456.0,3
203812___643771,cloudbeds,2026-08-24T00:00:00.000000,3,0,0,0,3,390.0,3
203812___643771,cloudbeds,2026-08-25T00:00:00.000000,3,0,0,0,3,390.0,3
203812___643771,cloudbeds,2026-08-26T00:00:00.000000,3,0,0,0,3,390.0,3
203812___643771,cloudbeds,2026-08-27T00:00:00.000000,3,0,0,0,3,456.0,3
203812___643771,cloudbeds,2026-08-28T00:00:00.000000,3,0,0,0,3,817.0,3
203812___643771,cloudbeds,2026-08-29T00:00:00.000000,3,0,0,0,3,817.0,3
203812___643771,cloudbeds,2026-08-30T00:00:00.000000,3,0,0,0,3,456.0,3
203812___643771,cloudbeds,2026-08-31T00:00:00.000000,3,0,0,0,3,390.0,3
203812___643771,cloudbeds,2026-09-01T00:00:00.000000,3,0,0,0,3,467.0,3
203812___643771,cloudbeds,2026-09-02T00:00:00.000000,3,0,0,0,3,467.0,3
203812___643771,cloudbeds,2026-09-03T00:00:00.000000,3,0,0,0,3,614.0,3
203812___643771,cloudbeds,2026-09-04T00:00:00.000000,3,0,0,0,3,1221.0,3
203812___643771,cloudbeds,2026-09-05T00:00:00.000000,3,0,0,0,3,1221.0,3
203812___643771,cloudbeds,2026-09-06T00:00:00.000000,3,0,0,0,3,738.0,3
203812___643771,cloudbeds,2026-09-07T00:00:00.000000,3,0,0,0,3,562.0,3
203812___643771,cloudbeds,2026-09-08T00:00:00.000000,3,0,0,0,3,467.0,3
203812___643771,cloudbeds,2026-09-09T00:00:00.000000,3,0,0,0,3,467.0,3
203812___643771,cloudbeds,2026-09-10T00:00:00.000000,3,0,0,0,3,614.0,3
203812___643771,cloudbeds,2026-09-11T00:00:00.000000,3,0,0,0,3,1015.0,3
203812___643771,cloudbeds,2026-09-12T00:00:00.000000,3,0,0,0,3,1015.0,3
203812___643771,cloudbeds,2026-09-13T00:00:00.000000,3,0,0,0,3,614.0,3
203812___643771,cloudbeds,2026-09-14T00:00:00.000000,3,0,0,0,3,467.0,3
203812___643771,cloudbeds,2026-09-15T00:00:00.000000,3,0,0,0,3,467.0,3
203812___643771,cloudbeds,2026-09-16T00:00:00.000000,3,0,0,0,3,467.0,3
203812___643771,cloudbeds,2026-09-17T00:00:00.000000,3,0,0,0,3,614.0,3
203812___643771,cloudbeds,2026-09-18T00:00:00.000000,3,0,0,0,3,1015.0,3
203812___643771,cloudbeds,2026-09-19T00:00:00.000000,3,0,0,0,3,1015.0,3
203812___643771,cloudbeds,2026-09-20T00:00:00.000000,3,0,0,0,3,614.0,3
203812___643771,cloudbeds,2026-09-21T00:00:00.000000,3,0,0,0,3,467.0,3
203812___643771,cloudbeds,2026-09-22T00:00:00.000000,3,0,0,0,3,467.0,3
203812___643771,cloudbeds,2026-09-23T00:00:00.000000,3,0,0,0,3,467.0,3
203812___643771,cloudbeds,2026-09-24T00:00:00.000000,3,0,0,0,3,614.0,3
203812___643771,cloudbeds,2026-09-25T00:00:00.000000,3,0,0,0,3,1015.0,3
203812___643771,cloudbeds,2026-09-26T00:00:00.000000,3,0,0,0,3,1015.0,3
203812___643771,cloudbeds,2026-09-27T00:00:00.000000,3,0,0,0,3,614.0,3
203812___643771,cloudbeds,2026-09-28T00:00:00.000000,3,0,0,0,3,467.0,3
203812___643771,cloudbeds,2026-09-29T00:00:00.000000,3,0,0,0,3,467.0,3
203812___643771,cloudbeds,2026-09-30T00:00:00.000000,3,0,0,0,3,467.0,3
203812___643771,cloudbeds,2026-10-01T00:00:00.000000,3,0,0,0,3,708.0,3
203812___643771,cloudbeds,2026-10-02T00:00:00.000000,3,0,0,0,3,1168.0,3
203812___643771,cloudbeds,2026-10-03T00:00:00.000000,3,0,0,0,3,1168.0,3
203812___643771,cloudbeds,2026-10-04T00:00:00.000000,3,0,0,0,3,708.0,3
203812___643771,cloudbeds,2026-10-05T00:00:00.000000,3,0,0,0,3,530.0,3
203812___643771,cloudbeds,2026-10-06T00:00:00.000000,3,0,0,0,3,530.0,3
203812___643771,cloudbeds,2026-10-07T00:00:00.000000,3,0,0,0,3,530.0,3
203812___643771,cloudbeds,2026-10-08T00:00:00.000000,3,0,0,0,3,708.0,3
203812___643771,cloudbeds,2026-10-09T00:00:00.000000,3,0,0,0,3,1285.0,3
203812___643771,cloudbeds,2026-10-10T00:00:00.000000,3,0,0,0,3,1285.0,3
203812___643771,cloudbeds,2026-10-11T00:00:00.000000,3,0,0,0,3,779.0,3
203812___643771,cloudbeds,2026-10-12T00:00:00.000000,3,0,0,0,3,584.0,3
203812___643771,cloudbeds,2026-10-13T00:00:00.000000,3,0,0,0,3,530.0,3
203812___643771,cloudbeds,2026-10-14T00:00:00.000000,3,0,0,0,3,530.0,3
203812___643771,cloudbeds,2026-10-15T00:00:00.000000,3,0,0,0,3,708.0,3
203812___643771,cloudbeds,2026-10-16T00:00:00.000000,3,0,0,0,3,1168.0,3
203812___643771,cloudbeds,2026-10-17T00:00:00.000000,3,0,0,0,3,1168.0,3
203812___643771,cloudbeds,2026-10-18T00:00:00.000000,3,0,0,0,3,708.0,3
203812___643771,cloudbeds,2026-10-19T00:00:00.000000,3,0,0,0,3,530.0,3
203812___643771,cloudbeds,2026-10-20T00:00:00.000000,3,0,0,0,3,530.0,3
203812___643771,cloudbeds,2026-10-21T00:00:00.000000,3,0,0,0,3,530.0,3
203812___643771,cloudbeds,2026-10-22T00:00:00.000000,3,0,0,0,3,708.0,3
203812___643771,cloudbeds,2026-10-23T00:00:00.000000,3,0,0,0,3,1168.0,3
203812___643771,cloudbeds,2026-10-24T00:00:00.000000,3,0,0,0,3,1168.0,3
203812___643771,cloudbeds,2026-10-25T00:00:00.000000,3,0,0,0,3,708.0,3
203812___643771,cloudbeds,2026-10-26T00:00:00.000000,3,0,0,0,3,530.0,3
203812___643771,cloudbeds,2026-10-27T00:00:00.000000,3,0,0,0,3,530.0,3
203812___643771,cloudbeds,2026-10-28T00:00:00.000000,3,0,0,0,3,530.0,3
203812___643771,cloudbeds,2026-10-29T00:00:00.000000,3,0,0,0,3,708.0,3
203812___643771,cloudbeds,2026-10-30T00:00:00.000000,3,0,0,0,3,1168.0,3
203812___643771,cloudbeds,2026-10-31T00:00:00.000000,3,0,0,0,3,1168.0,3
203812___643771,cloudbeds,2026-11-01T00:00:00.000000,3,0,0,0,3,666.0,3
203812___643771,cloudbeds,2026-11-02T00:00:00.000000,3,0,0,0,3,491.0,3
203812___643771,cloudbeds,2026-11-03T00:00:00.000000,3,0,0,0,3,491.0,3
203812___643771,cloudbeds,2026-11-04T00:00:00.000000,3,0,0,0,3,491.0,3
203812___643771,cloudbeds,2026-11-05T00:00:00.000000,3,0,0,0,3,666.0,3
203812___643771,cloudbeds,2026-11-06T00:00:00.000000,3,0,0,0,3,1089.0,3
203812___643771,cloudbeds,2026-11-07T00:00:00.000000,3,0,0,0,3,1089.0,3
203812___643771,cloudbeds,2026-11-08T00:00:00.000000,3,0,0,0,3,666.0,3
203812___643771,cloudbeds,2026-11-09T00:00:00.000000,3,0,0,0,3,491.0,3
203812___643771,cloudbeds,2026-11-10T00:00:00.000000,3,0,0,0,3,491.0,3
203812___643771,cloudbeds,2026-11-11T00:00:00.000000,3,0,0,0,3,491.0,3
203812___643771,cloudbeds,2026-11-12T00:00:00.000000,3,0,0,0,3,666.0,3
203812___643771,cloudbeds,2026-11-13T00:00:00.000000,3,0,0,0,3,1089.0,3
203812___643771,cloudbeds,2026-11-14T00:00:00.000000,3,0,0,0,3,1089.0,3
203812___643771,cloudbeds,2026-11-15T00:00:00.000000,3,0,0,0,3,666.0,3
203812___643771,cloudbeds,2026-11-16T00:00:00.000000,3,0,0,0,3,491.0,3
203812___643771,cloudbeds,2026-11-17T00:00:00.000000,3,0,0,0,3,491.0,3
203812___643771,cloudbeds,2026-11-18T00:00:00.000000,3,0,0,0,3,491.0,3
203812___643771,cloudbeds,2026-11-19T00:00:00.000000,3,0,0,0,3,666.0,3
203812___643771,cloudbeds,2026-11-20T00:00:00.000000,3,0,0,0,3,1089.0,3
203812___643771,cloudbeds,2026-11-21T00:00:00.000000,3,0,0,0,3,1089.0,3
203812___643771,cloudbeds,2026-11-22T00:00:00.000000,3,0,0,0,3,666.0,3
203812___643771,cloudbeds,2026-11-23T00:00:00.000000,3,0,0,0,3,491.0,3
203812___643771,cloudbeds,2026-11-24T00:00:00.000000,3,0,0,0,3,491.0,3
203812___643771,cloudbeds,2026-11-25T00:00:00.000000,3,0,0,0,3,491.0,3
203812___643771,cloudbeds,2026-11-26T00:00:00.000000,3,0,0,0,3,933.0,3
203812___643771,cloudbeds,2026-11-27T00:00:00.000000,3,0,0,0,3,1089.0,3
203812___643771,cloudbeds,2026-11-28T00:00:00.000000,3,0,0,0,3,1089.0,3
203812___643771,cloudbeds,2026-11-29T00:00:00.000000,3,0,0,0,3,666.0,3
203812___643771,cloudbeds,2026-11-30T00:00:00.000000,3,0,0,0,3,491.0,3
203812___643771,cloudbeds,2026-12-01T00:00:00.000000,3,0,0,0,3,512.0,3
203812___643771,cloudbeds,2026-12-02T00:00:00.000000,3,0,0,0,3,512.0,3
203812___643771,cloudbeds,2026-12-03T00:00:00.000000,3,0,0,0,3,646.0,3
203812___643771,cloudbeds,2026-12-04T00:00:00.000000,3,0,0,0,3,1026.0,3
203812___643771,cloudbeds,2026-12-05T00:00:00.000000,3,0,0,0,3,1026.0,3
203812___643771,cloudbeds,2026-12-06T00:00:00.000000,3,0,0,0,3,646.0,3
203812___643771,cloudbeds,2026-12-07T00:00:00.000000,3,0,0,0,3,512.0,3
203812___643771,cloudbeds,2026-12-08T00:00:00.000000,3,0,0,0,3,512.0,3
203812___643771,cloudbeds,2026-12-09T00:00:00.000000,3,0,0,0,3,512.0,3
203812___643771,cloudbeds,2026-12-10T00:00:00.000000,3,0,0,0,3,646.0,3
203812___643771,cloudbeds,2026-12-11T00:00:00.000000,3,0,0,0,3,1026.0,3
203812___643771,cloudbeds,2026-12-12T00:00:00.000000,3,0,0,0,3,1026.0,3
203812___643771,cloudbeds,2026-12-13T00:00:00.000000,3,0,0,0,3,646.0,3
203812___643771,cloudbeds,2026-12-14T00:00:00.000000,3,0,0,0,3,512.0,3
203812___643771,cloudbeds,2026-12-15T00:00:00.000000,3,0,0,0,3,512.0,3
203812___643771,cloudbeds,2026-12-16T00:00:00.000000,3,0,0,0,3,512.0,3
203812___643771,cloudbeds,2026-12-17T00:00:00.000000,3,0,0,0,3,646.0,3
203812___643771,cloudbeds,2026-12-18T00:00:00.000000,3,0,0,0,3,1179.0,3
203812___643771,cloudbeds,2026-12-19T00:00:00.000000,3,0,0,0,3,1179.0,3
203812___643771,cloudbeds,2026-12-20T00:00:00.000000,3,0,0,0,3,742.0,3
203812___643771,cloudbeds,2026-12-21T00:00:00.000000,3,0,0,0,3,590.0,3
203812___643771,cloudbeds,2026-12-22T00:00:00.000000,3,0,0,0,3,590.0,3
203812___643771,cloudbeds,2026-12-23T00:00:00.000000,3,0,0,0,3,590.0,3
203812___643771,cloudbeds,2026-12-24T00:00:00.000000,3,0,0,0,3,969.0,3
203812___643771,cloudbeds,2026-12-25T00:00:00.000000,3,0,0,0,3,2052.0,3
203812___643771,cloudbeds,2026-12-26T00:00:00.000000,3,0,0,0,3,2052.0,3
203812___643771,cloudbeds,2026-12-27T00:00:00.000000,3,0,0,0,3,646.0,3
203812___643771,cloudbeds,2026-12-28T00:00:00.000000,3,0,0,0,3,512.0,3
203812___643771,cloudbeds,2026-12-29T00:00:00.000000,3,0,0,0,3,512.0,3
203812___643771,cloudbeds,2026-12-30T00:00:00.000000,3,0,0,0,3,2057.0,3
203812___643771,cloudbeds,2026-12-31T00:00:00.000000,3,0,0,0,3,2057.0,3
203812___643771,cloudbeds,2027-01-01T00:00:00.000000,3,0,0,0,3,950.0,3
203812___643771,cloudbeds,2027-01-02T00:00:00.000000,3,0,0,0,3,950.0,3
203812___643771,cloudbeds,2027-01-03T00:00:00.000000,3,0,0,0,3,509.0,3
203812___643760,cloudbeds,2026-02-04T00:00:00.000000,1,1,0,0,1,284.0,0
203812___643760,cloudbeds,2026-02-05T00:00:00.000000,1,1,0,0,1,371.0,0
203812___643760,cloudbeds,2026-02-06T00:00:00.000000,1,1,0,0,1,509.0,0
203812___643760,cloudbeds,2026-02-07T00:00:00.000000,1,1,0,0,1,509.0,0
203812___643760,cloudbeds,2026-02-08T00:00:00.000000,1,0,0,0,1,195.0,1
203812___643760,cloudbeds,2026-02-09T00:00:00.000000,1,1,0,0,1,284.0,0
203812___643760,cloudbeds,2026-02-10T00:00:00.000000,1,1,0,0,1,284.0,0
203812___643760,cloudbeds,2026-02-11T00:00:00.000000,1,0,0,0,1,205.0,1
203812___643760,cloudbeds,2026-02-12T00:00:00.000000,1,1,0,0,1,203.0,0
203812___643760,cloudbeds,2026-02-13T00:00:00.000000,1,1,0,0,1,818.0,0
203812___643760,cloudbeds,2026-02-14T00:00:00.000000,1,1,0,0,1,818.0,0
203812___643760,cloudbeds,2026-02-15T00:00:00.000000,1,1,0,0,1,279.0,0
203812___643760,cloudbeds,2026-02-16T00:00:00.000000,1,0,0,0,1,186.0,1
203812___643760,cloudbeds,2026-02-17T00:00:00.000000,1,1,0,0,1,202.0,0
203812___643760,cloudbeds,2026-02-18T00:00:00.000000,1,0,0,0,1,186.0,1
203812___643760,cloudbeds,2026-02-19T00:00:00.000000,1,1,0,0,1,203.0,0
203812___643760,cloudbeds,2026-02-20T00:00:00.000000,1,1,0,0,1,509.0,0
203812___643760,cloudbeds,2026-02-21T00:00:00.000000,1,1,0,0,1,509.0,0
203812___643760,cloudbeds,2026-02-22T00:00:00.000000,1,0,0,0,1,222.0,1
203812___643760,cloudbeds,2026-02-23T00:00:00.000000,1,0,0,0,1,185.0,1
203812___643760,cloudbeds,2026-02-24T00:00:00.000000,1,0,0,0,1,185.0,1
203812___643760,cloudbeds,2026-02-25T00:00:00.000000,1,0,0,0,1,185.0,1
203812___643760,cloudbeds,2026-02-26T00:00:00.000000,1,0,0,0,1,278.0,1
203812___643760,cloudbeds,2026-02-27T00:00:00.000000,1,0,0,0,1,407.0,1
203812___643760,cloudbeds,2026-02-28T00:00:00.000000,1,1,0,0,1,407.0,0
203812___643760,cloudbeds,2026-03-01T00:00:00.000000,1,1,0,0,1,300.0,0
203812___643760,cloudbeds,2026-03-02T00:00:00.000000,1,1,0,0,1,290.0,0
203812___643760,cloudbeds,2026-03-03T00:00:00.000000,1,1,0,0,1,290.0,0
203812___643760,cloudbeds,2026-03-04T00:00:00.000000,1,0,0,0,1,290.0,1
203812___643760,cloudbeds,2026-03-05T00:00:00.000000,1,0,0,0,1,400.0,1
203812___643760,cloudbeds,2026-03-06T00:00:00.000000,1,0,0,0,1,556.0,1
203812___643760,cloudbeds,2026-03-07T00:00:00.000000,1,0,0,0,1,556.0,1
203812___643760,cloudbeds,2026-03-08T00:00:00.000000,1,0,0,0,1,400.0,1
203812___643760,cloudbeds,2026-03-09T00:00:00.000000,1,0,0,0,1,319.0,1
203812___643760,cloudbeds,2026-03-10T00:00:00.000000,1,0,0,0,1,319.0,1
203812___643760,cloudbeds,2026-03-11T00:00:00.000000,1,0,0,0,1,319.0,1
203812___643760,cloudbeds,2026-03-12T00:00:00.000000,1,0,0,0,1,350.0,1
203812___643760,cloudbeds,2026-03-13T00:00:00.000000,1,1,0,0,1,668.0,0
203812___643760,cloudbeds,2026-03-14T00:00:00.000000,1,1,0,0,1,668.0,0
203812___643760,cloudbeds,2026-03-15T00:00:00.000000,1,0,0,0,1,418.0,1
203812___643760,cloudbeds,2026-03-16T00:00:00.000000,1,0,0,0,1,349.0,1
203812___643760,cloudbeds,2026-03-17T00:00:00.000000,1,0,0,0,1,349.0,1
203812___643760,cloudbeds,2026-03-18T00:00:00.000000,1,0,0,0,1,349.0,1
203812___643760,cloudbeds,2026-03-19T00:00:00.000000,1,0,0,0,1,383.0,1
203812___643760,cloudbeds,2026-03-20T00:00:00.000000,1,1,0,0,1,607.0,0
203812___643760,cloudbeds,2026-03-21T00:00:00.000000,1,1,0,0,1,607.0,0
203812___643760,cloudbeds,2026-03-22T00:00:00.000000,1,1,0,0,1,481.0,0
203812___643760,cloudbeds,2026-03-23T00:00:00.000000,1,0,0,0,1,319.0,1
203812___643760,cloudbeds,2026-03-24T00:00:00.000000,1,0,0,0,1,319.0,1
203812___643760,cloudbeds,2026-03-25T00:00:00.000000,1,0,0,0,1,319.0,1
203812___643760,cloudbeds,2026-03-26T00:00:00.000000,1,1,0,0,1,400.0,0
203812___643760,cloudbeds,2026-03-27T00:00:00.000000,1,1,0,0,1,505.0,0
203812___643760,cloudbeds,2026-03-28T00:00:00.000000,1,1,0,0,1,505.0,0
203812___643760,cloudbeds,2026-03-29T00:00:00.000000,1,1,0,0,1,400.0,0
203812___643760,cloudbeds,2026-03-30T00:00:00.000000,1,0,0,0,1,290.0,1
203812___643760,cloudbeds,2026-03-31T00:00:00.000000,1,0,0,0,1,290.0,1
203812___643760,cloudbeds,2026-04-01T00:00:00.000000,1,1,0,0,1,281.0,0
203812___643760,cloudbeds,2026-04-02T00:00:00.000000,1,1,0,0,1,353.0,0
203812___643760,cloudbeds,2026-04-03T00:00:00.000000,1,1,0,0,1,522.0,0
203812___643760,cloudbeds,2026-04-04T00:00:00.000000,1,1,0,0,1,522.0,0
203812___643760,cloudbeds,2026-04-05T00:00:00.000000,1,0,0,0,1,337.0,1
203812___643760,cloudbeds,2026-04-06T00:00:00.000000,1,0,0,0,1,281.0,1
203812___643760,cloudbeds,2026-04-07T00:00:00.000000,1,0,0,0,1,281.0,1
203812___643760,cloudbeds,2026-04-08T00:00:00.000000,1,0,0,0,1,281.0,1
203812___643760,cloudbeds,2026-04-09T00:00:00.000000,1,0,0,0,1,353.0,1
203812___643760,cloudbeds,2026-04-10T00:00:00.000000,1,0,0,0,1,522.0,1
203812___643760,cloudbeds,2026-04-11T00:00:00.000000,1,1,0,0,1,522.0,0
203812___643760,cloudbeds,2026-04-12T00:00:00.000000,1,1,0,0,1,353.0,0
203812___643760,cloudbeds,2026-04-13T00:00:00.000000,1,1,0,0,1,281.0,0
203812___643760,cloudbeds,2026-04-14T00:00:00.000000,1,0,0,0,1,281.0,1
203812___643760,cloudbeds,2026-04-15T00:00:00.000000,1,0,0,0,1,281.0,1
203812___643760,cloudbeds,2026-04-16T00:00:00.000000,1,0,0,0,1,309.0,1
203812___643760,cloudbeds,2026-04-17T00:00:00.000000,1,1,0,0,1,522.0,0
203812___643760,cloudbeds,2026-04-18T00:00:00.000000,1,1,0,0,1,522.0,0
203812___643760,cloudbeds,2026-04-19T00:00:00.000000,1,1,0,0,1,353.0,0
203812___643760,cloudbeds,2026-04-20T00:00:00.000000,1,0,0,0,1,281.0,1
203812___643760,cloudbeds,2026-04-21T00:00:00.000000,1,0,0,0,1,281.0,1
203812___643760,cloudbeds,2026-04-22T00:00:00.000000,1,0,0,0,1,281.0,1
203812___643760,cloudbeds,2026-04-23T00:00:00.000000,1,0,0,0,1,353.0,1
203812___643760,cloudbeds,2026-04-24T00:00:00.000000,1,0,0,0,1,522.0,1
203812___643760,cloudbeds,2026-04-25T00:00:00.000000,1,0,0,0,1,522.0,1
203812___643760,cloudbeds,2026-04-26T00:00:00.000000,1,0,0,0,1,353.0,1
203812___643760,cloudbeds,2026-04-27T00:00:00.000000,1,0,0,0,1,281.0,1
203812___643760,cloudbeds,2026-04-28T00:00:00.000000,1,0,0,0,1,281.0,1
203812___643760,cloudbeds,2026-04-29T00:00:00.000000,1,0,0,0,1,281.0,1
203812___643760,cloudbeds,2026-04-30T00:00:00.000000,1,0,0,0,1,353.0,1
203812___643760,cloudbeds,2026-05-01T00:00:00.000000,1,0,0,0,1,462.0,1
203812___643760,cloudbeds,2026-05-02T00:00:00.000000,1,0,0,0,1,462.0,1
203812___643760,cloudbeds,2026-05-03T00:00:00.000000,1,0,0,0,1,357.0,1
203812___643760,cloudbeds,2026-05-04T00:00:00.000000,1,0,0,0,1,261.0,1
203812___643760,cloudbeds,2026-05-05T00:00:00.000000,1,0,0,0,1,261.0,1
203812___643760,cloudbeds,2026-05-06T00:00:00.000000,1,0,0,0,1,261.0,1
203812___643760,cloudbeds,2026-05-07T00:00:00.000000,1,0,0,0,1,357.0,1
203812___643760,cloudbeds,2026-05-08T00:00:00.000000,1,0,0,0,1,462.0,1
203812___643760,cloudbeds,2026-05-09T00:00:00.000000,1,0,0,0,1,462.0,1
203812___643760,cloudbeds,2026-05-10T00:00:00.000000,1,0,0,0,1,357.0,1
203812___643760,cloudbeds,2026-05-11T00:00:00.000000,1,0,0,0,1,261.0,1
203812___643760,cloudbeds,2026-05-12T00:00:00.000000,1,0,0,0,1,261.0,1
203812___643760,cloudbeds,2026-05-13T00:00:00.000000,1,0,0,0,1,261.0,1
203812___643760,cloudbeds,2026-05-14T00:00:00.000000,1,0,0,0,1,357.0,1
203812___643760,cloudbeds,2026-05-15T00:00:00.000000,1,0,0,0,1,462.0,1
203812___643760,cloudbeds,2026-05-16T00:00:00.000000,1,0,0,0,1,462.0,1
203812___643760,cloudbeds,2026-05-17T00:00:00.000000,1,0,0,0,1,357.0,1
203812___643760,cloudbeds,2026-05-18T00:00:00.000000,1,0,0,0,1,261.0,1
203812___643760,cloudbeds,2026-05-19T00:00:00.000000,1,0,0,0,1,261.0,1
203812___643760,cloudbeds,2026-05-20T00:00:00.000000,1,0,0,0,1,261.0,1
203812___643760,cloudbeds,2026-05-21T00:00:00.000000,1,0,0,0,1,357.0,1
203812___643760,cloudbeds,2026-05-22T00:00:00.000000,1,0,0,0,1,578.0,1
203812___643760,cloudbeds,2026-05-23T00:00:00.000000,1,0,0,0,1,578.0,1
203812___643760,cloudbeds,2026-05-24T00:00:00.000000,1,0,0,0,1,446.0,1
203812___643760,cloudbeds,2026-05-25T00:00:00.000000,1,0,0,0,1,324.0,1
203812___643760,cloudbeds,2026-05-26T00:00:00.000000,1,0,0,0,1,261.0,1
203812___643760,cloudbeds,2026-05-27T00:00:00.000000,1,1,0,0,1,261.0,0
203812___643760,cloudbeds,2026-05-28T00:00:00.000000,1,1,0,0,1,357.0,0
203812___643760,cloudbeds,2026-05-29T00:00:00.000000,1,1,0,0,1,462.0,0
203812___643760,cloudbeds,2026-05-30T00:00:00.000000,1,1,0,0,1,462.0,0
203812___643760,cloudbeds,2026-05-31T00:00:00.000000,1,0,0,0,1,357.0,1
203812___643760,cloudbeds,2026-06-01T00:00:00.000000,1,1,0,0,1,281.0,0
203812___643760,cloudbeds,2026-06-02T00:00:00.000000,1,1,0,0,1,281.0,0
203812___643760,cloudbeds,2026-06-03T00:00:00.000000,1,1,0,0,1,281.0,0
203812___643760,cloudbeds,2026-06-04T00:00:00.000000,1,0,0,0,1,404.0,1
203812___643760,cloudbeds,2026-06-05T00:00:00.000000,1,0,0,0,1,463.0,1
203812___643760,cloudbeds,2026-06-06T00:00:00.000000,1,0,0,0,1,463.0,1
203812___643760,cloudbeds,2026-06-07T00:00:00.000000,1,0,0,0,1,404.0,1
203812___643760,cloudbeds,2026-06-08T00:00:00.000000,1,0,0,0,1,281.0,1
203812___643760,cloudbeds,2026-06-09T00:00:00.000000,1,0,0,0,1,281.0,1
203812___643760,cloudbeds,2026-06-10T00:00:00.000000,1,0,0,0,1,281.0,1
203812___643760,cloudbeds,2026-06-11T00:00:00.000000,1,0,0,0,1,404.0,1
203812___643760,cloudbeds,2026-06-12T00:00:00.000000,1,0,0,0,1,463.0,1
203812___643760,cloudbeds,2026-06-13T00:00:00.000000,1,0,0,0,1,463.0,1
203812___643760,cloudbeds,2026-06-14T00:00:00.000000,1,0,0,0,1,404.0,1
203812___643760,cloudbeds,2026-06-15T00:00:00.000000,1,0,0,0,1,281.0,1
203812___643760,cloudbeds,2026-06-16T00:00:00.000000,1,0,0,0,1,296.0,1
203812___643760,cloudbeds,2026-06-17T00:00:00.000000,1,0,0,0,1,296.0,1
203812___643760,cloudbeds,2026-06-18T00:00:00.000000,1,0,0,0,1,426.0,1
203812___643760,cloudbeds,2026-06-19T00:00:00.000000,1,0,0,0,1,488.0,1
203812___643760,cloudbeds,2026-06-20T00:00:00.000000,1,0,0,0,1,488.0,1
203812___643760,cloudbeds,2026-06-21T00:00:00.000000,1,0,0,0,1,426.0,1
203812___643760,cloudbeds,2026-06-22T00:00:00.000000,1,0,0,0,1,296.0,1
203812___643760,cloudbeds,2026-06-23T00:00:00.000000,1,0,0,0,1,296.0,1
203812___643760,cloudbeds,2026-06-24T00:00:00.000000,1,0,0,0,1,296.0,1
203812___643760,cloudbeds,2026-06-25T00:00:00.000000,1,0,0,0,1,426.0,1
203812___643760,cloudbeds,2026-06-26T00:00:00.000000,1,0,0,0,1,488.0,1
203812___643760,cloudbeds,2026-06-27T00:00:00.000000,1,0,0,0,1,488.0,1
203812___643760,cloudbeds,2026-06-28T00:00:00.000000,1,0,0,0,1,426.0,1
203812___643760,cloudbeds,2026-06-29T00:00:00.000000,1,0,0,0,1,296.0,1
203812___643760,cloudbeds,2026-06-30T00:00:00.000000,1,0,0,0,1,296.0,1
203812___643760,cloudbeds,2026-07-01T00:00:00.000000,1,0,0,0,1,288.0,1
203812___643760,cloudbeds,2026-07-02T00:00:00.000000,1,0,0,0,1,473.0,1
203812___643760,cloudbeds,2026-07-03T00:00:00.000000,1,0,0,0,1,642.0,1
203812___643760,cloudbeds,2026-07-04T00:00:00.000000,1,0,0,0,1,642.0,1
203812___643760,cloudbeds,2026-07-05T00:00:00.000000,1,0,0,0,1,473.0,1
203812___643760,cloudbeds,2026-07-06T00:00:00.000000,1,0,0,0,1,288.0,1
203812___643760,cloudbeds,2026-07-07T00:00:00.000000,1,0,0,0,1,288.0,1
203812___643760,cloudbeds,2026-07-08T00:00:00.000000,1,0,0,0,1,288.0,1
203812___643760,cloudbeds,2026-07-09T00:00:00.000000,1,0,0,0,1,363.0,1
203812___643760,cloudbeds,2026-07-10T00:00:00.000000,1,0,0,0,1,494.0,1
203812___643760,cloudbeds,2026-07-11T00:00:00.000000,1,0,0,0,1,494.0,1
203812___643760,cloudbeds,2026-07-12T00:00:00.000000,1,0,0,0,1,363.0,1
203812___643760,cloudbeds,2026-07-13T00:00:00.000000,1,0,0,0,1,288.0,1
203812___643760,cloudbeds,2026-07-14T00:00:00.000000,1,0,0,0,1,288.0,1
203812___643760,cloudbeds,2026-07-15T00:00:00.000000,1,0,0,0,1,288.0,1
203812___643760,cloudbeds,2026-07-16T00:00:00.000000,1,0,0,0,1,363.0,1
203812___643760,cloudbeds,2026-07-17T00:00:00.000000,1,0,0,0,1,494.0,1
203812___643760,cloudbeds,2026-07-18T00:00:00.000000,1,0,0,0,1,494.0,1
203812___643760,cloudbeds,2026-07-19T00:00:00.000000,1,0,0,0,1,363.0,1
203812___643760,cloudbeds,2026-07-20T00:00:00.000000,1,0,0,0,1,288.0,1
203812___643760,cloudbeds,2026-07-21T00:00:00.000000,1,0,0,0,1,288.0,1
203812___643760,cloudbeds,2026-07-22T00:00:00.000000,1,0,0,0,1,288.0,1
203812___643760,cloudbeds,2026-07-23T00:00:00.000000,1,0,0,0,1,363.0,1
203812___643760,cloudbeds,2026-07-24T00:00:00.000000,1,0,0,0,1,494.0,1
203812___643760,cloudbeds,2026-07-25T00:00:00.000000,1,0,0,0,1,494.0,1
203812___643760,cloudbeds,2026-07-26T00:00:00.000000,1,0,0,0,1,363.0,1
203812___643760,cloudbeds,2026-07-27T00:00:00.000000,1,0,0,0,1,288.0,1
203812___643760,cloudbeds,2026-07-28T00:00:00.000000,1,0,0,0,1,288.0,1
203812___643760,cloudbeds,2026-07-29T00:00:00.000000,1,0,0,0,1,288.0,1
203812___643760,cloudbeds,2026-07-30T00:00:00.000000,1,0,0,0,1,363.0,1
203812___643760,cloudbeds,2026-07-31T00:00:00.000000,1,0,0,0,1,494.0,1
203812___643760,cloudbeds,2026-08-01T00:00:00.000000,1,0,0,0,1,456.0,1
203812___643760,cloudbeds,2026-08-02T00:00:00.000000,1,0,0,0,1,345.0,1
203812___643760,cloudbeds,2026-08-03T00:00:00.000000,1,0,0,0,1,288.0,1
203812___643760,cloudbeds,2026-08-04T00:00:00.000000,1,0,0,0,1,288.0,1
203812___643760,cloudbeds,2026-08-05T00:00:00.000000,1,0,0,0,1,288.0,1
203812___643760,cloudbeds,2026-08-06T00:00:00.000000,1,0,0,0,1,345.0,1
203812___643760,cloudbeds,2026-08-07T00:00:00.000000,1,0,0,0,1,456.0,1
203812___643760,cloudbeds,2026-08-08T00:00:00.000000,1,0,0,0,1,456.0,1
203812___643760,cloudbeds,2026-08-09T00:00:00.000000,1,0,0,0,1,345.0,1
203812___643760,cloudbeds,2026-08-10T00:00:00.000000,1,0,0,0,1,288.0,1
203812___643760,cloudbeds,2026-08-11T00:00:00.000000,1,0,0,0,1,288.0,1
203812___643760,cloudbeds,2026-08-12T00:00:00.000000,1,0,0,0,1,288.0,1
203812___643760,cloudbeds,2026-08-13T00:00:00.000000,1,0,0,0,1,345.0,1
203812___643760,cloudbeds,2026-08-14T00:00:00.000000,1,0,0,0,1,456.0,1
203812___643760,cloudbeds,2026-08-15T00:00:00.000000,1,0,0,0,1,456.0,1
203812___643760,cloudbeds,2026-08-16T00:00:00.000000,1,0,0,0,1,345.0,1
203812___643760,cloudbeds,2026-08-17T00:00:00.000000,1,0,0,0,1,288.0,1
203812___643760,cloudbeds,2026-08-18T00:00:00.000000,1,0,0,0,1,288.0,1
203812___643760,cloudbeds,2026-08-19T00:00:00.000000,1,0,0,0,1,288.0,1
203812___643760,cloudbeds,2026-08-20T00:00:00.000000,1,0,0,0,1,345.0,1
203812___643760,cloudbeds,2026-08-21T00:00:00.000000,1,0,0,0,1,456.0,1
203812___643760,cloudbeds,2026-08-22T00:00:00.000000,1,0,0,0,1,456.0,1
203812___643760,cloudbeds,2026-08-23T00:00:00.000000,1,0,0,0,1,345.0,1
203812___643760,cloudbeds,2026-08-24T00:00:00.000000,1,0,0,0,1,288.0,1
203812___643760,cloudbeds,2026-08-25T00:00:00.000000,1,0,0,0,1,288.0,1
203812___643760,cloudbeds,2026-08-26T00:00:00.000000,1,0,0,0,1,288.0,1
203812___643760,cloudbeds,2026-08-27T00:00:00.000000,1,0,0,0,1,345.0,1
203812___643760,cloudbeds,2026-08-28T00:00:00.000000,1,0,0,0,1,456.0,1
203812___643760,cloudbeds,2026-08-29T00:00:00.000000,1,0,0,0,1,456.0,1
203812___643760,cloudbeds,2026-08-30T00:00:00.000000,1,0,0,0,1,345.0,1
203812___643760,cloudbeds,2026-08-31T00:00:00.000000,1,0,0,0,1,288.0,1
203812___643760,cloudbeds,2026-09-01T00:00:00.000000,1,0,0,0,1,336.0,1
203812___643760,cloudbeds,2026-09-02T00:00:00.000000,1,0,0,0,1,336.0,1
203812___643760,cloudbeds,2026-09-03T00:00:00.000000,1,0,0,0,1,447.0,1
203812___643760,cloudbeds,2026-09-04T00:00:00.000000,1,0,0,0,1,607.0,1
203812___643760,cloudbeds,2026-09-05T00:00:00.000000,1,0,0,0,1,607.0,1
203812___643760,cloudbeds,2026-09-06T00:00:00.000000,1,0,0,0,1,536.0,1
203812___643760,cloudbeds,2026-09-07T00:00:00.000000,1,0,0,0,1,403.0,1
203812___643760,cloudbeds,2026-09-08T00:00:00.000000,1,0,0,0,1,336.0,1
203812___643760,cloudbeds,2026-09-09T00:00:00.000000,1,0,0,0,1,336.0,1
203812___643760,cloudbeds,2026-09-10T00:00:00.000000,1,0,0,0,1,447.0,1
203812___643760,cloudbeds,2026-09-11T00:00:00.000000,1,0,0,0,1,505.0,1
203812___643760,cloudbeds,2026-09-12T00:00:00.000000,1,0,0,0,1,505.0,1
203812___643760,cloudbeds,2026-09-13T00:00:00.000000,1,0,0,0,1,447.0,1
203812___643760,cloudbeds,2026-09-14T00:00:00.000000,1,0,0,0,1,336.0,1
203812___643760,cloudbeds,2026-09-15T00:00:00.000000,1,0,0,0,1,336.0,1
203812___643760,cloudbeds,2026-09-16T00:00:00.000000,1,0,0,0,1,336.0,1
203812___643760,cloudbeds,2026-09-17T00:00:00.000000,1,0,0,0,1,447.0,1
203812___643760,cloudbeds,2026-09-18T00:00:00.000000,1,0,0,0,1,505.0,1
203812___643760,cloudbeds,2026-09-19T00:00:00.000000,1,0,0,0,1,505.0,1
203812___643760,cloudbeds,2026-09-20T00:00:00.000000,1,0,0,0,1,447.0,1
203812___643760,cloudbeds,2026-09-21T00:00:00.000000,1,0,0,0,1,336.0,1
203812___643760,cloudbeds,2026-09-22T00:00:00.000000,1,0,0,0,1,336.0,1
203812___643760,cloudbeds,2026-09-23T00:00:00.000000,1,0,0,0,1,336.0,1
203812___643760,cloudbeds,2026-09-24T00:00:00.000000,1,0,0,0,1,447.0,1
203812___643760,cloudbeds,2026-09-25T00:00:00.000000,1,0,0,0,1,505.0,1
203812___643760,cloudbeds,2026-09-26T00:00:00.000000,1,0,0,0,1,505.0,1
203812___643760,cloudbeds,2026-09-27T00:00:00.000000,1,0,0,0,1,447.0,1
203812___643760,cloudbeds,2026-09-28T00:00:00.000000,1,0,0,0,1,336.0,1
203812___643760,cloudbeds,2026-09-29T00:00:00.000000,1,0,0,0,1,336.0,1
203812___643760,cloudbeds,2026-09-30T00:00:00.000000,1,0,0,0,1,336.0,1
203812___643760,cloudbeds,2026-10-01T00:00:00.000000,1,0,0,0,1,483.0,1
203812___643760,cloudbeds,2026-10-02T00:00:00.000000,1,0,0,0,1,515.0,1
203812___643760,cloudbeds,2026-10-03T00:00:00.000000,1,0,0,0,1,515.0,1
203812___643760,cloudbeds,2026-10-04T00:00:00.000000,1,0,0,0,1,483.0,1
203812___643760,cloudbeds,2026-10-05T00:00:00.000000,1,0,0,0,1,367.0,1
203812___643760,cloudbeds,2026-10-06T00:00:00.000000,1,0,0,0,1,367.0,1
203812___643760,cloudbeds,2026-10-07T00:00:00.000000,1,0,0,0,1,367.0,1
203812___643760,cloudbeds,2026-10-08T00:00:00.000000,1,0,0,0,1,483.0,1
203812___643760,cloudbeds,2026-10-09T00:00:00.000000,1,0,0,0,1,569.0,1
203812___643760,cloudbeds,2026-10-10T00:00:00.000000,1,0,0,0,1,569.0,1
203812___643760,cloudbeds,2026-10-11T00:00:00.000000,1,0,0,0,1,531.0,1
203812___643760,cloudbeds,2026-10-12T00:00:00.000000,1,0,0,0,1,405.0,1
203812___643760,cloudbeds,2026-10-13T00:00:00.000000,1,0,0,0,1,367.0,1
203812___643760,cloudbeds,2026-10-14T00:00:00.000000,1,0,0,0,1,367.0,1
203812___643760,cloudbeds,2026-10-15T00:00:00.000000,1,0,0,0,1,483.0,1
203812___643760,cloudbeds,2026-10-16T00:00:00.000000,1,0,0,0,1,515.0,1
203812___643760,cloudbeds,2026-10-17T00:00:00.000000,1,0,0,0,1,515.0,1
203812___643760,cloudbeds,2026-10-18T00:00:00.000000,1,0,0,0,1,483.0,1
203812___643760,cloudbeds,2026-10-19T00:00:00.000000,1,0,0,0,1,367.0,1
203812___643760,cloudbeds,2026-10-20T00:00:00.000000,1,0,0,0,1,367.0,1
203812___643760,cloudbeds,2026-10-21T00:00:00.000000,1,0,0,0,1,367.0,1
203812___643760,cloudbeds,2026-10-22T00:00:00.000000,1,0,0,0,1,483.0,1
203812___643760,cloudbeds,2026-10-23T00:00:00.000000,1,0,0,0,1,515.0,1
203812___643760,cloudbeds,2026-10-24T00:00:00.000000,1,0,0,0,1,515.0,1
203812___643760,cloudbeds,2026-10-25T00:00:00.000000,1,0,0,0,1,483.0,1
203812___643760,cloudbeds,2026-10-26T00:00:00.000000,1,0,0,0,1,367.0,1
203812___643760,cloudbeds,2026-10-27T00:00:00.000000,1,0,0,0,1,367.0,1
203812___643760,cloudbeds,2026-10-28T00:00:00.000000,1,0,0,0,1,367.0,1
203812___643760,cloudbeds,2026-10-29T00:00:00.000000,1,0,0,0,1,483.0,1
203812___643760,cloudbeds,2026-10-30T00:00:00.000000,1,0,0,0,1,515.0,1
203812___643760,cloudbeds,2026-10-31T00:00:00.000000,1,0,0,0,1,515.0,1
203812___643760,cloudbeds,2026-11-01T00:00:00.000000,1,0,0,0,1,454.0,1
203812___643760,cloudbeds,2026-11-02T00:00:00.000000,1,0,0,0,1,342.0,1
203812___643760,cloudbeds,2026-11-03T00:00:00.000000,1,0,0,0,1,342.0,1
203812___643760,cloudbeds,2026-11-04T00:00:00.000000,1,0,0,0,1,342.0,1
203812___643760,cloudbeds,2026-11-05T00:00:00.000000,1,0,0,0,1,454.0,1
203812___643760,cloudbeds,2026-11-06T00:00:00.000000,1,0,0,0,1,506.0,1
203812___643760,cloudbeds,2026-11-07T00:00:00.000000,1,0,0,0,1,506.0,1
203812___643760,cloudbeds,2026-11-08T00:00:00.000000,1,0,0,0,1,454.0,1
203812___643760,cloudbeds,2026-11-09T00:00:00.000000,1,0,0,0,1,342.0,1
203812___643760,cloudbeds,2026-11-10T00:00:00.000000,1,0,0,0,1,342.0,1
203812___643760,cloudbeds,2026-11-11T00:00:00.000000,1,0,0,0,1,342.0,1
203812___643760,cloudbeds,2026-11-12T00:00:00.000000,1,0,0,0,1,454.0,1
203812___643760,cloudbeds,2026-11-13T00:00:00.000000,1,0,0,0,1,506.0,1
203812___643760,cloudbeds,2026-11-14T00:00:00.000000,1,0,0,0,1,506.0,1
203812___643760,cloudbeds,2026-11-15T00:00:00.000000,1,0,0,0,1,454.0,1
203812___643760,cloudbeds,2026-11-16T00:00:00.000000,1,0,0,0,1,342.0,1
203812___643760,cloudbeds,2026-11-17T00:00:00.000000,1,0,0,0,1,342.0,1
203812___643760,cloudbeds,2026-11-18T00:00:00.000000,1,0,0,0,1,342.0,1
203812___643760,cloudbeds,2026-11-19T00:00:00.000000,1,0,0,0,1,454.0,1
203812___643760,cloudbeds,2026-11-20T00:00:00.000000,1,0,0,0,1,506.0,1
203812___643760,cloudbeds,2026-11-21T00:00:00.000000,1,0,0,0,1,506.0,1
203812___643760,cloudbeds,2026-11-22T00:00:00.000000,1,0,0,0,1,454.0,1
203812___643760,cloudbeds,2026-11-23T00:00:00.000000,1,0,0,0,1,342.0,1
203812___643760,cloudbeds,2026-11-24T00:00:00.000000,1,0,0,0,1,342.0,1
203812___643760,cloudbeds,2026-11-25T00:00:00.000000,1,0,0,0,1,342.0,1
203812___643760,cloudbeds,2026-11-26T00:00:00.000000,1,0,0,0,1,635.0,1
203812___643760,cloudbeds,2026-11-27T00:00:00.000000,1,0,0,0,1,506.0,1
203812___643760,cloudbeds,2026-11-28T00:00:00.000000,1,0,0,0,1,506.0,1
203812___643760,cloudbeds,2026-11-29T00:00:00.000000,1,0,0,0,1,454.0,1
203812___643760,cloudbeds,2026-11-30T00:00:00.000000,1,0,0,0,1,342.0,1
203812___643760,cloudbeds,2026-12-01T00:00:00.000000,1,0,0,0,1,340.0,1
203812___643760,cloudbeds,2026-12-02T00:00:00.000000,1,0,0,0,1,340.0,1
203812___643760,cloudbeds,2026-12-03T00:00:00.000000,1,0,0,0,1,419.0,1
203812___643760,cloudbeds,2026-12-04T00:00:00.000000,1,0,0,0,1,515.0,1
203812___643760,cloudbeds,2026-12-05T00:00:00.000000,1,0,0,0,1,515.0,1
203812___643760,cloudbeds,2026-12-06T00:00:00.000000,1,0,0,0,1,419.0,1
203812___643760,cloudbeds,2026-12-07T00:00:00.000000,1,0,0,0,1,340.0,1
203812___643760,cloudbeds,2026-12-08T00:00:00.000000,1,0,0,0,1,340.0,1
203812___643760,cloudbeds,2026-12-09T00:00:00.000000,1,0,0,0,1,340.0,1
203812___643760,cloudbeds,2026-12-10T00:00:00.000000,1,0,0,0,1,419.0,1
203812___643760,cloudbeds,2026-12-11T00:00:00.000000,1,0,0,0,1,515.0,1
203812___643760,cloudbeds,2026-12-12T00:00:00.000000,1,0,0,0,1,515.0,1
203812___643760,cloudbeds,2026-12-13T00:00:00.000000,1,0,0,0,1,419.0,1
203812___643760,cloudbeds,2026-12-14T00:00:00.000000,1,0,0,0,1,340.0,1
203812___643760,cloudbeds,2026-12-15T00:00:00.000000,1,0,0,0,1,340.0,1
203812___643760,cloudbeds,2026-12-16T00:00:00.000000,1,0,0,0,1,340.0,1
203812___643760,cloudbeds,2026-12-17T00:00:00.000000,1,0,0,0,1,419.0,1
203812___643760,cloudbeds,2026-12-18T00:00:00.000000,1,0,0,0,1,594.0,1
203812___643760,cloudbeds,2026-12-19T00:00:00.000000,1,0,0,0,1,594.0,1
203812___643760,cloudbeds,2026-12-20T00:00:00.000000,1,0,0,0,1,483.0,1
203812___643760,cloudbeds,2026-12-21T00:00:00.000000,1,0,0,0,1,389.0,1
203812___643760,cloudbeds,2026-12-22T00:00:00.000000,1,0,0,0,1,389.0,1
203812___643760,cloudbeds,2026-12-23T00:00:00.000000,1,0,0,0,1,389.0,1
203812___643760,cloudbeds,2026-12-24T00:00:00.000000,1,0,0,0,1,630.0,1
203812___643760,cloudbeds,2026-12-25T00:00:00.000000,1,0,0,0,1,1034.0,1
203812___643760,cloudbeds,2026-12-26T00:00:00.000000,1,0,0,0,1,1034.0,1
203812___643760,cloudbeds,2026-12-27T00:00:00.000000,1,0,0,0,1,419.0,1
203812___643760,cloudbeds,2026-12-28T00:00:00.000000,1,0,0,0,1,340.0,1
203812___643760,cloudbeds,2026-12-29T00:00:00.000000,1,0,0,0,1,340.0,1
203812___643760,cloudbeds,2026-12-30T00:00:00.000000,1,0,0,0,1,1362.0,1
203812___643760,cloudbeds,2026-12-31T00:00:00.000000,1,0,0,0,1,1362.0,1
203812___643760,cloudbeds,2027-01-01T00:00:00.000000,1,0,0,0,1,472.0,1
203812___643760,cloudbeds,2027-01-02T00:00:00.000000,1,0,0,0,1,472.0,1
203812___643760,cloudbeds,2027-01-03T00:00:00.000000,1,0,0,0,1,377.0,1
203812___643773,cloudbeds,2026-02-04T00:00:00.000000,2,1,0,0,2,252.0,1
203812___643773,cloudbeds,2026-02-05T00:00:00.000000,2,2,0,0,2,263.0,0
203812___643773,cloudbeds,2026-02-06T00:00:00.000000,2,2,0,0,2,579.0,0
203812___643773,cloudbeds,2026-02-07T00:00:00.000000,2,2,0,0,2,987.0,0
203812___643773,cloudbeds,2026-02-08T00:00:00.000000,2,2,0,0,2,461.0,0
203812___643773,cloudbeds,2026-02-09T00:00:00.000000,2,1,0,0,2,252.0,1
203812___643773,cloudbeds,2026-02-10T00:00:00.000000,2,2,0,0,2,252.0,0
203812___643773,cloudbeds,2026-02-11T00:00:00.000000,2,2,0,0,2,229.0,0
203812___643773,cloudbeds,2026-02-12T00:00:00.000000,2,1,0,0,2,251.0,1
203812___643773,cloudbeds,2026-02-13T00:00:00.000000,2,2,0,0,2,1580.0,0
203812___643773,cloudbeds,2026-02-14T00:00:00.000000,2,2,0,0,2,1580.0,0
203812___643773,cloudbeds,2026-02-15T00:00:00.000000,2,2,0,0,2,532.0,0
203812___643773,cloudbeds,2026-02-16T00:00:00.000000,2,2,0,0,2,434.0,0
203812___643773,cloudbeds,2026-02-17T00:00:00.000000,2,2,0,0,2,252.0,0
203812___643773,cloudbeds,2026-02-18T00:00:00.000000,2,1,0,0,2,252.0,1
203812___643773,cloudbeds,2026-02-19T00:00:00.000000,2,1,0,0,2,277.0,1
203812___643773,cloudbeds,2026-02-20T00:00:00.000000,2,2,0,0,2,987.0,0
203812___643773,cloudbeds,2026-02-21T00:00:00.000000,2,1,0,0,2,1086.0,1
203812___643773,cloudbeds,2026-02-22T00:00:00.000000,2,1,0,0,2,461.0,1
203812___643773,cloudbeds,2026-02-23T00:00:00.000000,2,2,0,0,2,302.0,0
203812___643773,cloudbeds,2026-02-24T00:00:00.000000,2,1,0,0,2,302.0,1
203812___643773,cloudbeds,2026-02-25T00:00:00.000000,2,1,0,0,2,302.0,1
203812___643773,cloudbeds,2026-02-26T00:00:00.000000,2,0,0,0,2,461.0,2
203812___643773,cloudbeds,2026-02-27T00:00:00.000000,2,0,0,0,2,987.0,2
203812___643773,cloudbeds,2026-02-28T00:00:00.000000,2,0,0,0,2,987.0,2
203812___643773,cloudbeds,2026-03-01T00:00:00.000000,2,2,0,0,2,680.0,0
203812___643773,cloudbeds,2026-03-02T00:00:00.000000,2,2,0,0,2,507.0,0
203812___643773,cloudbeds,2026-03-03T00:00:00.000000,2,1,0,0,2,507.0,1
203812___643773,cloudbeds,2026-03-04T00:00:00.000000,2,0,0,0,2,507.0,2
203812___643773,cloudbeds,2026-03-05T00:00:00.000000,2,0,0,0,2,680.0,2
203812___643773,cloudbeds,2026-03-06T00:00:00.000000,2,0,0,0,2,1324.0,2
203812___643773,cloudbeds,2026-03-07T00:00:00.000000,2,0,0,0,2,1324.0,2
203812___643773,cloudbeds,2026-03-08T00:00:00.000000,2,0,0,0,2,680.0,2
203812___643773,cloudbeds,2026-03-09T00:00:00.000000,2,1,0,0,2,558.0,1
203812___643773,cloudbeds,2026-03-10T00:00:00.000000,2,1,0,0,2,558.0,1
203812___643773,cloudbeds,2026-03-11T00:00:00.000000,2,0,0,0,2,558.0,2
203812___643773,cloudbeds,2026-03-12T00:00:00.000000,2,0,0,0,2,680.0,2
203812___643773,cloudbeds,2026-03-13T00:00:00.000000,2,0,0,0,2,1591.0,2
203812___643773,cloudbeds,2026-03-14T00:00:00.000000,2,0,0,0,2,1591.0,2
203812___643773,cloudbeds,2026-03-15T00:00:00.000000,2,0,0,0,2,817.0,2
203812___643773,cloudbeds,2026-03-16T00:00:00.000000,2,0,0,0,2,609.0,2
203812___643773,cloudbeds,2026-03-17T00:00:00.000000,2,1,0,0,2,609.0,1
203812___643773,cloudbeds,2026-03-18T00:00:00.000000,2,1,0,0,2,609.0,1
203812___643773,cloudbeds,2026-03-19T00:00:00.000000,2,0,0,0,2,817.0,2
203812___643773,cloudbeds,2026-03-20T00:00:00.000000,2,0,0,0,2,1591.0,2
203812___643773,cloudbeds,2026-03-21T00:00:00.000000,2,0,0,0,2,1591.0,2
203812___643773,cloudbeds,2026-03-22T00:00:00.000000,2,0,0,0,2,817.0,2
203812___643773,cloudbeds,2026-03-23T00:00:00.000000,2,1,0,0,2,558.0,1
203812___643773,cloudbeds,2026-03-24T00:00:00.000000,2,1,0,0,2,558.0,1
203812___643773,cloudbeds,2026-03-25T00:00:00.000000,2,0,0,0,2,558.0,2
203812___643773,cloudbeds,2026-03-26T00:00:00.000000,2,0,0,0,2,748.0,2
203812___643773,cloudbeds,2026-03-27T00:00:00.000000,2,0,0,0,2,1324.0,2
203812___643773,cloudbeds,2026-03-28T00:00:00.000000,2,0,0,0,2,1324.0,2
203812___643773,cloudbeds,2026-03-29T00:00:00.000000,2,0,0,0,2,680.0,2
203812___643773,cloudbeds,2026-03-30T00:00:00.000000,2,0,0,0,2,507.0,2
203812___643773,cloudbeds,2026-03-31T00:00:00.000000,2,0,0,0,2,507.0,2
203812___643773,cloudbeds,2026-04-01T00:00:00.000000,2,0,0,0,2,483.0,2
203812___643773,cloudbeds,2026-04-02T00:00:00.000000,2,0,0,0,2,578.0,2
203812___643773,cloudbeds,2026-04-03T00:00:00.000000,2,0,0,0,2,1353.0,2
203812___643773,cloudbeds,2026-04-04T00:00:00.000000,2,0,0,0,2,1353.0,2
203812___643773,cloudbeds,2026-04-05T00:00:00.000000,2,0,0,0,2,578.0,2
203812___643773,cloudbeds,2026-04-06T00:00:00.000000,2,0,0,0,2,483.0,2
203812___643773,cloudbeds,2026-04-07T00:00:00.000000,2,0,0,0,2,483.0,2
203812___643773,cloudbeds,2026-04-08T00:00:00.000000,2,0,0,0,2,483.0,2
203812___643773,cloudbeds,2026-04-09T00:00:00.000000,2,0,0,0,2,578.0,2
203812___643773,cloudbeds,2026-04-10T00:00:00.000000,2,0,0,0,2,1353.0,2
203812___643773,cloudbeds,2026-04-11T00:00:00.000000,2,0,0,0,2,1353.0,2
203812___643773,cloudbeds,2026-04-12T00:00:00.000000,2,0,0,0,2,578.0,2
203812___643773,cloudbeds,2026-04-13T00:00:00.000000,2,0,0,0,2,483.0,2
203812___643773,cloudbeds,2026-04-14T00:00:00.000000,2,0,0,0,2,483.0,2
203812___643773,cloudbeds,2026-04-15T00:00:00.000000,2,0,0,0,2,483.0,2
203812___643773,cloudbeds,2026-04-16T00:00:00.000000,2,1,0,0,2,578.0,1
203812___643773,cloudbeds,2026-04-17T00:00:00.000000,2,1,0,0,2,1353.0,1
203812___643773,cloudbeds,2026-04-18T00:00:00.000000,2,0,0,0,2,1353.0,2
203812___643773,cloudbeds,2026-04-19T00:00:00.000000,2,0,0,0,2,578.0,2
203812___643773,cloudbeds,2026-04-20T00:00:00.000000,2,0,0,0,2,483.0,2
203812___643773,cloudbeds,2026-04-21T00:00:00.000000,2,0,0,0,2,483.0,2
203812___643773,cloudbeds,2026-04-22T00:00:00.000000,2,0,0,0,2,483.0,2
203812___643773,cloudbeds,2026-04-23T00:00:00.000000,2,0,0,0,2,578.0,2
203812___643773,cloudbeds,2026-04-24T00:00:00.000000,2,0,0,0,2,1353.0,2
203812___643773,cloudbeds,2026-04-25T00:00:00.000000,2,0,0,0,2,1353.0,2
203812___643773,cloudbeds,2026-04-26T00:00:00.000000,2,0,0,0,2,578.0,2
203812___643773,cloudbeds,2026-04-27T00:00:00.000000,2,0,0,0,2,483.0,2
203812___643773,cloudbeds,2026-04-28T00:00:00.000000,2,0,0,0,2,483.0,2
203812___643773,cloudbeds,2026-04-29T00:00:00.000000,2,0,0,0,2,483.0,2
203812___643773,cloudbeds,2026-04-30T00:00:00.000000,2,0,0,0,2,578.0,2
203812___643773,cloudbeds,2026-05-01T00:00:00.000000,2,0,0,0,2,1285.0,2
203812___643773,cloudbeds,2026-05-02T00:00:00.000000,2,1,0,0,2,1285.0,1
203812___643773,cloudbeds,2026-05-03T00:00:00.000000,2,1,0,0,2,581.0,1
203812___643773,cloudbeds,2026-05-04T00:00:00.000000,2,1,0,0,2,494.0,1
203812___643773,cloudbeds,2026-05-05T00:00:00.000000,2,0,0,0,2,494.0,2
203812___643773,cloudbeds,2026-05-06T00:00:00.000000,2,0,0,0,2,494.0,2
203812___643773,cloudbeds,2026-05-07T00:00:00.000000,2,0,0,0,2,581.0,2
203812___643773,cloudbeds,2026-05-08T00:00:00.000000,2,0,0,0,2,1285.0,2
203812___643773,cloudbeds,2026-05-09T00:00:00.000000,2,0,0,0,2,1285.0,2
203812___643773,cloudbeds,2026-05-10T00:00:00.000000,2,0,0,0,2,581.0,2
203812___643773,cloudbeds,2026-05-11T00:00:00.000000,2,0,0,0,2,494.0,2
203812___643773,cloudbeds,2026-05-12T00:00:00.000000,2,0,0,0,2,494.0,2
203812___643773,cloudbeds,2026-05-13T00:00:00.000000,2,0,0,0,2,494.0,2
203812___643773,cloudbeds,2026-05-14T00:00:00.000000,2,0,0,0,2,581.0,2
203812___643773,cloudbeds,2026-05-15T00:00:00.000000,2,0,0,0,2,1285.0,2
203812___643773,cloudbeds,2026-05-16T00:00:00.000000,2,0,0,0,2,1285.0,2
203812___643773,cloudbeds,2026-05-17T00:00:00.000000,2,0,0,0,2,581.0,2
203812___643773,cloudbeds,2026-05-18T00:00:00.000000,2,0,0,0,2,494.0,2
203812___643773,cloudbeds,2026-05-19T00:00:00.000000,2,0,0,0,2,494.0,2
203812___643773,cloudbeds,2026-05-20T00:00:00.000000,2,0,0,0,2,494.0,2
203812___643773,cloudbeds,2026-05-21T00:00:00.000000,2,0,0,0,2,581.0,2
203812___643773,cloudbeds,2026-05-22T00:00:00.000000,2,0,0,0,2,1607.0,2
203812___643773,cloudbeds,2026-05-23T00:00:00.000000,2,0,0,0,2,1607.0,2
203812___643773,cloudbeds,2026-05-24T00:00:00.000000,2,0,0,0,2,726.0,2
203812___643773,cloudbeds,2026-05-25T00:00:00.000000,2,1,0,0,2,616.0,1
203812___643773,cloudbeds,2026-05-26T00:00:00.000000,2,1,0,0,2,494.0,1
203812___643773,cloudbeds,2026-05-27T00:00:00.000000,2,1,0,0,2,494.0,1
203812___643773,cloudbeds,2026-05-28T00:00:00.000000,2,0,0,0,2,581.0,2
203812___643773,cloudbeds,2026-05-29T00:00:00.000000,2,0,0,0,2,1285.0,2
203812___643773,cloudbeds,2026-05-30T00:00:00.000000,2,0,0,0,2,1285.0,2
203812___643773,cloudbeds,2026-05-31T00:00:00.000000,2,0,0,0,2,581.0,2
203812___643773,cloudbeds,2026-06-01T00:00:00.000000,2,0,0,0,2,464.0,2
203812___643773,cloudbeds,2026-06-02T00:00:00.000000,2,0,0,0,2,464.0,2
203812___643773,cloudbeds,2026-06-03T00:00:00.000000,2,0,0,0,2,464.0,2
203812___643773,cloudbeds,2026-06-04T00:00:00.000000,2,0,0,0,2,692.0,2
203812___643773,cloudbeds,2026-06-05T00:00:00.000000,2,0,0,0,2,1088.0,2
203812___643773,cloudbeds,2026-06-06T00:00:00.000000,2,0,0,0,2,1088.0,2
203812___643773,cloudbeds,2026-06-07T00:00:00.000000,2,0,0,0,2,692.0,2
203812___643773,cloudbeds,2026-06-08T00:00:00.000000,2,0,0,0,2,464.0,2
203812___643773,cloudbeds,2026-06-09T00:00:00.000000,2,0,0,0,2,464.0,2
203812___643773,cloudbeds,2026-06-10T00:00:00.000000,2,0,0,0,2,464.0,2
203812___643773,cloudbeds,2026-06-11T00:00:00.000000,2,0,0,0,2,692.0,2
203812___643773,cloudbeds,2026-06-12T00:00:00.000000,2,0,0,0,2,1088.0,2
203812___643773,cloudbeds,2026-06-13T00:00:00.000000,2,0,0,0,2,1088.0,2
203812___643773,cloudbeds,2026-06-14T00:00:00.000000,2,0,0,0,2,692.0,2
203812___643773,cloudbeds,2026-06-15T00:00:00.000000,2,0,0,0,2,464.0,2
203812___643773,cloudbeds,2026-06-16T00:00:00.000000,2,0,0,0,2,464.0,2
203812___643773,cloudbeds,2026-06-17T00:00:00.000000,2,0,0,0,2,464.0,2
203812___643773,cloudbeds,2026-06-18T00:00:00.000000,2,0,0,0,2,692.0,2
203812___643773,cloudbeds,2026-06-19T00:00:00.000000,2,0,0,0,2,1088.0,2
203812___643773,cloudbeds,2026-06-20T00:00:00.000000,2,0,0,0,2,1088.0,2
203812___643773,cloudbeds,2026-06-21T00:00:00.000000,2,0,0,0,2,692.0,2
203812___643773,cloudbeds,2026-06-22T00:00:00.000000,2,0,0,0,2,464.0,2
203812___643773,cloudbeds,2026-06-23T00:00:00.000000,2,0,0,0,2,464.0,2
203812___643773,cloudbeds,2026-06-24T00:00:00.000000,2,0,0,0,2,464.0,2
203812___643773,cloudbeds,2026-06-25T00:00:00.000000,2,0,0,0,2,692.0,2
203812___643773,cloudbeds,2026-06-26T00:00:00.000000,2,0,0,0,2,1088.0,2
203812___643773,cloudbeds,2026-06-27T00:00:00.000000,2,0,0,0,2,1088.0,2
203812___643773,cloudbeds,2026-06-28T00:00:00.000000,2,0,0,0,2,692.0,2
203812___643773,cloudbeds,2026-06-29T00:00:00.000000,2,0,0,0,2,464.0,2
203812___643773,cloudbeds,2026-06-30T00:00:00.000000,2,0,0,0,2,464.0,2
203812___643773,cloudbeds,2026-07-01T00:00:00.000000,2,0,0,0,2,450.0,2
203812___643773,cloudbeds,2026-07-02T00:00:00.000000,2,0,0,0,2,765.0,2
203812___643773,cloudbeds,2026-07-03T00:00:00.000000,2,0,0,0,2,1414.0,2
203812___643773,cloudbeds,2026-07-04T00:00:00.000000,2,0,0,0,2,1414.0,2
203812___643773,cloudbeds,2026-07-05T00:00:00.000000,2,0,0,0,2,765.0,2
203812___643773,cloudbeds,2026-07-06T00:00:00.000000,2,0,0,0,2,450.0,2
203812___643773,cloudbeds,2026-07-07T00:00:00.000000,2,1,0,0,2,450.0,1
203812___643773,cloudbeds,2026-07-08T00:00:00.000000,2,1,0,0,2,450.0,1
203812___643773,cloudbeds,2026-07-09T00:00:00.000000,2,0,0,0,2,589.0,2
203812___643773,cloudbeds,2026-07-10T00:00:00.000000,2,0,0,0,2,1089.0,2
203812___643773,cloudbeds,2026-07-11T00:00:00.000000,2,0,0,0,2,1089.0,2
203812___643773,cloudbeds,2026-07-12T00:00:00.000000,2,0,0,0,2,589.0,2
203812___643773,cloudbeds,2026-07-13T00:00:00.000000,2,0,0,0,2,450.0,2
203812___643773,cloudbeds,2026-07-14T00:00:00.000000,2,0,0,0,2,450.0,2
203812___643773,cloudbeds,2026-07-15T00:00:00.000000,2,0,0,0,2,450.0,2
203812___643773,cloudbeds,2026-07-16T00:00:00.000000,2,0,0,0,2,589.0,2
203812___643773,cloudbeds,2026-07-17T00:00:00.000000,2,0,0,0,2,1089.0,2
203812___643773,cloudbeds,2026-07-18T00:00:00.000000,2,0,0,0,2,1089.0,2
203812___643773,cloudbeds,2026-07-19T00:00:00.000000,2,0,0,0,2,589.0,2
203812___643773,cloudbeds,2026-07-20T00:00:00.000000,2,0,0,0,2,450.0,2
203812___643773,cloudbeds,2026-07-21T00:00:00.000000,2,0,0,0,2,450.0,2
203812___643773,cloudbeds,2026-07-22T00:00:00.000000,2,0,0,0,2,450.0,2
203812___643773,cloudbeds,2026-07-23T00:00:00.000000,2,0,0,0,2,589.0,2
203812___643773,cloudbeds,2026-07-24T00:00:00.000000,2,0,0,0,2,1089.0,2
203812___643773,cloudbeds,2026-07-25T00:00:00.000000,2,0,0,0,2,1089.0,2
203812___643773,cloudbeds,2026-07-26T00:00:00.000000,2,0,0,0,2,589.0,2
203812___643773,cloudbeds,2026-07-27T00:00:00.000000,2,0,0,0,2,450.0,2
203812___643773,cloudbeds,2026-07-28T00:00:00.000000,2,0,0,0,2,450.0,2
203812___643773,cloudbeds,2026-07-29T00:00:00.000000,2,0,0,0,2,474.0,2
203812___643773,cloudbeds,2026-07-30T00:00:00.000000,2,0,0,0,2,621.0,2
203812___643773,cloudbeds,2026-07-31T00:00:00.000000,2,0,0,0,2,1147.0,2
203812___643773,cloudbeds,2026-08-01T00:00:00.000000,2,0,0,0,2,990.0,2
203812___643773,cloudbeds,2026-08-02T00:00:00.000000,2,0,0,0,2,553.0,2
203812___643773,cloudbeds,2026-08-03T00:00:00.000000,2,0,0,0,2,474.0,2
203812___643773,cloudbeds,2026-08-04T00:00:00.000000,2,0,0,0,2,474.0,2
203812___643773,cloudbeds,2026-08-05T00:00:00.000000,2,0,0,0,2,474.0,2
203812___643773,cloudbeds,2026-08-06T00:00:00.000000,2,0,0,0,2,553.0,2
203812___643773,cloudbeds,2026-08-07T00:00:00.000000,2,0,0,0,2,990.0,2
203812___643773,cloudbeds,2026-08-08T00:00:00.000000,2,0,0,0,2,990.0,2
203812___643773,cloudbeds,2026-08-09T00:00:00.000000,2,0,0,0,2,553.0,2
203812___643773,cloudbeds,2026-08-10T00:00:00.000000,2,0,0,0,2,474.0,2
203812___643773,cloudbeds,2026-08-11T00:00:00.000000,2,0,0,0,2,474.0,2
203812___643773,cloudbeds,2026-08-12T00:00:00.000000,2,0,0,0,2,474.0,2
203812___643773,cloudbeds,2026-08-13T00:00:00.000000,2,0,0,0,2,553.0,2
203812___643773,cloudbeds,2026-08-14T00:00:00.000000,2,0,0,0,2,990.0,2
203812___643773,cloudbeds,2026-08-15T00:00:00.000000,2,0,0,0,2,990.0,2
203812___643773,cloudbeds,2026-08-16T00:00:00.000000,2,0,0,0,2,553.0,2
203812___643773,cloudbeds,2026-08-17T00:00:00.000000,2,0,0,0,2,474.0,2
203812___643773,cloudbeds,2026-08-18T00:00:00.000000,2,0,0,0,2,474.0,2
203812___643773,cloudbeds,2026-08-19T00:00:00.000000,2,0,0,0,2,474.0,2
203812___643773,cloudbeds,2026-08-20T00:00:00.000000,2,0,0,0,2,553.0,2
203812___643773,cloudbeds,2026-08-21T00:00:00.000000,2,0,0,0,2,990.0,2
203812___643773,cloudbeds,2026-08-22T00:00:00.000000,2,0,0,0,2,990.0,2
203812___643773,cloudbeds,2026-08-23T00:00:00.000000,2,0,0,0,2,553.0,2
203812___643773,cloudbeds,2026-08-24T00:00:00.000000,2,0,0,0,2,474.0,2
203812___643773,cloudbeds,2026-08-25T00:00:00.000000,2,0,0,0,2,474.0,2
203812___643773,cloudbeds,2026-08-26T00:00:00.000000,2,0,0,0,2,474.0,2
203812___643773,cloudbeds,2026-08-27T00:00:00.000000,2,0,0,0,2,553.0,2
203812___643773,cloudbeds,2026-08-28T00:00:00.000000,2,0,0,0,2,990.0,2
203812___643773,cloudbeds,2026-08-29T00:00:00.000000,2,0,0,0,2,990.0,2
203812___643773,cloudbeds,2026-08-30T00:00:00.000000,2,0,0,0,2,553.0,2
203812___643773,cloudbeds,2026-08-31T00:00:00.000000,2,0,0,0,2,474.0,2
203812___643773,cloudbeds,2026-09-01T00:00:00.000000,2,0,0,0,2,565.0,2
203812___643773,cloudbeds,2026-09-02T00:00:00.000000,2,0,0,0,2,565.0,2
203812___643773,cloudbeds,2026-09-03T00:00:00.000000,2,0,0,0,2,743.0,2
203812___643773,cloudbeds,2026-09-04T00:00:00.000000,2,0,0,0,2,1479.0,2
203812___643773,cloudbeds,2026-09-05T00:00:00.000000,2,0,0,0,2,1479.0,2
203812___643773,cloudbeds,2026-09-06T00:00:00.000000,2,0,0,0,2,893.0,2
203812___643773,cloudbeds,2026-09-07T00:00:00.000000,2,0,0,0,2,681.0,2
203812___643773,cloudbeds,2026-09-08T00:00:00.000000,2,0,0,0,2,565.0,2
203812___643773,cloudbeds,2026-09-09T00:00:00.000000,2,0,0,0,2,565.0,2
203812___643773,cloudbeds,2026-09-10T00:00:00.000000,2,0,0,0,2,743.0,2
203812___643773,cloudbeds,2026-09-11T00:00:00.000000,2,0,0,0,2,1232.0,2
203812___643773,cloudbeds,2026-09-12T00:00:00.000000,2,0,0,0,2,1232.0,2
203812___643773,cloudbeds,2026-09-13T00:00:00.000000,2,0,0,0,2,743.0,2
203812___643773,cloudbeds,2026-09-14T00:00:00.000000,2,0,0,0,2,565.0,2
203812___643773,cloudbeds,2026-09-15T00:00:00.000000,2,0,0,0,2,565.0,2
203812___643773,cloudbeds,2026-09-16T00:00:00.000000,2,0,0,0,2,565.0,2
203812___643773,cloudbeds,2026-09-17T00:00:00.000000,2,0,0,0,2,743.0,2
203812___643773,cloudbeds,2026-09-18T00:00:00.000000,2,0,0,0,2,1232.0,2
203812___643773,cloudbeds,2026-09-19T00:00:00.000000,2,0,0,0,2,1232.0,2
203812___643773,cloudbeds,2026-09-20T00:00:00.000000,2,0,0,0,2,743.0,2
203812___643773,cloudbeds,2026-09-21T00:00:00.000000,2,0,0,0,2,565.0,2
203812___643773,cloudbeds,2026-09-22T00:00:00.000000,2,0,0,0,2,565.0,2
203812___643773,cloudbeds,2026-09-23T00:00:00.000000,2,0,0,0,2,565.0,2
203812___643773,cloudbeds,2026-09-24T00:00:00.000000,2,0,0,0,2,743.0,2
203812___643773,cloudbeds,2026-09-25T00:00:00.000000,2,0,0,0,2,1232.0,2
203812___643773,cloudbeds,2026-09-26T00:00:00.000000,2,0,0,0,2,1232.0,2
203812___643773,cloudbeds,2026-09-27T00:00:00.000000,2,0,0,0,2,743.0,2
203812___643773,cloudbeds,2026-09-28T00:00:00.000000,2,0,0,0,2,565.0,2
203812___643773,cloudbeds,2026-09-29T00:00:00.000000,2,0,0,0,2,565.0,2
203812___643773,cloudbeds,2026-09-30T00:00:00.000000,2,0,0,0,2,565.0,2
203812___643773,cloudbeds,2026-10-01T00:00:00.000000,2,0,0,0,2,857.0,2
203812___643773,cloudbeds,2026-10-02T00:00:00.000000,2,0,0,0,2,1414.0,2
203812___643773,cloudbeds,2026-10-03T00:00:00.000000,2,0,0,0,2,1414.0,2
203812___643773,cloudbeds,2026-10-04T00:00:00.000000,2,0,0,0,2,857.0,2
203812___643773,cloudbeds,2026-10-05T00:00:00.000000,2,0,0,0,2,644.0,2
203812___643773,cloudbeds,2026-10-06T00:00:00.000000,2,0,0,0,2,644.0,2
203812___643773,cloudbeds,2026-10-07T00:00:00.000000,2,0,0,0,2,644.0,2
203812___643773,cloudbeds,2026-10-08T00:00:00.000000,2,0,0,0,2,857.0,2
203812___643773,cloudbeds,2026-10-09T00:00:00.000000,2,0,0,0,2,1555.0,2
203812___643773,cloudbeds,2026-10-10T00:00:00.000000,2,0,0,0,2,1555.0,2
203812___643773,cloudbeds,2026-10-11T00:00:00.000000,2,0,0,0,2,943.0,2
203812___643773,cloudbeds,2026-10-12T00:00:00.000000,2,0,0,0,2,709.0,2
203812___643773,cloudbeds,2026-10-13T00:00:00.000000,2,0,0,0,2,644.0,2
203812___643773,cloudbeds,2026-10-14T00:00:00.000000,2,0,0,0,2,644.0,2
203812___643773,cloudbeds,2026-10-15T00:00:00.000000,2,0,0,0,2,857.0,2
203812___643773,cloudbeds,2026-10-16T00:00:00.000000,2,0,0,0,2,1414.0,2
203812___643773,cloudbeds,2026-10-17T00:00:00.000000,2,0,0,0,2,1414.0,2
203812___643773,cloudbeds,2026-10-18T00:00:00.000000,2,0,0,0,2,857.0,2
203812___643773,cloudbeds,2026-10-19T00:00:00.000000,2,0,0,0,2,644.0,2
203812___643773,cloudbeds,2026-10-20T00:00:00.000000,2,0,0,0,2,644.0,2
203812___643773,cloudbeds,2026-10-21T00:00:00.000000,2,0,0,0,2,644.0,2
203812___643773,cloudbeds,2026-10-22T00:00:00.000000,2,0,0,0,2,857.0,2
203812___643773,cloudbeds,2026-10-23T00:00:00.000000,2,0,0,0,2,1414.0,2
203812___643773,cloudbeds,2026-10-24T00:00:00.000000,2,0,0,0,2,1414.0,2
203812___643773,cloudbeds,2026-10-25T00:00:00.000000,2,0,0,0,2,857.0,2
203812___643773,cloudbeds,2026-10-26T00:00:00.000000,2,0,0,0,2,644.0,2
203812___643773,cloudbeds,2026-10-27T00:00:00.000000,2,0,0,0,2,644.0,2
203812___643773,cloudbeds,2026-10-28T00:00:00.000000,2,0,0,0,2,644.0,2
203812___643773,cloudbeds,2026-10-29T00:00:00.000000,2,0,0,0,2,857.0,2
203812___643773,cloudbeds,2026-10-30T00:00:00.000000,2,0,0,0,2,1414.0,2
203812___643773,cloudbeds,2026-10-31T00:00:00.000000,2,0,0,0,2,1414.0,2
203812___643773,cloudbeds,2026-11-01T00:00:00.000000,2,0,0,0,2,807.0,2
203812___643773,cloudbeds,2026-11-02T00:00:00.000000,2,0,0,0,2,597.0,2
203812___643773,cloudbeds,2026-11-03T00:00:00.000000,2,0,0,0,2,597.0,2
203812___643773,cloudbeds,2026-11-04T00:00:00.000000,2,0,0,0,2,597.0,2
203812___643773,cloudbeds,2026-11-05T00:00:00.000000,2,0,0,0,2,807.0,2
203812___643773,cloudbeds,2026-11-06T00:00:00.000000,2,0,0,0,2,1318.0,2
203812___643773,cloudbeds,2026-11-07T00:00:00.000000,2,0,0,0,2,1318.0,2
203812___643773,cloudbeds,2026-11-08T00:00:00.000000,2,0,0,0,2,807.0,2
203812___643773,cloudbeds,2026-11-09T00:00:00.000000,2,0,0,0,2,597.0,2
203812___643773,cloudbeds,2026-11-10T00:00:00.000000,2,0,0,0,2,597.0,2
203812___643773,cloudbeds,2026-11-11T00:00:00.000000,2,0,0,0,2,597.0,2
203812___643773,cloudbeds,2026-11-12T00:00:00.000000,2,0,0,0,2,807.0,2
203812___643773,cloudbeds,2026-11-13T00:00:00.000000,2,0,0,0,2,1318.0,2
203812___643773,cloudbeds,2026-11-14T00:00:00.000000,2,0,0,0,2,1318.0,2
203812___643773,cloudbeds,2026-11-15T00:00:00.000000,2,0,0,0,2,807.0,2
203812___643773,cloudbeds,2026-11-16T00:00:00.000000,2,0,0,0,2,597.0,2
203812___643773,cloudbeds,2026-11-17T00:00:00.000000,2,0,0,0,2,597.0,2
203812___643773,cloudbeds,2026-11-18T00:00:00.000000,2,0,0,0,2,597.0,2
203812___643773,cloudbeds,2026-11-19T00:00:00.000000,2,0,0,0,2,807.0,2
203812___643773,cloudbeds,2026-11-20T00:00:00.000000,2,0,0,0,2,1318.0,2
203812___643773,cloudbeds,2026-11-21T00:00:00.000000,2,0,0,0,2,1318.0,2
203812___643773,cloudbeds,2026-11-22T00:00:00.000000,2,0,0,0,2,807.0,2
203812___643773,cloudbeds,2026-11-23T00:00:00.000000,2,0,0,0,2,597.0,2
203812___643773,cloudbeds,2026-11-24T00:00:00.000000,2,0,0,0,2,597.0,2
203812___643773,cloudbeds,2026-11-25T00:00:00.000000,2,0,0,0,2,597.0,2
203812___643773,cloudbeds,2026-11-26T00:00:00.000000,2,0,0,0,2,1130.0,2
203812___643773,cloudbeds,2026-11-27T00:00:00.000000,2,0,0,0,2,1318.0,2
203812___643773,cloudbeds,2026-11-28T00:00:00.000000,2,0,0,0,2,1318.0,2
203812___643773,cloudbeds,2026-11-29T00:00:00.000000,2,0,0,0,2,807.0,2
203812___643773,cloudbeds,2026-11-30T00:00:00.000000,2,0,0,0,2,597.0,2
203812___643773,cloudbeds,2026-12-01T00:00:00.000000,2,0,0,0,2,622.0,2
203812___643773,cloudbeds,2026-12-02T00:00:00.000000,2,0,0,0,2,622.0,2
203812___643773,cloudbeds,2026-12-03T00:00:00.000000,2,0,0,0,2,782.0,2
203812___643773,cloudbeds,2026-12-04T00:00:00.000000,2,0,0,0,2,1242.0,2
203812___643773,cloudbeds,2026-12-05T00:00:00.000000,2,0,0,0,2,1242.0,2
203812___643773,cloudbeds,2026-12-06T00:00:00.000000,2,0,0,0,2,782.0,2
203812___643773,cloudbeds,2026-12-07T00:00:00.000000,2,0,0,0,2,622.0,2
203812___643773,cloudbeds,2026-12-08T00:00:00.000000,2,0,0,0,2,622.0,2
203812___643773,cloudbeds,2026-12-09T00:00:00.000000,2,0,0,0,2,622.0,2
203812___643773,cloudbeds,2026-12-10T00:00:00.000000,2,0,0,0,2,782.0,2
203812___643773,cloudbeds,2026-12-11T00:00:00.000000,2,0,0,0,2,1242.0,2
203812___643773,cloudbeds,2026-12-12T00:00:00.000000,2,0,0,0,2,1242.0,2
203812___643773,cloudbeds,2026-12-13T00:00:00.000000,2,0,0,0,2,782.0,2
203812___643773,cloudbeds,2026-12-14T00:00:00.000000,2,0,0,0,2,622.0,2
203812___643773,cloudbeds,2026-12-15T00:00:00.000000,2,0,0,0,2,622.0,2
203812___643773,cloudbeds,2026-12-16T00:00:00.000000,2,0,0,0,2,622.0,2
203812___643773,cloudbeds,2026-12-17T00:00:00.000000,2,0,0,0,2,782.0,2
203812___643773,cloudbeds,2026-12-18T00:00:00.000000,2,0,0,0,2,1429.0,2
203812___643773,cloudbeds,2026-12-19T00:00:00.000000,2,0,0,0,2,1429.0,2
203812___643773,cloudbeds,2026-12-20T00:00:00.000000,2,0,0,0,2,899.0,2
203812___643773,cloudbeds,2026-12-21T00:00:00.000000,2,0,0,0,2,714.0,2
203812___643773,cloudbeds,2026-12-22T00:00:00.000000,2,0,0,0,2,714.0,2
203812___643773,cloudbeds,2026-12-23T00:00:00.000000,2,0,0,0,2,714.0,2
203812___643773,cloudbeds,2026-12-24T00:00:00.000000,2,0,0,0,2,1174.0,2
203812___643773,cloudbeds,2026-12-25T00:00:00.000000,2,0,0,0,2,2487.0,2
203812___643773,cloudbeds,2026-12-26T00:00:00.000000,2,0,0,0,2,2487.0,2
203812___643773,cloudbeds,2026-12-27T00:00:00.000000,2,0,0,0,2,782.0,2
203812___643773,cloudbeds,2026-12-28T00:00:00.000000,2,0,0,0,2,622.0,2
203812___643773,cloudbeds,2026-12-29T00:00:00.000000,2,0,0,0,2,622.0,2
203812___643773,cloudbeds,2026-12-30T00:00:00.000000,2,0,0,0,2,2491.0,2
203812___643773,cloudbeds,2026-12-31T00:00:00.000000,2,0,0,0,2,2491.0,2
203812___643773,cloudbeds,2027-01-01T00:00:00.000000,2,0,0,0,2,1151.0,2
203812___643773,cloudbeds,2027-01-02T00:00:00.000000,2,0,0,0,2,1151.0,2
203812___643773,cloudbeds,2027-01-03T00:00:00.000000,2,0,0,0,2,618.0,2
203812___643772,cloudbeds,2026-02-04T00:00:00.000000,1,1,0,0,1,252.0,0
203812___643772,cloudbeds,2026-02-05T00:00:00.000000,1,0,0,0,1,263.0,1
203812___643772,cloudbeds,2026-02-06T00:00:00.000000,1,1,0,0,1,793.0,0
203812___643772,cloudbeds,2026-02-07T00:00:00.000000,1,1,0,0,1,793.0,0
203812___643772,cloudbeds,2026-02-08T00:00:00.000000,1,0,0,0,1,269.0,1
203812___643772,cloudbeds,2026-02-09T00:00:00.000000,1,0,0,0,1,252.0,1
203812___643772,cloudbeds,2026-02-10T00:00:00.000000,1,0,0,0,1,252.0,1
203812___643772,cloudbeds,2026-02-11T00:00:00.000000,1,0,0,0,1,277.0,1
203812___643772,cloudbeds,2026-02-12T00:00:00.000000,1,0,0,0,1,352.0,1
203812___643772,cloudbeds,2026-02-13T00:00:00.000000,1,1,0,0,1,1270.0,0
203812___643772,cloudbeds,2026-02-14T00:00:00.000000,1,1,0,0,1,1397.0,0
203812___643772,cloudbeds,2026-02-15T00:00:00.000000,1,0,0,0,1,537.0,1
203812___643772,cloudbeds,2026-02-16T00:00:00.000000,1,1,0,0,1,252.0,0
203812___643772,cloudbeds,2026-02-17T00:00:00.000000,1,0,0,0,1,252.0,1
203812___643772,cloudbeds,2026-02-18T00:00:00.000000,1,0,0,0,1,252.0,1
203812___643772,cloudbeds,2026-02-19T00:00:00.000000,1,1,0,0,1,469.0,0
203812___643772,cloudbeds,2026-02-20T00:00:00.000000,1,1,0,0,1,1057.0,0
203812___643772,cloudbeds,2026-02-21T00:00:00.000000,1,1,0,0,1,1057.0,0
203812___643772,cloudbeds,2026-02-22T00:00:00.000000,1,1,0,0,1,469.0,0
203812___643772,cloudbeds,2026-02-23T00:00:00.000000,1,0,0,0,1,237.0,1
203812___643772,cloudbeds,2026-02-24T00:00:00.000000,1,0,0,0,1,237.0,1
203812___643772,cloudbeds,2026-02-25T00:00:00.000000,1,0,0,0,1,237.0,1
203812___643772,cloudbeds,2026-02-26T00:00:00.000000,1,0,0,0,1,352.0,1
203812___643772,cloudbeds,2026-02-27T00:00:00.000000,1,0,0,0,1,793.0,1
203812___643772,cloudbeds,2026-02-28T00:00:00.000000,1,0,0,0,1,793.0,1
203812___643772,cloudbeds,2026-03-01T00:00:00.000000,1,1,0,0,1,392.0,0
203812___643772,cloudbeds,2026-03-02T00:00:00.000000,1,0,0,0,1,385.0,1
203812___643772,cloudbeds,2026-03-03T00:00:00.000000,1,0,0,0,1,385.0,1
203812___643772,cloudbeds,2026-03-04T00:00:00.000000,1,0,0,0,1,385.0,1
203812___643772,cloudbeds,2026-03-05T00:00:00.000000,1,0,0,0,1,523.0,1
203812___643772,cloudbeds,2026-03-06T00:00:00.000000,1,0,0,0,1,1042.0,1
203812___643772,cloudbeds,2026-03-07T00:00:00.000000,1,0,0,0,1,1042.0,1
203812___643772,cloudbeds,2026-03-08T00:00:00.000000,1,0,0,0,1,523.0,1
203812___643772,cloudbeds,2026-03-09T00:00:00.000000,1,0,0,0,1,424.0,1
203812___643772,cloudbeds,2026-03-10T00:00:00.000000,1,0,0,0,1,424.0,1
203812___643772,cloudbeds,2026-03-11T00:00:00.000000,1,0,0,0,1,424.0,1
203812___643772,cloudbeds,2026-03-12T00:00:00.000000,1,0,0,0,1,523.0,1
203812___643772,cloudbeds,2026-03-13T00:00:00.000000,1,0,0,0,1,1251.0,1
203812___643772,cloudbeds,2026-03-14T00:00:00.000000,1,0,0,0,1,1251.0,1
203812___643772,cloudbeds,2026-03-15T00:00:00.000000,1,0,0,0,1,627.0,1
203812___643772,cloudbeds,2026-03-16T00:00:00.000000,1,0,0,0,1,462.0,1
203812___643772,cloudbeds,2026-03-17T00:00:00.000000,1,0,0,0,1,462.0,1
203812___643772,cloudbeds,2026-03-18T00:00:00.000000,1,0,0,0,1,462.0,1
203812___643772,cloudbeds,2026-03-19T00:00:00.000000,1,0,0,0,1,627.0,1
203812___643772,cloudbeds,2026-03-20T00:00:00.000000,1,0,0,0,1,1251.0,1
203812___643772,cloudbeds,2026-03-21T00:00:00.000000,1,0,0,0,1,1251.0,1
203812___643772,cloudbeds,2026-03-22T00:00:00.000000,1,0,0,0,1,627.0,1
203812___643772,cloudbeds,2026-03-23T00:00:00.000000,1,0,0,0,1,424.0,1
203812___643772,cloudbeds,2026-03-24T00:00:00.000000,1,0,0,0,1,424.0,1
203812___643772,cloudbeds,2026-03-25T00:00:00.000000,1,0,0,0,1,424.0,1
203812___643772,cloudbeds,2026-03-26T00:00:00.000000,1,0,0,0,1,575.0,1
203812___643772,cloudbeds,2026-03-27T00:00:00.000000,1,0,0,0,1,1042.0,1
203812___643772,cloudbeds,2026-03-28T00:00:00.000000,1,0,0,0,1,1042.0,1
203812___643772,cloudbeds,2026-03-29T00:00:00.000000,1,0,0,0,1,523.0,1
203812___643772,cloudbeds,2026-03-30T00:00:00.000000,1,0,0,0,1,385.0,1
203812___643772,cloudbeds,2026-03-31T00:00:00.000000,1,0,0,0,1,385.0,1
203812___643772,cloudbeds,2026-04-01T00:00:00.000000,1,0,0,0,1,364.0,1
203812___643772,cloudbeds,2026-04-02T00:00:00.000000,1,0,0,0,1,439.0,1
203812___643772,cloudbeds,2026-04-03T00:00:00.000000,1,0,0,0,1,947.0,1
203812___643772,cloudbeds,2026-04-04T00:00:00.000000,1,0,0,0,1,947.0,1
203812___643772,cloudbeds,2026-04-05T00:00:00.000000,1,0,0,0,1,439.0,1
203812___643772,cloudbeds,2026-04-06T00:00:00.000000,1,0,0,0,1,364.0,1
203812___643772,cloudbeds,2026-04-07T00:00:00.000000,1,0,0,0,1,364.0,1
203812___643772,cloudbeds,2026-04-08T00:00:00.000000,1,0,0,0,1,364.0,1
203812___643772,cloudbeds,2026-04-09T00:00:00.000000,1,0,0,0,1,439.0,1
203812___643772,cloudbeds,2026-04-10T00:00:00.000000,1,0,0,0,1,947.0,1
203812___643772,cloudbeds,2026-04-11T00:00:00.000000,1,0,0,0,1,947.0,1
203812___643772,cloudbeds,2026-04-12T00:00:00.000000,1,0,0,0,1,439.0,1
203812___643772,cloudbeds,2026-04-13T00:00:00.000000,1,0,0,0,1,364.0,1
203812___643772,cloudbeds,2026-04-14T00:00:00.000000,1,0,0,0,1,364.0,1
203812___643772,cloudbeds,2026-04-15T00:00:00.000000,1,0,0,0,1,364.0,1
203812___643772,cloudbeds,2026-04-16T00:00:00.000000,1,0,0,0,1,439.0,1
203812___643772,cloudbeds,2026-04-17T00:00:00.000000,1,0,0,0,1,947.0,1
203812___643772,cloudbeds,2026-04-18T00:00:00.000000,1,0,0,0,1,947.0,1
203812___643772,cloudbeds,2026-04-19T00:00:00.000000,1,0,0,0,1,439.0,1
203812___643772,cloudbeds,2026-04-20T00:00:00.000000,1,0,0,0,1,364.0,1
203812___643772,cloudbeds,2026-04-21T00:00:00.000000,1,0,0,0,1,364.0,1
203812___643772,cloudbeds,2026-04-22T00:00:00.000000,1,0,0,0,1,364.0,1
203812___643772,cloudbeds,2026-04-23T00:00:00.000000,1,0,0,0,1,439.0,1
203812___643772,cloudbeds,2026-04-24T00:00:00.000000,1,0,0,0,1,947.0,1
203812___643772,cloudbeds,2026-04-25T00:00:00.000000,1,0,0,0,1,947.0,1
203812___643772,cloudbeds,2026-04-26T00:00:00.000000,1,0,0,0,1,439.0,1
203812___643772,cloudbeds,2026-04-27T00:00:00.000000,1,0,0,0,1,364.0,1
203812___643772,cloudbeds,2026-04-28T00:00:00.000000,1,0,0,0,1,364.0,1
203812___643772,cloudbeds,2026-04-29T00:00:00.000000,1,0,0,0,1,364.0,1
203812___643772,cloudbeds,2026-04-30T00:00:00.000000,1,0,0,0,1,439.0,1
203812___643772,cloudbeds,2026-05-01T00:00:00.000000,1,0,0,0,1,931.0,1
203812___643772,cloudbeds,2026-05-02T00:00:00.000000,1,0,0,0,1,931.0,1
203812___643772,cloudbeds,2026-05-03T00:00:00.000000,1,0,0,0,1,442.0,1
203812___643772,cloudbeds,2026-05-04T00:00:00.000000,1,0,0,0,1,371.0,1
203812___643772,cloudbeds,2026-05-05T00:00:00.000000,1,0,0,0,1,371.0,1
203812___643772,cloudbeds,2026-05-06T00:00:00.000000,1,0,0,0,1,371.0,1
203812___643772,cloudbeds,2026-05-07T00:00:00.000000,1,0,0,0,1,442.0,1
203812___643772,cloudbeds,2026-05-08T00:00:00.000000,1,0,0,0,1,931.0,1
203812___643772,cloudbeds,2026-05-09T00:00:00.000000,1,0,0,0,1,931.0,1
203812___643772,cloudbeds,2026-05-10T00:00:00.000000,1,0,0,0,1,442.0,1
203812___643772,cloudbeds,2026-05-11T00:00:00.000000,1,0,0,0,1,371.0,1
203812___643772,cloudbeds,2026-05-12T00:00:00.000000,1,0,0,0,1,371.0,1
203812___643772,cloudbeds,2026-05-13T00:00:00.000000,1,0,0,0,1,371.0,1
203812___643772,cloudbeds,2026-05-14T00:00:00.000000,1,0,0,0,1,442.0,1
203812___643772,cloudbeds,2026-05-15T00:00:00.000000,1,0,0,0,1,931.0,1
203812___643772,cloudbeds,2026-05-16T00:00:00.000000,1,0,0,0,1,931.0,1
203812___643772,cloudbeds,2026-05-17T00:00:00.000000,1,0,0,0,1,442.0,1
203812___643772,cloudbeds,2026-05-18T00:00:00.000000,1,0,0,0,1,371.0,1
203812___643772,cloudbeds,2026-05-19T00:00:00.000000,1,0,0,0,1,371.0,1
203812___643772,cloudbeds,2026-05-20T00:00:00.000000,1,0,0,0,1,371.0,1
203812___643772,cloudbeds,2026-05-21T00:00:00.000000,1,0,0,0,1,442.0,1
203812___643772,cloudbeds,2026-05-22T00:00:00.000000,1,0,0,0,1,1164.0,1
203812___643772,cloudbeds,2026-05-23T00:00:00.000000,1,0,0,0,1,1164.0,1
203812___643772,cloudbeds,2026-05-24T00:00:00.000000,1,0,0,0,1,553.0,1
203812___643772,cloudbeds,2026-05-25T00:00:00.000000,1,0,0,0,1,465.0,1
203812___643772,cloudbeds,2026-05-26T00:00:00.000000,1,0,0,0,1,371.0,1
203812___643772,cloudbeds,2026-05-27T00:00:00.000000,1,0,0,0,1,371.0,1
203812___643772,cloudbeds,2026-05-28T00:00:00.000000,1,0,0,0,1,442.0,1
203812___643772,cloudbeds,2026-05-29T00:00:00.000000,1,0,0,0,1,931.0,1
203812___643772,cloudbeds,2026-05-30T00:00:00.000000,1,0,0,0,1,931.0,1
203812___643772,cloudbeds,2026-05-31T00:00:00.000000,1,0,0,0,1,442.0,1
203812___643772,cloudbeds,2026-06-01T00:00:00.000000,1,0,0,0,1,364.0,1
203812___643772,cloudbeds,2026-06-02T00:00:00.000000,1,0,0,0,1,364.0,1
203812___643772,cloudbeds,2026-06-03T00:00:00.000000,1,0,0,0,1,364.0,1
203812___643772,cloudbeds,2026-06-04T00:00:00.000000,1,0,0,0,1,531.0,1
203812___643772,cloudbeds,2026-06-05T00:00:00.000000,1,0,0,0,1,887.0,1
203812___643772,cloudbeds,2026-06-06T00:00:00.000000,1,0,0,0,1,887.0,1
203812___643772,cloudbeds,2026-06-07T00:00:00.000000,1,0,0,0,1,531.0,1
203812___643772,cloudbeds,2026-06-08T00:00:00.000000,1,0,0,0,1,364.0,1
203812___643772,cloudbeds,2026-06-09T00:00:00.000000,1,0,0,0,1,364.0,1
203812___643772,cloudbeds,2026-06-10T00:00:00.000000,1,0,0,0,1,364.0,1
203812___643772,cloudbeds,2026-06-11T00:00:00.000000,1,0,0,0,1,531.0,1
203812___643772,cloudbeds,2026-06-12T00:00:00.000000,1,0,0,0,1,887.0,1
203812___643772,cloudbeds,2026-06-13T00:00:00.000000,1,0,0,0,1,887.0,1
203812___643772,cloudbeds,2026-06-14T00:00:00.000000,1,0,0,0,1,531.0,1
203812___643772,cloudbeds,2026-06-15T00:00:00.000000,1,0,0,0,1,364.0,1
203812___643772,cloudbeds,2026-06-16T00:00:00.000000,1,0,0,0,1,364.0,1
203812___643772,cloudbeds,2026-06-17T00:00:00.000000,1,0,0,0,1,364.0,1
203812___643772,cloudbeds,2026-06-18T00:00:00.000000,1,0,0,0,1,531.0,1
203812___643772,cloudbeds,2026-06-19T00:00:00.000000,1,0,0,0,1,887.0,1
203812___643772,cloudbeds,2026-06-20T00:00:00.000000,1,0,0,0,1,887.0,1
203812___643772,cloudbeds,2026-06-21T00:00:00.000000,1,0,0,0,1,531.0,1
203812___643772,cloudbeds,2026-06-22T00:00:00.000000,1,0,0,0,1,364.0,1
203812___643772,cloudbeds,2026-06-23T00:00:00.000000,1,0,0,0,1,364.0,1
203812___643772,cloudbeds,2026-06-24T00:00:00.000000,1,0,0,0,1,364.0,1
203812___643772,cloudbeds,2026-06-25T00:00:00.000000,1,0,0,0,1,531.0,1
203812___643772,cloudbeds,2026-06-26T00:00:00.000000,1,0,0,0,1,887.0,1
203812___643772,cloudbeds,2026-06-27T00:00:00.000000,1,0,0,0,1,887.0,1
203812___643772,cloudbeds,2026-06-28T00:00:00.000000,1,0,0,0,1,531.0,1
203812___643772,cloudbeds,2026-06-29T00:00:00.000000,1,0,0,0,1,364.0,1
203812___643772,cloudbeds,2026-06-30T00:00:00.000000,1,0,0,0,1,364.0,1
203812___643772,cloudbeds,2026-07-01T00:00:00.000000,1,0,0,0,1,353.0,1
203812___643772,cloudbeds,2026-07-02T00:00:00.000000,1,0,0,0,1,580.0,1
203812___643772,cloudbeds,2026-07-03T00:00:00.000000,1,0,0,0,1,1033.0,1
203812___643772,cloudbeds,2026-07-04T00:00:00.000000,1,0,0,0,1,1033.0,1
203812___643772,cloudbeds,2026-07-05T00:00:00.000000,1,0,0,0,1,580.0,1
203812___643772,cloudbeds,2026-07-06T00:00:00.000000,1,0,0,0,1,353.0,1
203812___643772,cloudbeds,2026-07-07T00:00:00.000000,1,0,0,0,1,353.0,1
203812___643772,cloudbeds,2026-07-08T00:00:00.000000,1,0,0,0,1,353.0,1
203812___643772,cloudbeds,2026-07-09T00:00:00.000000,1,0,0,0,1,444.0,1
203812___643772,cloudbeds,2026-07-10T00:00:00.000000,1,0,0,0,1,793.0,1
203812___643772,cloudbeds,2026-07-11T00:00:00.000000,1,0,0,0,1,793.0,1
203812___643772,cloudbeds,2026-07-12T00:00:00.000000,1,0,0,0,1,444.0,1
203812___643772,cloudbeds,2026-07-13T00:00:00.000000,1,0,0,0,1,353.0,1
203812___643772,cloudbeds,2026-07-14T00:00:00.000000,1,0,0,0,1,353.0,1
203812___643772,cloudbeds,2026-07-15T00:00:00.000000,1,0,0,0,1,353.0,1
203812___643772,cloudbeds,2026-07-16T00:00:00.000000,1,0,0,0,1,444.0,1
203812___643772,cloudbeds,2026-07-17T00:00:00.000000,1,0,0,0,1,793.0,1
203812___643772,cloudbeds,2026-07-18T00:00:00.000000,1,0,0,0,1,793.0,1
203812___643772,cloudbeds,2026-07-19T00:00:00.000000,1,0,0,0,1,444.0,1
203812___643772,cloudbeds,2026-07-20T00:00:00.000000,1,0,0,0,1,353.0,1
203812___643772,cloudbeds,2026-07-21T00:00:00.000000,1,0,0,0,1,353.0,1
203812___643772,cloudbeds,2026-07-22T00:00:00.000000,1,0,0,0,1,353.0,1
203812___643772,cloudbeds,2026-07-23T00:00:00.000000,1,0,0,0,1,444.0,1
203812___643772,cloudbeds,2026-07-24T00:00:00.000000,1,0,0,0,1,793.0,1
203812___643772,cloudbeds,2026-07-25T00:00:00.000000,1,0,0,0,1,793.0,1
203812___643772,cloudbeds,2026-07-26T00:00:00.000000,1,0,0,0,1,444.0,1
203812___643772,cloudbeds,2026-07-27T00:00:00.000000,1,0,0,0,1,353.0,1
203812___643772,cloudbeds,2026-07-28T00:00:00.000000,1,0,0,0,1,353.0,1
203812___643772,cloudbeds,2026-07-29T00:00:00.000000,1,0,0,0,1,353.0,1
203812___643772,cloudbeds,2026-07-30T00:00:00.000000,1,0,0,0,1,444.0,1
203812___643772,cloudbeds,2026-07-31T00:00:00.000000,1,0,0,0,1,793.0,1
203812___643772,cloudbeds,2026-08-01T00:00:00.000000,1,0,0,0,1,749.0,1
203812___643772,cloudbeds,2026-08-02T00:00:00.000000,1,0,0,0,1,391.0,1
203812___643772,cloudbeds,2026-08-03T00:00:00.000000,1,0,0,0,1,353.0,1
203812___643772,cloudbeds,2026-08-04T00:00:00.000000,1,0,0,0,1,353.0,1
203812___643772,cloudbeds,2026-08-05T00:00:00.000000,1,0,0,0,1,353.0,1
203812___643772,cloudbeds,2026-08-06T00:00:00.000000,1,0,0,0,1,391.0,1
203812___643772,cloudbeds,2026-08-07T00:00:00.000000,1,0,0,0,1,749.0,1
203812___643772,cloudbeds,2026-08-08T00:00:00.000000,1,0,0,0,1,749.0,1
203812___643772,cloudbeds,2026-08-09T00:00:00.000000,1,0,0,0,1,391.0,1
203812___643772,cloudbeds,2026-08-10T00:00:00.000000,1,0,0,0,1,353.0,1
203812___643772,cloudbeds,2026-08-11T00:00:00.000000,1,0,0,0,1,372.0,1
203812___643772,cloudbeds,2026-08-12T00:00:00.000000,1,0,0,0,1,372.0,1
203812___643772,cloudbeds,2026-08-13T00:00:00.000000,1,0,0,0,1,412.0,1
203812___643772,cloudbeds,2026-08-14T00:00:00.000000,1,0,0,0,1,789.0,1
203812___643772,cloudbeds,2026-08-15T00:00:00.000000,1,0,0,0,1,789.0,1
203812___643772,cloudbeds,2026-08-16T00:00:00.000000,1,0,0,0,1,412.0,1
203812___643772,cloudbeds,2026-08-17T00:00:00.000000,1,0,0,0,1,372.0,1
203812___643772,cloudbeds,2026-08-18T00:00:00.000000,1,0,0,0,1,372.0,1
203812___643772,cloudbeds,2026-08-19T00:00:00.000000,1,0,0,0,1,372.0,1
203812___643772,cloudbeds,2026-08-20T00:00:00.000000,1,0,0,0,1,412.0,1
203812___643772,cloudbeds,2026-08-21T00:00:00.000000,1,0,0,0,1,789.0,1
203812___643772,cloudbeds,2026-08-22T00:00:00.000000,1,0,0,0,1,789.0,1
203812___643772,cloudbeds,2026-08-23T00:00:00.000000,1,0,0,0,1,412.0,1
203812___643772,cloudbeds,2026-08-24T00:00:00.000000,1,0,0,0,1,372.0,1
203812___643772,cloudbeds,2026-08-25T00:00:00.000000,1,0,0,0,1,372.0,1
203812___643772,cloudbeds,2026-08-26T00:00:00.000000,1,0,0,0,1,372.0,1
203812___643772,cloudbeds,2026-08-27T00:00:00.000000,1,0,0,0,1,412.0,1
203812___643772,cloudbeds,2026-08-28T00:00:00.000000,1,0,0,0,1,789.0,1
203812___643772,cloudbeds,2026-08-29T00:00:00.000000,1,0,0,0,1,789.0,1
203812___643772,cloudbeds,2026-08-30T00:00:00.000000,1,0,0,0,1,412.0,1
203812___643772,cloudbeds,2026-08-31T00:00:00.000000,1,0,0,0,1,372.0,1
203812___643772,cloudbeds,2026-09-01T00:00:00.000000,1,0,0,0,1,453.0,1
203812___643772,cloudbeds,2026-09-02T00:00:00.000000,1,0,0,0,1,453.0,1
203812___643772,cloudbeds,2026-09-03T00:00:00.000000,1,0,0,0,1,569.0,1
203812___643772,cloudbeds,2026-09-04T00:00:00.000000,1,0,0,0,1,1152.0,1
203812___643772,cloudbeds,2026-09-05T00:00:00.000000,1,0,0,0,1,1152.0,1
203812___643772,cloudbeds,2026-09-06T00:00:00.000000,1,0,0,0,1,681.0,1
203812___643772,cloudbeds,2026-09-07T00:00:00.000000,1,0,0,0,1,545.0,1
203812___643772,cloudbeds,2026-09-08T00:00:00.000000,1,0,0,0,1,453.0,1
203812___643772,cloudbeds,2026-09-09T00:00:00.000000,1,0,0,0,1,453.0,1
203812___643772,cloudbeds,2026-09-10T00:00:00.000000,1,0,0,0,1,569.0,1
203812___643772,cloudbeds,2026-09-11T00:00:00.000000,1,0,0,0,1,959.0,1
203812___643772,cloudbeds,2026-09-12T00:00:00.000000,1,0,0,0,1,959.0,1
203812___643772,cloudbeds,2026-09-13T00:00:00.000000,1,0,0,0,1,569.0,1
203812___643772,cloudbeds,2026-09-14T00:00:00.000000,1,0,0,0,1,453.0,1
203812___643772,cloudbeds,2026-09-15T00:00:00.000000,1,0,0,0,1,453.0,1
203812___643772,cloudbeds,2026-09-16T00:00:00.000000,1,0,0,0,1,453.0,1
203812___643772,cloudbeds,2026-09-17T00:00:00.000000,1,0,0,0,1,569.0,1
203812___643772,cloudbeds,2026-09-18T00:00:00.000000,1,0,0,0,1,959.0,1
203812___643772,cloudbeds,2026-09-19T00:00:00.000000,1,0,0,0,1,959.0,1
203812___643772,cloudbeds,2026-09-20T00:00:00.000000,1,0,0,0,1,569.0,1
203812___643772,cloudbeds,2026-09-21T00:00:00.000000,1,0,0,0,1,453.0,1
203812___643772,cloudbeds,2026-09-22T00:00:00.000000,1,0,0,0,1,453.0,1
203812___643772,cloudbeds,2026-09-23T00:00:00.000000,1,0,0,0,1,453.0,1
203812___643772,cloudbeds,2026-09-24T00:00:00.000000,1,0,0,0,1,569.0,1
203812___643772,cloudbeds,2026-09-25T00:00:00.000000,1,0,0,0,1,959.0,1
203812___643772,cloudbeds,2026-09-26T00:00:00.000000,1,0,0,0,1,959.0,1
203812___643772,cloudbeds,2026-09-27T00:00:00.000000,1,0,0,0,1,569.0,1
203812___643772,cloudbeds,2026-09-28T00:00:00.000000,1,0,0,0,1,453.0,1
203812___643772,cloudbeds,2026-09-29T00:00:00.000000,1,0,0,0,1,453.0,1
203812___643772,cloudbeds,2026-09-30T00:00:00.000000,1,0,0,0,1,453.0,1
203812___643772,cloudbeds,2026-10-01T00:00:00.000000,1,0,0,0,1,665.0,1
203812___643772,cloudbeds,2026-10-02T00:00:00.000000,1,0,0,0,1,957.0,1
203812___643772,cloudbeds,2026-10-03T00:00:00.000000,1,0,0,0,1,957.0,1
203812___643772,cloudbeds,2026-10-04T00:00:00.000000,1,0,0,0,1,665.0,1
203812___643772,cloudbeds,2026-10-05T00:00:00.000000,1,0,0,0,1,524.0,1
203812___643772,cloudbeds,2026-10-06T00:00:00.000000,1,0,0,0,1,524.0,1
203812___643772,cloudbeds,2026-10-07T00:00:00.000000,1,0,0,0,1,524.0,1
203812___643772,cloudbeds,2026-10-08T00:00:00.000000,1,0,0,0,1,665.0,1
203812___643772,cloudbeds,2026-10-09T00:00:00.000000,1,0,0,0,1,1053.0,1
203812___643772,cloudbeds,2026-10-10T00:00:00.000000,1,0,0,0,1,1053.0,1
203812___643772,cloudbeds,2026-10-11T00:00:00.000000,1,0,0,0,1,734.0,1
203812___643772,cloudbeds,2026-10-12T00:00:00.000000,1,0,0,0,1,574.0,1
203812___643772,cloudbeds,2026-10-13T00:00:00.000000,1,0,0,0,1,524.0,1
203812___643772,cloudbeds,2026-10-14T00:00:00.000000,1,0,0,0,1,524.0,1
203812___643772,cloudbeds,2026-10-15T00:00:00.000000,1,0,0,0,1,665.0,1
203812___643772,cloudbeds,2026-10-16T00:00:00.000000,1,0,0,0,1,957.0,1
203812___643772,cloudbeds,2026-10-17T00:00:00.000000,1,0,0,0,1,957.0,1
203812___643772,cloudbeds,2026-10-18T00:00:00.000000,1,0,0,0,1,665.0,1
203812___643772,cloudbeds,2026-10-19T00:00:00.000000,1,0,0,0,1,524.0,1
203812___643772,cloudbeds,2026-10-20T00:00:00.000000,1,0,0,0,1,524.0,1
203812___643772,cloudbeds,2026-10-21T00:00:00.000000,1,0,0,0,1,524.0,1
203812___643772,cloudbeds,2026-10-22T00:00:00.000000,1,0,0,0,1,665.0,1
203812___643772,cloudbeds,2026-10-23T00:00:00.000000,1,0,0,0,1,957.0,1
203812___643772,cloudbeds,2026-10-24T00:00:00.000000,1,0,0,0,1,957.0,1
203812___643772,cloudbeds,2026-10-25T00:00:00.000000,1,0,0,0,1,665.0,1
203812___643772,cloudbeds,2026-10-26T00:00:00.000000,1,0,0,0,1,524.0,1
203812___643772,cloudbeds,2026-10-27T00:00:00.000000,1,0,0,0,1,524.0,1
203812___643772,cloudbeds,2026-10-28T00:00:00.000000,1,0,0,0,1,524.0,1
203812___643772,cloudbeds,2026-10-29T00:00:00.000000,1,0,0,0,1,665.0,1
203812___643772,cloudbeds,2026-10-30T00:00:00.000000,1,0,0,0,1,957.0,1
203812___643772,cloudbeds,2026-10-31T00:00:00.000000,1,0,0,0,1,957.0,1
203812___643772,cloudbeds,2026-11-01T00:00:00.000000,1,0,0,0,1,625.0,1
203812___643772,cloudbeds,2026-11-02T00:00:00.000000,1,0,0,0,1,482.0,1
203812___643772,cloudbeds,2026-11-03T00:00:00.000000,1,0,0,0,1,482.0,1
203812___643772,cloudbeds,2026-11-04T00:00:00.000000,1,0,0,0,1,482.0,1
203812___643772,cloudbeds,2026-11-05T00:00:00.000000,1,0,0,0,1,625.0,1
203812___643772,cloudbeds,2026-11-06T00:00:00.000000,1,0,0,0,1,892.0,1
203812___643772,cloudbeds,2026-11-07T00:00:00.000000,1,0,0,0,1,892.0,1
203812___643772,cloudbeds,2026-11-08T00:00:00.000000,1,0,0,0,1,625.0,1
203812___643772,cloudbeds,2026-11-09T00:00:00.000000,1,0,0,0,1,482.0,1
203812___643772,cloudbeds,2026-11-10T00:00:00.000000,1,0,0,0,1,482.0,1
203812___643772,cloudbeds,2026-11-11T00:00:00.000000,1,0,0,0,1,482.0,1
203812___643772,cloudbeds,2026-11-12T00:00:00.000000,1,0,0,0,1,625.0,1
203812___643772,cloudbeds,2026-11-13T00:00:00.000000,1,0,0,0,1,892.0,1
203812___643772,cloudbeds,2026-11-14T00:00:00.000000,1,0,0,0,1,892.0,1
203812___643772,cloudbeds,2026-11-15T00:00:00.000000,1,0,0,0,1,625.0,1
203812___643772,cloudbeds,2026-11-16T00:00:00.000000,1,0,0,0,1,482.0,1
203812___643772,cloudbeds,2026-11-17T00:00:00.000000,1,0,0,0,1,482.0,1
203812___643772,cloudbeds,2026-11-18T00:00:00.000000,1,0,0,0,1,482.0,1
203812___643772,cloudbeds,2026-11-19T00:00:00.000000,1,0,0,0,1,625.0,1
203812___643772,cloudbeds,2026-11-20T00:00:00.000000,1,0,0,0,1,892.0,1
203812___643772,cloudbeds,2026-11-21T00:00:00.000000,1,0,0,0,1,892.0,1
203812___643772,cloudbeds,2026-11-22T00:00:00.000000,1,0,0,0,1,625.0,1
203812___643772,cloudbeds,2026-11-23T00:00:00.000000,1,0,0,0,1,482.0,1
203812___643772,cloudbeds,2026-11-24T00:00:00.000000,1,0,0,0,1,482.0,1
203812___643772,cloudbeds,2026-11-25T00:00:00.000000,1,0,0,0,1,482.0,1
203812___643772,cloudbeds,2026-11-26T00:00:00.000000,1,0,0,0,1,874.0,1
203812___643772,cloudbeds,2026-11-27T00:00:00.000000,1,0,0,0,1,892.0,1
203812___643772,cloudbeds,2026-11-28T00:00:00.000000,1,0,0,0,1,892.0,1
203812___643772,cloudbeds,2026-11-29T00:00:00.000000,1,0,0,0,1,625.0,1
203812___643772,cloudbeds,2026-11-30T00:00:00.000000,1,0,0,0,1,482.0,1
203812___643772,cloudbeds,2026-12-01T00:00:00.000000,1,0,0,0,1,474.0,1
203812___643772,cloudbeds,2026-12-02T00:00:00.000000,1,0,0,0,1,474.0,1
203812___643772,cloudbeds,2026-12-03T00:00:00.000000,1,0,0,0,1,580.0,1
203812___643772,cloudbeds,2026-12-04T00:00:00.000000,1,0,0,0,1,839.0,1
203812___643772,cloudbeds,2026-12-05T00:00:00.000000,1,0,0,0,1,839.0,1
203812___643772,cloudbeds,2026-12-06T00:00:00.000000,1,0,0,0,1,580.0,1
203812___643772,cloudbeds,2026-12-07T00:00:00.000000,1,0,0,0,1,474.0,1
203812___643772,cloudbeds,2026-12-08T00:00:00.000000,1,0,0,0,1,474.0,1
203812___643772,cloudbeds,2026-12-09T00:00:00.000000,1,0,0,0,1,474.0,1
203812___643772,cloudbeds,2026-12-10T00:00:00.000000,1,0,0,0,1,580.0,1
203812___643772,cloudbeds,2026-12-11T00:00:00.000000,1,0,0,0,1,839.0,1
203812___643772,cloudbeds,2026-12-12T00:00:00.000000,1,0,0,0,1,839.0,1
203812___643772,cloudbeds,2026-12-13T00:00:00.000000,1,0,0,0,1,580.0,1
203812___643772,cloudbeds,2026-12-14T00:00:00.000000,1,0,0,0,1,474.0,1
203812___643772,cloudbeds,2026-12-15T00:00:00.000000,1,0,0,0,1,474.0,1
203812___643772,cloudbeds,2026-12-16T00:00:00.000000,1,0,0,0,1,474.0,1
203812___643772,cloudbeds,2026-12-17T00:00:00.000000,1,0,0,0,1,580.0,1
203812___643772,cloudbeds,2026-12-18T00:00:00.000000,1,0,0,0,1,966.0,1
203812___643772,cloudbeds,2026-12-19T00:00:00.000000,1,0,0,0,1,966.0,1
203812___643772,cloudbeds,2026-12-20T00:00:00.000000,1,0,0,0,1,669.0,1
203812___643772,cloudbeds,2026-12-21T00:00:00.000000,1,0,0,0,1,547.0,1
203812___643772,cloudbeds,2026-12-22T00:00:00.000000,1,0,0,0,1,547.0,1
203812___643772,cloudbeds,2026-12-23T00:00:00.000000,1,0,0,0,1,547.0,1
203812___643772,cloudbeds,2026-12-24T00:00:00.000000,1,0,0,0,1,872.0,1
203812___643772,cloudbeds,2026-12-25T00:00:00.000000,1,0,0,0,1,1680.0,1
203812___643772,cloudbeds,2026-12-26T00:00:00.000000,1,0,0,0,1,1680.0,1
203812___643772,cloudbeds,2026-12-27T00:00:00.000000,1,0,0,0,1,580.0,1
203812___643772,cloudbeds,2026-12-28T00:00:00.000000,1,0,0,0,1,474.0,1
203812___643772,cloudbeds,2026-12-29T00:00:00.000000,1,0,0,0,1,474.0,1
203812___643772,cloudbeds,2026-12-30T00:00:00.000000,1,0,0,0,1,1903.0,1
203812___643772,cloudbeds,2026-12-31T00:00:00.000000,1,0,0,0,1,1903.0,1
203812___643772,cloudbeds,2027-01-01T00:00:00.000000,1,0,0,0,1,918.0,1
203812___643772,cloudbeds,2027-01-02T00:00:00.000000,1,0,0,0,1,918.0,1
203812___643772,cloudbeds,2027-01-03T00:00:00.000000,1,0,0,0,1,467.0,1
203812___643764,cloudbeds,2026-02-04T00:00:00.000000,2,0,0,0,2,230.0,2
203812___643764,cloudbeds,2026-02-05T00:00:00.000000,2,0,0,0,2,240.0,2
203812___643764,cloudbeds,2026-02-06T00:00:00.000000,2,1,0,0,2,449.0,1
203812___643764,cloudbeds,2026-02-07T00:00:00.000000,2,1,0,0,2,493.0,1
203812___643764,cloudbeds,2026-02-08T00:00:00.000000,2,0,0,0,2,269.0,2
203812___643764,cloudbeds,2026-02-09T00:00:00.000000,2,0,0,0,2,230.0,2
203812___643764,cloudbeds,2026-02-10T00:00:00.000000,2,0,0,0,2,230.0,2
203812___643764,cloudbeds,2026-02-11T00:00:00.000000,2,0,0,0,2,253.0,2
203812___643764,cloudbeds,2026-02-12T00:00:00.000000,2,0,0,0,2,352.0,2
203812___643764,cloudbeds,2026-02-13T00:00:00.000000,2,0,0,0,2,1270.0,2
203812___643764,cloudbeds,2026-02-14T00:00:00.000000,2,0,0,0,2,1397.0,2
203812___643764,cloudbeds,2026-02-15T00:00:00.000000,2,0,0,0,2,537.0,2
203812___643764,cloudbeds,2026-02-16T00:00:00.000000,2,0,0,0,2,230.0,2
203812___643764,cloudbeds,2026-02-17T00:00:00.000000,2,0,0,0,2,230.0,2
203812___643764,cloudbeds,2026-02-18T00:00:00.000000,2,0,0,0,2,230.0,2
203812___643764,cloudbeds,2026-02-19T00:00:00.000000,2,0,0,0,2,352.0,2
203812___643764,cloudbeds,2026-02-20T00:00:00.000000,2,0,0,0,2,793.0,2
203812___643764,cloudbeds,2026-02-21T00:00:00.000000,2,0,0,0,2,872.0,2
203812___643764,cloudbeds,2026-02-22T00:00:00.000000,2,0,0,0,2,352.0,2
203812___643764,cloudbeds,2026-02-23T00:00:00.000000,2,0,0,0,2,237.0,2
203812___643764,cloudbeds,2026-02-24T00:00:00.000000,2,0,0,0,2,237.0,2
203812___643764,cloudbeds,2026-02-25T00:00:00.000000,2,0,0,0,2,237.0,2
203812___643764,cloudbeds,2026-02-26T00:00:00.000000,2,0,0,0,2,352.0,2
203812___643764,cloudbeds,2026-02-27T00:00:00.000000,2,0,0,0,2,793.0,2
203812___643764,cloudbeds,2026-02-28T00:00:00.000000,2,1,0,0,2,793.0,1
203812___643764,cloudbeds,2026-03-01T00:00:00.000000,2,1,0,0,2,392.0,1
203812___643764,cloudbeds,2026-03-02T00:00:00.000000,2,1,0,0,2,385.0,1
203812___643764,cloudbeds,2026-03-03T00:00:00.000000,2,0,0,0,2,385.0,2
203812___643764,cloudbeds,2026-03-04T00:00:00.000000,2,0,0,0,2,385.0,2
203812___643764,cloudbeds,2026-03-05T00:00:00.000000,2,0,0,0,2,523.0,2
203812___643764,cloudbeds,2026-03-06T00:00:00.000000,2,0,0,0,2,1042.0,2
203812___643764,cloudbeds,2026-03-07T00:00:00.000000,2,0,0,0,2,1042.0,2
203812___643764,cloudbeds,2026-03-08T00:00:00.000000,2,0,0,0,2,523.0,2
203812___643764,cloudbeds,2026-03-09T00:00:00.000000,2,0,0,0,2,424.0,2
203812___643764,cloudbeds,2026-03-10T00:00:00.000000,2,0,0,0,2,424.0,2
203812___643764,cloudbeds,2026-03-11T00:00:00.000000,2,0,0,0,2,424.0,2
203812___643764,cloudbeds,2026-03-12T00:00:00.000000,2,0,0,0,2,523.0,2
203812___643764,cloudbeds,2026-03-13T00:00:00.000000,2,0,0,0,2,1251.0,2
203812___643764,cloudbeds,2026-03-14T00:00:00.000000,2,0,0,0,2,1251.0,2
203812___643764,cloudbeds,2026-03-15T00:00:00.000000,2,0,0,0,2,627.0,2
203812___643764,cloudbeds,2026-03-16T00:00:00.000000,2,0,0,0,2,462.0,2
203812___643764,cloudbeds,2026-03-17T00:00:00.000000,2,0,0,0,2,462.0,2
203812___643764,cloudbeds,2026-03-18T00:00:00.000000,2,0,0,0,2,462.0,2
203812___643764,cloudbeds,2026-03-19T00:00:00.000000,2,0,0,0,2,627.0,2
203812___643764,cloudbeds,2026-03-20T00:00:00.000000,2,0,0,0,2,1251.0,2
203812___643764,cloudbeds,2026-03-21T00:00:00.000000,2,0,0,0,2,1251.0,2
203812___643764,cloudbeds,2026-03-22T00:00:00.000000,2,0,0,0,2,627.0,2
203812___643764,cloudbeds,2026-03-23T00:00:00.000000,2,0,0,0,2,424.0,2
203812___643764,cloudbeds,2026-03-24T00:00:00.000000,2,0,0,0,2,424.0,2
203812___643764,cloudbeds,2026-03-25T00:00:00.000000,2,0,0,0,2,424.0,2
203812___643764,cloudbeds,2026-03-26T00:00:00.000000,2,0,0,0,2,575.0,2
203812___643764,cloudbeds,2026-03-27T00:00:00.000000,2,0,0,0,2,1042.0,2
203812___643764,cloudbeds,2026-03-28T00:00:00.000000,2,0,0,0,2,1042.0,2
203812___643764,cloudbeds,2026-03-29T00:00:00.000000,2,0,0,0,2,523.0,2
203812___643764,cloudbeds,2026-03-30T00:00:00.000000,2,0,0,0,2,385.0,2
203812___643764,cloudbeds,2026-03-31T00:00:00.000000,2,0,0,0,2,385.0,2
203812___643764,cloudbeds,2026-04-01T00:00:00.000000,2,0,0,0,2,364.0,2
203812___643764,cloudbeds,2026-04-02T00:00:00.000000,2,0,0,0,2,439.0,2
203812___643764,cloudbeds,2026-04-03T00:00:00.000000,2,0,0,0,2,947.0,2
203812___643764,cloudbeds,2026-04-04T00:00:00.000000,2,0,0,0,2,947.0,2
203812___643764,cloudbeds,2026-04-05T00:00:00.000000,2,0,0,0,2,439.0,2
203812___643764,cloudbeds,2026-04-06T00:00:00.000000,2,0,0,0,2,364.0,2
203812___643764,cloudbeds,2026-04-07T00:00:00.000000,2,0,0,0,2,364.0,2
203812___643764,cloudbeds,2026-04-08T00:00:00.000000,2,0,0,0,2,364.0,2
203812___643764,cloudbeds,2026-04-09T00:00:00.000000,2,0,0,0,2,439.0,2
203812___643764,cloudbeds,2026-04-10T00:00:00.000000,2,0,0,0,2,947.0,2
203812___643764,cloudbeds,2026-04-11T00:00:00.000000,2,0,0,0,2,947.0,2
203812___643764,cloudbeds,2026-04-12T00:00:00.000000,2,0,0,0,2,439.0,2
203812___643764,cloudbeds,2026-04-13T00:00:00.000000,2,0,0,0,2,364.0,2
203812___643764,cloudbeds,2026-04-14T00:00:00.000000,2,0,0,0,2,364.0,2
203812___643764,cloudbeds,2026-04-15T00:00:00.000000,2,0,0,0,2,364.0,2
203812___643764,cloudbeds,2026-04-16T00:00:00.000000,2,0,0,0,2,439.0,2
203812___643764,cloudbeds,2026-04-17T00:00:00.000000,2,0,0,0,2,947.0,2
203812___643764,cloudbeds,2026-04-18T00:00:00.000000,2,0,0,0,2,947.0,2
203812___643764,cloudbeds,2026-04-19T00:00:00.000000,2,0,0,0,2,439.0,2
203812___643764,cloudbeds,2026-04-20T00:00:00.000000,2,0,0,0,2,364.0,2
203812___643764,cloudbeds,2026-04-21T00:00:00.000000,2,0,0,0,2,364.0,2
203812___643764,cloudbeds,2026-04-22T00:00:00.000000,2,0,0,0,2,364.0,2
203812___643764,cloudbeds,2026-04-23T00:00:00.000000,2,0,0,0,2,439.0,2
203812___643764,cloudbeds,2026-04-24T00:00:00.000000,2,0,0,0,2,947.0,2
203812___643764,cloudbeds,2026-04-25T00:00:00.000000,2,0,0,0,2,947.0,2
203812___643764,cloudbeds,2026-04-26T00:00:00.000000,2,0,0,0,2,439.0,2
203812___643764,cloudbeds,2026-04-27T00:00:00.000000,2,0,0,0,2,364.0,2
203812___643764,cloudbeds,2026-04-28T00:00:00.000000,2,0,0,0,2,364.0,2
203812___643764,cloudbeds,2026-04-29T00:00:00.000000,2,0,0,0,2,364.0,2
203812___643764,cloudbeds,2026-04-30T00:00:00.000000,2,0,0,0,2,439.0,2
203812___643764,cloudbeds,2026-05-01T00:00:00.000000,2,0,0,0,2,931.0,2
203812___643764,cloudbeds,2026-05-02T00:00:00.000000,2,0,0,0,2,931.0,2
203812___643764,cloudbeds,2026-05-03T00:00:00.000000,2,0,0,0,2,442.0,2
203812___643764,cloudbeds,2026-05-04T00:00:00.000000,2,0,0,0,2,371.0,2
203812___643764,cloudbeds,2026-05-05T00:00:00.000000,2,0,0,0,2,371.0,2
203812___643764,cloudbeds,2026-05-06T00:00:00.000000,2,0,0,0,2,371.0,2
203812___643764,cloudbeds,2026-05-07T00:00:00.000000,2,0,0,0,2,442.0,2
203812___643764,cloudbeds,2026-05-08T00:00:00.000000,2,0,0,0,2,931.0,2
203812___643764,cloudbeds,2026-05-09T00:00:00.000000,2,0,0,0,2,931.0,2
203812___643764,cloudbeds,2026-05-10T00:00:00.000000,2,0,0,0,2,442.0,2
203812___643764,cloudbeds,2026-05-11T00:00:00.000000,2,0,0,0,2,371.0,2
203812___643764,cloudbeds,2026-05-12T00:00:00.000000,2,0,0,0,2,371.0,2
203812___643764,cloudbeds,2026-05-13T00:00:00.000000,2,0,0,0,2,371.0,2
203812___643764,cloudbeds,2026-05-14T00:00:00.000000,2,0,0,0,2,442.0,2
203812___643764,cloudbeds,2026-05-15T00:00:00.000000,2,0,0,0,2,931.0,2
203812___643764,cloudbeds,2026-05-16T00:00:00.000000,2,0,0,0,2,931.0,2
203812___643764,cloudbeds,2026-05-17T00:00:00.000000,2,0,0,0,2,442.0,2
203812___643764,cloudbeds,2026-05-18T00:00:00.000000,2,0,0,0,2,371.0,2
203812___643764,cloudbeds,2026-05-19T00:00:00.000000,2,0,0,0,2,371.0,2
203812___643764,cloudbeds,2026-05-20T00:00:00.000000,2,0,0,0,2,371.0,2
203812___643764,cloudbeds,2026-05-21T00:00:00.000000,2,0,0,0,2,442.0,2
203812___643764,cloudbeds,2026-05-22T00:00:00.000000,2,0,0,0,2,1164.0,2
203812___643764,cloudbeds,2026-05-23T00:00:00.000000,2,0,0,0,2,1164.0,2
203812___643764,cloudbeds,2026-05-24T00:00:00.000000,2,0,0,0,2,553.0,2
203812___643764,cloudbeds,2026-05-25T00:00:00.000000,2,0,0,0,2,465.0,2
203812___643764,cloudbeds,2026-05-26T00:00:00.000000,2,0,0,0,2,371.0,2
203812___643764,cloudbeds,2026-05-27T00:00:00.000000,2,0,0,0,2,371.0,2
203812___643764,cloudbeds,2026-05-28T00:00:00.000000,2,0,0,0,2,442.0,2
203812___643764,cloudbeds,2026-05-29T00:00:00.000000,2,0,0,0,2,931.0,2
203812___643764,cloudbeds,2026-05-30T00:00:00.000000,2,0,0,0,2,931.0,2
203812___643764,cloudbeds,2026-05-31T00:00:00.000000,2,0,0,0,2,442.0,2
203812___643764,cloudbeds,2026-06-01T00:00:00.000000,2,0,0,0,2,364.0,2
203812___643764,cloudbeds,2026-06-02T00:00:00.000000,2,0,0,0,2,364.0,2
203812___643764,cloudbeds,2026-06-03T00:00:00.000000,2,0,0,0,2,364.0,2
203812___643764,cloudbeds,2026-06-04T00:00:00.000000,2,0,0,0,2,531.0,2
203812___643764,cloudbeds,2026-06-05T00:00:00.000000,2,0,0,0,2,887.0,2
203812___643764,cloudbeds,2026-06-06T00:00:00.000000,2,0,0,0,2,887.0,2
203812___643764,cloudbeds,2026-06-07T00:00:00.000000,2,0,0,0,2,531.0,2
203812___643764,cloudbeds,2026-06-08T00:00:00.000000,2,0,0,0,2,364.0,2
203812___643764,cloudbeds,2026-06-09T00:00:00.000000,2,0,0,0,2,364.0,2
203812___643764,cloudbeds,2026-06-10T00:00:00.000000,2,0,0,0,2,364.0,2
203812___643764,cloudbeds,2026-06-11T00:00:00.000000,2,0,0,0,2,531.0,2
203812___643764,cloudbeds,2026-06-12T00:00:00.000000,2,0,0,0,2,887.0,2
203812___643764,cloudbeds,2026-06-13T00:00:00.000000,2,0,0,0,2,887.0,2
203812___643764,cloudbeds,2026-06-14T00:00:00.000000,2,0,0,0,2,531.0,2
203812___643764,cloudbeds,2026-06-15T00:00:00.000000,2,0,0,0,2,364.0,2
203812___643764,cloudbeds,2026-06-16T00:00:00.000000,2,0,0,0,2,364.0,2
203812___643764,cloudbeds,2026-06-17T00:00:00.000000,2,0,0,0,2,364.0,2
203812___643764,cloudbeds,2026-06-18T00:00:00.000000,2,0,0,0,2,531.0,2
203812___643764,cloudbeds,2026-06-19T00:00:00.000000,2,0,0,0,2,887.0,2
203812___643764,cloudbeds,2026-06-20T00:00:00.000000,2,0,0,0,2,887.0,2
203812___643764,cloudbeds,2026-06-21T00:00:00.000000,2,0,0,0,2,531.0,2
203812___643764,cloudbeds,2026-06-22T00:00:00.000000,2,0,0,0,2,364.0,2
203812___643764,cloudbeds,2026-06-23T00:00:00.000000,2,0,0,0,2,364.0,2
203812___643764,cloudbeds,2026-06-24T00:00:00.000000,2,0,0,0,2,364.0,2
203812___643764,cloudbeds,2026-06-25T00:00:00.000000,2,0,0,0,2,531.0,2
203812___643764,cloudbeds,2026-06-26T00:00:00.000000,2,0,0,0,2,887.0,2
203812___643764,cloudbeds,2026-06-27T00:00:00.000000,2,0,0,0,2,887.0,2
203812___643764,cloudbeds,2026-06-28T00:00:00.000000,2,0,0,0,2,531.0,2
203812___643764,cloudbeds,2026-06-29T00:00:00.000000,2,0,0,0,2,364.0,2
203812___643764,cloudbeds,2026-06-30T00:00:00.000000,2,0,0,0,2,364.0,2
203812___643764,cloudbeds,2026-07-01T00:00:00.000000,2,0,0,0,2,353.0,2
203812___643764,cloudbeds,2026-07-02T00:00:00.000000,2,0,0,0,2,580.0,2
203812___643764,cloudbeds,2026-07-03T00:00:00.000000,2,0,0,0,2,1033.0,2
203812___643764,cloudbeds,2026-07-04T00:00:00.000000,2,0,0,0,2,1033.0,2
203812___643764,cloudbeds,2026-07-05T00:00:00.000000,2,0,0,0,2,580.0,2
203812___643764,cloudbeds,2026-07-06T00:00:00.000000,2,0,0,0,2,353.0,2
203812___643764,cloudbeds,2026-07-07T00:00:00.000000,2,0,0,0,2,353.0,2
203812___643764,cloudbeds,2026-07-08T00:00:00.000000,2,0,0,0,2,353.0,2
203812___643764,cloudbeds,2026-07-09T00:00:00.000000,2,0,0,0,2,444.0,2
203812___643764,cloudbeds,2026-07-10T00:00:00.000000,2,0,0,0,2,793.0,2
203812___643764,cloudbeds,2026-07-11T00:00:00.000000,2,0,0,0,2,793.0,2
203812___643764,cloudbeds,2026-07-12T00:00:00.000000,2,0,0,0,2,444.0,2
203812___643764,cloudbeds,2026-07-13T00:00:00.000000,2,0,0,0,2,353.0,2
203812___643764,cloudbeds,2026-07-14T00:00:00.000000,2,0,0,0,2,353.0,2
203812___643764,cloudbeds,2026-07-15T00:00:00.000000,2,0,0,0,2,353.0,2
203812___643764,cloudbeds,2026-07-16T00:00:00.000000,2,0,0,0,2,444.0,2
203812___643764,cloudbeds,2026-07-17T00:00:00.000000,2,0,0,0,2,793.0,2
203812___643764,cloudbeds,2026-07-18T00:00:00.000000,2,0,0,0,2,793.0,2
203812___643764,cloudbeds,2026-07-19T00:00:00.000000,2,0,0,0,2,444.0,2
203812___643764,cloudbeds,2026-07-20T00:00:00.000000,2,0,0,0,2,353.0,2
203812___643764,cloudbeds,2026-07-21T00:00:00.000000,2,0,0,0,2,353.0,2
203812___643764,cloudbeds,2026-07-22T00:00:00.000000,2,0,0,0,2,353.0,2
203812___643764,cloudbeds,2026-07-23T00:00:00.000000,2,0,0,0,2,444.0,2
203812___643764,cloudbeds,2026-07-24T00:00:00.000000,2,0,0,0,2,793.0,2
203812___643764,cloudbeds,2026-07-25T00:00:00.000000,2,0,0,0,2,793.0,2
203812___643764,cloudbeds,2026-07-26T00:00:00.000000,2,0,0,0,2,444.0,2
203812___643764,cloudbeds,2026-07-27T00:00:00.000000,2,0,0,0,2,353.0,2
203812___643764,cloudbeds,2026-07-28T00:00:00.000000,2,0,0,0,2,353.0,2
203812___643764,cloudbeds,2026-07-29T00:00:00.000000,2,0,0,0,2,353.0,2
203812___643764,cloudbeds,2026-07-30T00:00:00.000000,2,0,0,0,2,444.0,2
203812___643764,cloudbeds,2026-07-31T00:00:00.000000,2,0,0,0,2,793.0,2
203812___643764,cloudbeds,2026-08-01T00:00:00.000000,2,0,0,0,2,749.0,2
203812___643764,cloudbeds,2026-08-02T00:00:00.000000,2,0,0,0,2,391.0,2
203812___643764,cloudbeds,2026-08-03T00:00:00.000000,2,0,0,0,2,353.0,2
203812___643764,cloudbeds,2026-08-04T00:00:00.000000,2,0,0,0,2,353.0,2
203812___643764,cloudbeds,2026-08-05T00:00:00.000000,2,0,0,0,2,353.0,2
203812___643764,cloudbeds,2026-08-06T00:00:00.000000,2,0,0,0,2,391.0,2
203812___643764,cloudbeds,2026-08-07T00:00:00.000000,2,0,0,0,2,749.0,2
203812___643764,cloudbeds,2026-08-08T00:00:00.000000,2,0,0,0,2,749.0,2
203812___643764,cloudbeds,2026-08-09T00:00:00.000000,2,0,0,0,2,391.0,2
203812___643764,cloudbeds,2026-08-10T00:00:00.000000,2,0,0,0,2,353.0,2
203812___643764,cloudbeds,2026-08-11T00:00:00.000000,2,0,0,0,2,372.0,2
203812___643764,cloudbeds,2026-08-12T00:00:00.000000,2,0,0,0,2,372.0,2
203812___643764,cloudbeds,2026-08-13T00:00:00.000000,2,0,0,0,2,412.0,2
203812___643764,cloudbeds,2026-08-14T00:00:00.000000,2,0,0,0,2,789.0,2
203812___643764,cloudbeds,2026-08-15T00:00:00.000000,2,0,0,0,2,789.0,2
203812___643764,cloudbeds,2026-08-16T00:00:00.000000,2,0,0,0,2,412.0,2
203812___643764,cloudbeds,2026-08-17T00:00:00.000000,2,0,0,0,2,372.0,2
203812___643764,cloudbeds,2026-08-18T00:00:00.000000,2,0,0,0,2,372.0,2
203812___643764,cloudbeds,2026-08-19T00:00:00.000000,2,0,0,0,2,372.0,2
203812___643764,cloudbeds,2026-08-20T00:00:00.000000,2,0,0,0,2,412.0,2
203812___643764,cloudbeds,2026-08-21T00:00:00.000000,2,0,0,0,2,789.0,2
203812___643764,cloudbeds,2026-08-22T00:00:00.000000,2,0,0,0,2,789.0,2
203812___643764,cloudbeds,2026-08-23T00:00:00.000000,2,0,0,0,2,412.0,2
203812___643764,cloudbeds,2026-08-24T00:00:00.000000,2,0,0,0,2,372.0,2
203812___643764,cloudbeds,2026-08-25T00:00:00.000000,2,0,0,0,2,372.0,2
203812___643764,cloudbeds,2026-08-26T00:00:00.000000,2,0,0,0,2,372.0,2
203812___643764,cloudbeds,2026-08-27T00:00:00.000000,2,0,0,0,2,412.0,2
203812___643764,cloudbeds,2026-08-28T00:00:00.000000,2,0,0,0,2,789.0,2
203812___643764,cloudbeds,2026-08-29T00:00:00.000000,2,0,0,0,2,789.0,2
203812___643764,cloudbeds,2026-08-30T00:00:00.000000,2,0,0,0,2,412.0,2
203812___643764,cloudbeds,2026-08-31T00:00:00.000000,2,0,0,0,2,372.0,2
203812___643764,cloudbeds,2026-09-01T00:00:00.000000,2,0,0,0,2,453.0,2
203812___643764,cloudbeds,2026-09-02T00:00:00.000000,2,0,0,0,2,453.0,2
203812___643764,cloudbeds,2026-09-03T00:00:00.000000,2,0,0,0,2,569.0,2
203812___643764,cloudbeds,2026-09-04T00:00:00.000000,2,0,0,0,2,1152.0,2
203812___643764,cloudbeds,2026-09-05T00:00:00.000000,2,0,0,0,2,1152.0,2
203812___643764,cloudbeds,2026-09-06T00:00:00.000000,2,0,0,0,2,681.0,2
203812___643764,cloudbeds,2026-09-07T00:00:00.000000,2,0,0,0,2,545.0,2
203812___643764,cloudbeds,2026-09-08T00:00:00.000000,2,0,0,0,2,453.0,2
203812___643764,cloudbeds,2026-09-09T00:00:00.000000,2,0,0,0,2,453.0,2
203812___643764,cloudbeds,2026-09-10T00:00:00.000000,2,0,0,0,2,569.0,2
203812___643764,cloudbeds,2026-09-11T00:00:00.000000,2,0,0,0,2,959.0,2
203812___643764,cloudbeds,2026-09-12T00:00:00.000000,2,0,0,0,2,959.0,2
203812___643764,cloudbeds,2026-09-13T00:00:00.000000,2,0,0,0,2,569.0,2
203812___643764,cloudbeds,2026-09-14T00:00:00.000000,2,0,0,0,2,453.0,2
203812___643764,cloudbeds,2026-09-15T00:00:00.000000,2,0,0,0,2,453.0,2
203812___643764,cloudbeds,2026-09-16T00:00:00.000000,2,0,0,0,2,453.0,2
203812___643764,cloudbeds,2026-09-17T00:00:00.000000,2,0,0,0,2,569.0,2
203812___643764,cloudbeds,2026-09-18T00:00:00.000000,2,0,0,0,2,959.0,2
203812___643764,cloudbeds,2026-09-19T00:00:00.000000,2,0,0,0,2,959.0,2
203812___643764,cloudbeds,2026-09-20T00:00:00.000000,2,0,0,0,2,569.0,2
203812___643764,cloudbeds,2026-09-21T00:00:00.000000,2,0,0,0,2,453.0,2
203812___643764,cloudbeds,2026-09-22T00:00:00.000000,2,0,0,0,2,453.0,2
203812___643764,cloudbeds,2026-09-23T00:00:00.000000,2,0,0,0,2,453.0,2
203812___643764,cloudbeds,2026-09-24T00:00:00.000000,2,0,0,0,2,569.0,2
203812___643764,cloudbeds,2026-09-25T00:00:00.000000,2,0,0,0,2,959.0,2
203812___643764,cloudbeds,2026-09-26T00:00:00.000000,2,0,0,0,2,959.0,2
203812___643764,cloudbeds,2026-09-27T00:00:00.000000,2,0,0,0,2,569.0,2
203812___643764,cloudbeds,2026-09-28T00:00:00.000000,2,0,0,0,2,453.0,2
203812___643764,cloudbeds,2026-09-29T00:00:00.000000,2,0,0,0,2,453.0,2
203812___643764,cloudbeds,2026-09-30T00:00:00.000000,2,0,0,0,2,453.0,2
203812___643764,cloudbeds,2026-10-01T00:00:00.000000,2,0,0,0,2,665.0,2
203812___643764,cloudbeds,2026-10-02T00:00:00.000000,2,0,0,0,2,957.0,2
203812___643764,cloudbeds,2026-10-03T00:00:00.000000,2,0,0,0,2,957.0,2
203812___643764,cloudbeds,2026-10-04T00:00:00.000000,2,0,0,0,2,665.0,2
203812___643764,cloudbeds,2026-10-05T00:00:00.000000,2,0,0,0,2,524.0,2
203812___643764,cloudbeds,2026-10-06T00:00:00.000000,2,0,0,0,2,524.0,2
203812___643764,cloudbeds,2026-10-07T00:00:00.000000,2,0,0,0,2,524.0,2
203812___643764,cloudbeds,2026-10-08T00:00:00.000000,2,0,0,0,2,665.0,2
203812___643764,cloudbeds,2026-10-09T00:00:00.000000,2,0,0,0,2,1053.0,2
203812___643764,cloudbeds,2026-10-10T00:00:00.000000,2,0,0,0,2,1053.0,2
203812___643764,cloudbeds,2026-10-11T00:00:00.000000,2,0,0,0,2,734.0,2
203812___643764,cloudbeds,2026-10-12T00:00:00.000000,2,0,0,0,2,574.0,2
203812___643764,cloudbeds,2026-10-13T00:00:00.000000,2,0,0,0,2,524.0,2
203812___643764,cloudbeds,2026-10-14T00:00:00.000000,2,0,0,0,2,524.0,2
203812___643764,cloudbeds,2026-10-15T00:00:00.000000,2,0,0,0,2,665.0,2
203812___643764,cloudbeds,2026-10-16T00:00:00.000000,2,0,0,0,2,957.0,2
203812___643764,cloudbeds,2026-10-17T00:00:00.000000,2,0,0,0,2,957.0,2
203812___643764,cloudbeds,2026-10-18T00:00:00.000000,2,0,0,0,2,665.0,2
203812___643764,cloudbeds,2026-10-19T00:00:00.000000,2,0,0,0,2,524.0,2
203812___643764,cloudbeds,2026-10-20T00:00:00.000000,2,0,0,0,2,524.0,2
203812___643764,cloudbeds,2026-10-21T00:00:00.000000,2,0,0,0,2,524.0,2
203812___643764,cloudbeds,2026-10-22T00:00:00.000000,2,0,0,0,2,665.0,2
203812___643764,cloudbeds,2026-10-23T00:00:00.000000,2,0,0,0,2,957.0,2
203812___643764,cloudbeds,2026-10-24T00:00:00.000000,2,0,0,0,2,957.0,2
203812___643764,cloudbeds,2026-10-25T00:00:00.000000,2,0,0,0,2,665.0,2
203812___643764,cloudbeds,2026-10-26T00:00:00.000000,2,0,0,0,2,524.0,2
203812___643764,cloudbeds,2026-10-27T00:00:00.000000,2,0,0,0,2,524.0,2
203812___643764,cloudbeds,2026-10-28T00:00:00.000000,2,0,0,0,2,524.0,2
203812___643764,cloudbeds,2026-10-29T00:00:00.000000,2,0,0,0,2,665.0,2
203812___643764,cloudbeds,2026-10-30T00:00:00.000000,2,0,0,0,2,957.0,2
203812___643764,cloudbeds,2026-10-31T00:00:00.000000,2,0,0,0,2,957.0,2
203812___643764,cloudbeds,2026-11-01T00:00:00.000000,2,0,0,0,2,625.0,2
203812___643764,cloudbeds,2026-11-02T00:00:00.000000,2,0,0,0,2,482.0,2
203812___643764,cloudbeds,2026-11-03T00:00:00.000000,2,0,0,0,2,482.0,2
203812___643764,cloudbeds,2026-11-04T00:00:00.000000,2,0,0,0,2,482.0,2
203812___643764,cloudbeds,2026-11-05T00:00:00.000000,2,0,0,0,2,625.0,2
203812___643764,cloudbeds,2026-11-06T00:00:00.000000,2,0,0,0,2,892.0,2
203812___643764,cloudbeds,2026-11-07T00:00:00.000000,2,0,0,0,2,892.0,2
203812___643764,cloudbeds,2026-11-08T00:00:00.000000,2,0,0,0,2,625.0,2
203812___643764,cloudbeds,2026-11-09T00:00:00.000000,2,0,0,0,2,482.0,2
203812___643764,cloudbeds,2026-11-10T00:00:00.000000,2,0,0,0,2,482.0,2
203812___643764,cloudbeds,2026-11-11T00:00:00.000000,2,0,0,0,2,482.0,2
203812___643764,cloudbeds,2026-11-12T00:00:00.000000,2,0,0,0,2,625.0,2
203812___643764,cloudbeds,2026-11-13T00:00:00.000000,2,0,0,0,2,892.0,2
203812___643764,cloudbeds,2026-11-14T00:00:00.000000,2,0,0,0,2,892.0,2
203812___643764,cloudbeds,2026-11-15T00:00:00.000000,2,0,0,0,2,625.0,2
203812___643764,cloudbeds,2026-11-16T00:00:00.000000,2,0,0,0,2,482.0,2
203812___643764,cloudbeds,2026-11-17T00:00:00.000000,2,0,0,0,2,482.0,2
203812___643764,cloudbeds,2026-11-18T00:00:00.000000,2,0,0,0,2,482.0,2
203812___643764,cloudbeds,2026-11-19T00:00:00.000000,2,0,0,0,2,625.0,2
203812___643764,cloudbeds,2026-11-20T00:00:00.000000,2,0,0,0,2,892.0,2
203812___643764,cloudbeds,2026-11-21T00:00:00.000000,2,0,0,0,2,892.0,2
203812___643764,cloudbeds,2026-11-22T00:00:00.000000,2,0,0,0,2,625.0,2
203812___643764,cloudbeds,2026-11-23T00:00:00.000000,2,0,0,0,2,482.0,2
203812___643764,cloudbeds,2026-11-24T00:00:00.000000,2,0,0,0,2,482.0,2
203812___643764,cloudbeds,2026-11-25T00:00:00.000000,2,0,0,0,2,482.0,2
203812___643764,cloudbeds,2026-11-26T00:00:00.000000,2,0,0,0,2,874.0,2
203812___643764,cloudbeds,2026-11-27T00:00:00.000000,2,0,0,0,2,892.0,2
203812___643764,cloudbeds,2026-11-28T00:00:00.000000,2,0,0,0,2,892.0,2
203812___643764,cloudbeds,2026-11-29T00:00:00.000000,2,0,0,0,2,625.0,2
203812___643764,cloudbeds,2026-11-30T00:00:00.000000,2,0,0,0,2,482.0,2
203812___643764,cloudbeds,2026-12-01T00:00:00.000000,2,0,0,0,2,474.0,2
203812___643764,cloudbeds,2026-12-02T00:00:00.000000,2,0,0,0,2,474.0,2
203812___643764,cloudbeds,2026-12-03T00:00:00.000000,2,0,0,0,2,580.0,2
203812___643764,cloudbeds,2026-12-04T00:00:00.000000,2,0,0,0,2,839.0,2
203812___643764,cloudbeds,2026-12-05T00:00:00.000000,2,0,0,0,2,839.0,2
203812___643764,cloudbeds,2026-12-06T00:00:00.000000,2,0,0,0,2,580.0,2
203812___643764,cloudbeds,2026-12-07T00:00:00.000000,2,0,0,0,2,474.0,2
203812___643764,cloudbeds,2026-12-08T00:00:00.000000,2,0,0,0,2,474.0,2
203812___643764,cloudbeds,2026-12-09T00:00:00.000000,2,0,0,0,2,474.0,2
203812___643764,cloudbeds,2026-12-10T00:00:00.000000,2,0,0,0,2,580.0,2
203812___643764,cloudbeds,2026-12-11T00:00:00.000000,2,0,0,0,2,839.0,2
203812___643764,cloudbeds,2026-12-12T00:00:00.000000,2,0,0,0,2,839.0,2
203812___643764,cloudbeds,2026-12-13T00:00:00.000000,2,0,0,0,2,580.0,2
203812___643764,cloudbeds,2026-12-14T00:00:00.000000,2,0,0,0,2,474.0,2
203812___643764,cloudbeds,2026-12-15T00:00:00.000000,2,0,0,0,2,474.0,2
203812___643764,cloudbeds,2026-12-16T00:00:00.000000,2,0,0,0,2,474.0,2
203812___643764,cloudbeds,2026-12-17T00:00:00.000000,2,0,0,0,2,580.0,2
203812___643764,cloudbeds,2026-12-18T00:00:00.000000,2,0,0,0,2,966.0,2
203812___643764,cloudbeds,2026-12-19T00:00:00.000000,2,0,0,0,2,966.0,2
203812___643764,cloudbeds,2026-12-20T00:00:00.000000,2,0,0,0,2,669.0,2
203812___643764,cloudbeds,2026-12-21T00:00:00.000000,2,0,0,0,2,547.0,2
203812___643764,cloudbeds,2026-12-22T00:00:00.000000,2,0,0,0,2,547.0,2
203812___643764,cloudbeds,2026-12-23T00:00:00.000000,2,0,0,0,2,547.0,2
203812___643764,cloudbeds,2026-12-24T00:00:00.000000,2,0,0,0,2,872.0,2
203812___643764,cloudbeds,2026-12-25T00:00:00.000000,2,0,0,0,2,1680.0,2
203812___643764,cloudbeds,2026-12-26T00:00:00.000000,2,0,0,0,2,1680.0,2
203812___643764,cloudbeds,2026-12-27T00:00:00.000000,2,0,0,0,2,580.0,2
203812___643764,cloudbeds,2026-12-28T00:00:00.000000,2,0,0,0,2,474.0,2
203812___643764,cloudbeds,2026-12-29T00:00:00.000000,2,0,0,0,2,474.0,2
203812___643764,cloudbeds,2026-12-30T00:00:00.000000,2,0,0,0,2,1903.0,2
203812___643764,cloudbeds,2026-12-31T00:00:00.000000,2,0,0,0,2,1903.0,2
203812___643764,cloudbeds,2027-01-01T00:00:00.000000,2,0,0,0,2,918.0,2
203812___643764,cloudbeds,2027-01-02T00:00:00.000000,2,0,0,0,2,918.0,2
203812___643764,cloudbeds,2027-01-03T00:00:00.000000,2,0,0,0,2,467.0,2
203812___643766,cloudbeds,2026-02-04T00:00:00.000000,2,1,0,0,2,230.0,1
203812___643766,cloudbeds,2026-02-05T00:00:00.000000,2,0,0,0,2,240.0,2
203812___643766,cloudbeds,2026-02-06T00:00:00.000000,2,0,0,0,2,449.0,2
203812___643766,cloudbeds,2026-02-07T00:00:00.000000,2,0,0,0,2,493.0,2
203812___643766,cloudbeds,2026-02-08T00:00:00.000000,2,0,0,0,2,269.0,2
203812___643766,cloudbeds,2026-02-09T00:00:00.000000,2,0,0,0,2,230.0,2
203812___643766,cloudbeds,2026-02-10T00:00:00.000000,2,1,0,0,2,230.0,1
203812___643766,cloudbeds,2026-02-11T00:00:00.000000,2,1,0,0,2,253.0,1
203812___643766,cloudbeds,2026-02-12T00:00:00.000000,2,0,0,0,2,352.0,2
203812___643766,cloudbeds,2026-02-13T00:00:00.000000,2,0,0,0,2,1270.0,2
203812___643766,cloudbeds,2026-02-14T00:00:00.000000,2,0,0,0,2,1397.0,2
203812___643766,cloudbeds,2026-02-15T00:00:00.000000,2,0,0,0,2,537.0,2
203812___643766,cloudbeds,2026-02-16T00:00:00.000000,2,0,0,0,2,230.0,2
203812___643766,cloudbeds,2026-02-17T00:00:00.000000,2,0,0,0,2,230.0,2
203812___643766,cloudbeds,2026-02-18T00:00:00.000000,2,0,0,0,2,230.0,2
203812___643766,cloudbeds,2026-02-19T00:00:00.000000,2,0,0,0,2,352.0,2
203812___643766,cloudbeds,2026-02-20T00:00:00.000000,2,1,0,0,2,793.0,1
203812___643766,cloudbeds,2026-02-21T00:00:00.000000,2,1,0,0,2,872.0,1
203812___643766,cloudbeds,2026-02-22T00:00:00.000000,2,0,0,0,2,352.0,2
203812___643766,cloudbeds,2026-02-23T00:00:00.000000,2,0,0,0,2,237.0,2
203812___643766,cloudbeds,2026-02-24T00:00:00.000000,2,0,0,0,2,237.0,2
203812___643766,cloudbeds,2026-02-25T00:00:00.000000,2,0,0,0,2,237.0,2
203812___643766,cloudbeds,2026-02-26T00:00:00.000000,2,0,0,0,2,352.0,2
203812___643766,cloudbeds,2026-02-27T00:00:00.000000,2,0,0,0,2,793.0,2
203812___643766,cloudbeds,2026-02-28T00:00:00.000000,2,0,0,0,2,793.0,2
203812___643766,cloudbeds,2026-03-01T00:00:00.000000,2,0,0,0,2,392.0,2
203812___643766,cloudbeds,2026-03-02T00:00:00.000000,2,0,0,0,2,385.0,2
203812___643766,cloudbeds,2026-03-03T00:00:00.000000,2,0,0,0,2,385.0,2
203812___643766,cloudbeds,2026-03-04T00:00:00.000000,2,0,0,0,2,385.0,2
203812___643766,cloudbeds,2026-03-05T00:00:00.000000,2,0,0,0,2,523.0,2
203812___643766,cloudbeds,2026-03-06T00:00:00.000000,2,0,0,0,2,1042.0,2
203812___643766,cloudbeds,2026-03-07T00:00:00.000000,2,0,0,0,2,1042.0,2
203812___643766,cloudbeds,2026-03-08T00:00:00.000000,2,0,0,0,2,523.0,2
203812___643766,cloudbeds,2026-03-09T00:00:00.000000,2,0,0,0,2,424.0,2
203812___643766,cloudbeds,2026-03-10T00:00:00.000000,2,0,0,0,2,424.0,2
203812___643766,cloudbeds,2026-03-11T00:00:00.000000,2,0,0,0,2,424.0,2
203812___643766,cloudbeds,2026-03-12T00:00:00.000000,2,0,0,0,2,523.0,2
203812___643766,cloudbeds,2026-03-13T00:00:00.000000,2,0,0,0,2,1251.0,2
203812___643766,cloudbeds,2026-03-14T00:00:00.000000,2,0,0,0,2,1251.0,2
203812___643766,cloudbeds,2026-03-15T00:00:00.000000,2,0,0,0,2,627.0,2
203812___643766,cloudbeds,2026-03-16T00:00:00.000000,2,0,0,0,2,462.0,2
203812___643766,cloudbeds,2026-03-17T00:00:00.000000,2,0,0,0,2,462.0,2
203812___643766,cloudbeds,2026-03-18T00:00:00.000000,2,0,0,0,2,462.0,2
203812___643766,cloudbeds,2026-03-19T00:00:00.000000,2,0,0,0,2,627.0,2
203812___643766,cloudbeds,2026-03-20T00:00:00.000000,2,0,0,0,2,1251.0,2
203812___643766,cloudbeds,2026-03-21T00:00:00.000000,2,0,0,0,2,1251.0,2
203812___643766,cloudbeds,2026-03-22T00:00:00.000000,2,0,0,0,2,627.0,2
203812___643766,cloudbeds,2026-03-23T00:00:00.000000,2,0,0,0,2,424.0,2
203812___643766,cloudbeds,2026-03-24T00:00:00.000000,2,0,0,0,2,424.0,2
203812___643766,cloudbeds,2026-03-25T00:00:00.000000,2,0,0,0,2,424.0,2
203812___643766,cloudbeds,2026-03-26T00:00:00.000000,2,0,0,0,2,575.0,2
203812___643766,cloudbeds,2026-03-27T00:00:00.000000,2,0,0,0,2,1042.0,2
203812___643766,cloudbeds,2026-03-28T00:00:00.000000,2,0,0,0,2,1042.0,2
203812___643766,cloudbeds,2026-03-29T00:00:00.000000,2,0,0,0,2,523.0,2
203812___643766,cloudbeds,2026-03-30T00:00:00.000000,2,0,0,0,2,385.0,2
203812___643766,cloudbeds,2026-03-31T00:00:00.000000,2,0,0,0,2,385.0,2
203812___643766,cloudbeds,2026-04-01T00:00:00.000000,2,0,0,0,2,364.0,2
203812___643766,cloudbeds,2026-04-02T00:00:00.000000,2,0,0,0,2,439.0,2
203812___643766,cloudbeds,2026-04-03T00:00:00.000000,2,0,0,0,2,947.0,2
203812___643766,cloudbeds,2026-04-04T00:00:00.000000,2,0,0,0,2,947.0,2
203812___643766,cloudbeds,2026-04-05T00:00:00.000000,2,0,0,0,2,439.0,2
203812___643766,cloudbeds,2026-04-06T00:00:00.000000,2,0,0,0,2,364.0,2
203812___643766,cloudbeds,2026-04-07T00:00:00.000000,2,0,0,0,2,364.0,2
203812___643766,cloudbeds,2026-04-08T00:00:00.000000,2,0,0,0,2,364.0,2
203812___643766,cloudbeds,2026-04-09T00:00:00.000000,2,0,0,0,2,439.0,2
203812___643766,cloudbeds,2026-04-10T00:00:00.000000,2,0,0,0,2,947.0,2
203812___643766,cloudbeds,2026-04-11T00:00:00.000000,2,0,0,0,2,947.0,2
203812___643766,cloudbeds,2026-04-12T00:00:00.000000,2,0,0,0,2,439.0,2
203812___643766,cloudbeds,2026-04-13T00:00:00.000000,2,0,0,0,2,364.0,2
203812___643766,cloudbeds,2026-04-14T00:00:00.000000,2,0,0,0,2,364.0,2
203812___643766,cloudbeds,2026-04-15T00:00:00.000000,2,0,0,0,2,364.0,2
203812___643766,cloudbeds,2026-04-16T00:00:00.000000,2,0,0,0,2,439.0,2
203812___643766,cloudbeds,2026-04-17T00:00:00.000000,2,0,0,0,2,947.0,2
203812___643766,cloudbeds,2026-04-18T00:00:00.000000,2,0,0,0,2,947.0,2
203812___643766,cloudbeds,2026-04-19T00:00:00.000000,2,0,0,0,2,439.0,2
203812___643766,cloudbeds,2026-04-20T00:00:00.000000,2,0,0,0,2,364.0,2
203812___643766,cloudbeds,2026-04-21T00:00:00.000000,2,0,0,0,2,364.0,2
203812___643766,cloudbeds,2026-04-22T00:00:00.000000,2,0,0,0,2,364.0,2
203812___643766,cloudbeds,2026-04-23T00:00:00.000000,2,0,0,0,2,439.0,2
203812___643766,cloudbeds,2026-04-24T00:00:00.000000,2,0,0,0,2,947.0,2
203812___643766,cloudbeds,2026-04-25T00:00:00.000000,2,0,0,0,2,947.0,2
203812___643766,cloudbeds,2026-04-26T00:00:00.000000,2,0,0,0,2,439.0,2
203812___643766,cloudbeds,2026-04-27T00:00:00.000000,2,0,0,0,2,364.0,2
203812___643766,cloudbeds,2026-04-28T00:00:00.000000,2,0,0,0,2,364.0,2
203812___643766,cloudbeds,2026-04-29T00:00:00.000000,2,0,0,0,2,364.0,2
203812___643766,cloudbeds,2026-04-30T00:00:00.000000,2,0,0,0,2,439.0,2
203812___643766,cloudbeds,2026-05-01T00:00:00.000000,2,0,0,0,2,931.0,2
203812___643766,cloudbeds,2026-05-02T00:00:00.000000,2,0,0,0,2,931.0,2
203812___643766,cloudbeds,2026-05-03T00:00:00.000000,2,0,0,0,2,442.0,2
203812___643766,cloudbeds,2026-05-04T00:00:00.000000,2,0,0,0,2,371.0,2
203812___643766,cloudbeds,2026-05-05T00:00:00.000000,2,0,0,0,2,371.0,2
203812___643766,cloudbeds,2026-05-06T00:00:00.000000,2,0,0,0,2,371.0,2
203812___643766,cloudbeds,2026-05-07T00:00:00.000000,2,0,0,0,2,442.0,2
203812___643766,cloudbeds,2026-05-08T00:00:00.000000,2,0,0,0,2,931.0,2
203812___643766,cloudbeds,2026-05-09T00:00:00.000000,2,0,0,0,2,931.0,2
203812___643766,cloudbeds,2026-05-10T00:00:00.000000,2,0,0,0,2,442.0,2
203812___643766,cloudbeds,2026-05-11T00:00:00.000000,2,0,0,0,2,371.0,2
203812___643766,cloudbeds,2026-05-12T00:00:00.000000,2,0,0,0,2,371.0,2
203812___643766,cloudbeds,2026-05-13T00:00:00.000000,2,0,0,0,2,371.0,2
203812___643766,cloudbeds,2026-05-14T00:00:00.000000,2,0,0,0,2,442.0,2
203812___643766,cloudbeds,2026-05-15T00:00:00.000000,2,0,0,0,2,931.0,2
203812___643766,cloudbeds,2026-05-16T00:00:00.000000,2,0,0,0,2,931.0,2
203812___643766,cloudbeds,2026-05-17T00:00:00.000000,2,0,0,0,2,442.0,2
203812___643766,cloudbeds,2026-05-18T00:00:00.000000,2,0,0,0,2,371.0,2
203812___643766,cloudbeds,2026-05-19T00:00:00.000000,2,0,0,0,2,371.0,2
203812___643766,cloudbeds,2026-05-20T00:00:00.000000,2,0,0,0,2,371.0,2
203812___643766,cloudbeds,2026-05-21T00:00:00.000000,2,0,0,0,2,442.0,2
203812___643766,cloudbeds,2026-05-22T00:00:00.000000,2,0,0,0,2,1164.0,2
203812___643766,cloudbeds,2026-05-23T00:00:00.000000,2,0,0,0,2,1164.0,2
203812___643766,cloudbeds,2026-05-24T00:00:00.000000,2,0,0,0,2,553.0,2
203812___643766,cloudbeds,2026-05-25T00:00:00.000000,2,0,0,0,2,465.0,2
203812___643766,cloudbeds,2026-05-26T00:00:00.000000,2,0,0,0,2,371.0,2
203812___643766,cloudbeds,2026-05-27T00:00:00.000000,2,0,0,0,2,371.0,2
203812___643766,cloudbeds,2026-05-28T00:00:00.000000,2,0,0,0,2,442.0,2
203812___643766,cloudbeds,2026-05-29T00:00:00.000000,2,0,0,0,2,931.0,2
203812___643766,cloudbeds,2026-05-30T00:00:00.000000,2,0,0,0,2,931.0,2
203812___643766,cloudbeds,2026-05-31T00:00:00.000000,2,0,0,0,2,442.0,2
203812___643766,cloudbeds,2026-06-01T00:00:00.000000,2,0,0,0,2,364.0,2
203812___643766,cloudbeds,2026-06-02T00:00:00.000000,2,0,0,0,2,364.0,2
203812___643766,cloudbeds,2026-06-03T00:00:00.000000,2,0,0,0,2,364.0,2
203812___643766,cloudbeds,2026-06-04T00:00:00.000000,2,0,0,0,2,531.0,2
203812___643766,cloudbeds,2026-06-05T00:00:00.000000,2,0,0,0,2,887.0,2
203812___643766,cloudbeds,2026-06-06T00:00:00.000000,2,0,0,0,2,887.0,2
203812___643766,cloudbeds,2026-06-07T00:00:00.000000,2,0,0,0,2,531.0,2
203812___643766,cloudbeds,2026-06-08T00:00:00.000000,2,0,0,0,2,364.0,2
203812___643766,cloudbeds,2026-06-09T00:00:00.000000,2,0,0,0,2,364.0,2
203812___643766,cloudbeds,2026-06-10T00:00:00.000000,2,0,0,0,2,364.0,2
203812___643766,cloudbeds,2026-06-11T00:00:00.000000,2,0,0,0,2,531.0,2
203812___643766,cloudbeds,2026-06-12T00:00:00.000000,2,0,0,0,2,887.0,2
203812___643766,cloudbeds,2026-06-13T00:00:00.000000,2,0,0,0,2,887.0,2
203812___643766,cloudbeds,2026-06-14T00:00:00.000000,2,0,0,0,2,531.0,2
203812___643766,cloudbeds,2026-06-15T00:00:00.000000,2,0,0,0,2,364.0,2
203812___643766,cloudbeds,2026-06-16T00:00:00.000000,2,0,0,0,2,364.0,2
203812___643766,cloudbeds,2026-06-17T00:00:00.000000,2,0,0,0,2,364.0,2
203812___643766,cloudbeds,2026-06-18T00:00:00.000000,2,0,0,0,2,531.0,2
203812___643766,cloudbeds,2026-06-19T00:00:00.000000,2,0,0,0,2,887.0,2
203812___643766,cloudbeds,2026-06-20T00:00:00.000000,2,0,0,0,2,887.0,2
203812___643766,cloudbeds,2026-06-21T00:00:00.000000,2,0,0,0,2,531.0,2
203812___643766,cloudbeds,2026-06-22T00:00:00.000000,2,0,0,0,2,364.0,2
203812___643766,cloudbeds,2026-06-23T00:00:00.000000,2,0,0,0,2,364.0,2
203812___643766,cloudbeds,2026-06-24T00:00:00.000000,2,0,0,0,2,364.0,2
203812___643766,cloudbeds,2026-06-25T00:00:00.000000,2,0,0,0,2,531.0,2
203812___643766,cloudbeds,2026-06-26T00:00:00.000000,2,0,0,0,2,887.0,2
203812___643766,cloudbeds,2026-06-27T00:00:00.000000,2,0,0,0,2,887.0,2
203812___643766,cloudbeds,2026-06-28T00:00:00.000000,2,0,0,0,2,531.0,2
203812___643766,cloudbeds,2026-06-29T00:00:00.000000,2,0,0,0,2,364.0,2
203812___643766,cloudbeds,2026-06-30T00:00:00.000000,2,0,0,0,2,364.0,2
203812___643766,cloudbeds,2026-07-01T00:00:00.000000,2,0,0,0,2,353.0,2
203812___643766,cloudbeds,2026-07-02T00:00:00.000000,2,0,0,0,2,580.0,2
203812___643766,cloudbeds,2026-07-03T00:00:00.000000,2,0,0,0,2,1033.0,2
203812___643766,cloudbeds,2026-07-04T00:00:00.000000,2,0,0,0,2,1033.0,2
203812___643766,cloudbeds,2026-07-05T00:00:00.000000,2,0,0,0,2,580.0,2
203812___643766,cloudbeds,2026-07-06T00:00:00.000000,2,0,0,0,2,353.0,2
203812___643766,cloudbeds,2026-07-07T00:00:00.000000,2,0,0,0,2,353.0,2
203812___643766,cloudbeds,2026-07-08T00:00:00.000000,2,0,0,0,2,353.0,2
203812___643766,cloudbeds,2026-07-09T00:00:00.000000,2,0,0,0,2,444.0,2
203812___643766,cloudbeds,2026-07-10T00:00:00.000000,2,0,0,0,2,793.0,2
203812___643766,cloudbeds,2026-07-11T00:00:00.000000,2,0,0,0,2,793.0,2
203812___643766,cloudbeds,2026-07-12T00:00:00.000000,2,0,0,0,2,444.0,2
203812___643766,cloudbeds,2026-07-13T00:00:00.000000,2,0,0,0,2,353.0,2
203812___643766,cloudbeds,2026-07-14T00:00:00.000000,2,0,0,0,2,353.0,2
203812___643766,cloudbeds,2026-07-15T00:00:00.000000,2,0,0,0,2,353.0,2
203812___643766,cloudbeds,2026-07-16T00:00:00.000000,2,0,0,0,2,444.0,2
203812___643766,cloudbeds,2026-07-17T00:00:00.000000,2,0,0,0,2,793.0,2
203812___643766,cloudbeds,2026-07-18T00:00:00.000000,2,0,0,0,2,793.0,2
203812___643766,cloudbeds,2026-07-19T00:00:00.000000,2,0,0,0,2,444.0,2
203812___643766,cloudbeds,2026-07-20T00:00:00.000000,2,0,0,0,2,353.0,2
203812___643766,cloudbeds,2026-07-21T00:00:00.000000,2,0,0,0,2,353.0,2
203812___643766,cloudbeds,2026-07-22T00:00:00.000000,2,0,0,0,2,353.0,2
203812___643766,cloudbeds,2026-07-23T00:00:00.000000,2,0,0,0,2,444.0,2
203812___643766,cloudbeds,2026-07-24T00:00:00.000000,2,0,0,0,2,793.0,2
203812___643766,cloudbeds,2026-07-25T00:00:00.000000,2,0,0,0,2,793.0,2
203812___643766,cloudbeds,2026-07-26T00:00:00.000000,2,0,0,0,2,444.0,2
203812___643766,cloudbeds,2026-07-27T00:00:00.000000,2,0,0,0,2,353.0,2
203812___643766,cloudbeds,2026-07-28T00:00:00.000000,2,0,0,0,2,353.0,2
203812___643766,cloudbeds,2026-07-29T00:00:00.000000,2,0,0,0,2,353.0,2
203812___643766,cloudbeds,2026-07-30T00:00:00.000000,2,0,0,0,2,444.0,2
203812___643766,cloudbeds,2026-07-31T00:00:00.000000,2,0,0,0,2,793.0,2
203812___643766,cloudbeds,2026-08-01T00:00:00.000000,2,0,0,0,2,749.0,2
203812___643766,cloudbeds,2026-08-02T00:00:00.000000,2,0,0,0,2,391.0,2
203812___643766,cloudbeds,2026-08-03T00:00:00.000000,2,0,0,0,2,353.0,2
203812___643766,cloudbeds,2026-08-04T00:00:00.000000,2,0,0,0,2,353.0,2
203812___643766,cloudbeds,2026-08-05T00:00:00.000000,2,0,0,0,2,353.0,2
203812___643766,cloudbeds,2026-08-06T00:00:00.000000,2,0,0,0,2,391.0,2
203812___643766,cloudbeds,2026-08-07T00:00:00.000000,2,0,0,0,2,749.0,2
203812___643766,cloudbeds,2026-08-08T00:00:00.000000,2,0,0,0,2,749.0,2
203812___643766,cloudbeds,2026-08-09T00:00:00.000000,2,0,0,0,2,391.0,2
203812___643766,cloudbeds,2026-08-10T00:00:00.000000,2,0,0,0,2,353.0,2
203812___643766,cloudbeds,2026-08-11T00:00:00.000000,2,0,0,0,2,372.0,2
203812___643766,cloudbeds,2026-08-12T00:00:00.000000,2,0,0,0,2,372.0,2
203812___643766,cloudbeds,2026-08-13T00:00:00.000000,2,0,0,0,2,412.0,2
203812___643766,cloudbeds,2026-08-14T00:00:00.000000,2,0,0,0,2,789.0,2
203812___643766,cloudbeds,2026-08-15T00:00:00.000000,2,0,0,0,2,789.0,2
203812___643766,cloudbeds,2026-08-16T00:00:00.000000,2,0,0,0,2,412.0,2
203812___643766,cloudbeds,2026-08-17T00:00:00.000000,2,0,0,0,2,372.0,2
203812___643766,cloudbeds,2026-08-18T00:00:00.000000,2,0,0,0,2,372.0,2
203812___643766,cloudbeds,2026-08-19T00:00:00.000000,2,0,0,0,2,372.0,2
203812___643766,cloudbeds,2026-08-20T00:00:00.000000,2,0,0,0,2,412.0,2
203812___643766,cloudbeds,2026-08-21T00:00:00.000000,2,0,0,0,2,789.0,2
203812___643766,cloudbeds,2026-08-22T00:00:00.000000,2,0,0,0,2,789.0,2
203812___643766,cloudbeds,2026-08-23T00:00:00.000000,2,0,0,0,2,412.0,2
203812___643766,cloudbeds,2026-08-24T00:00:00.000000,2,0,0,0,2,372.0,2
203812___643766,cloudbeds,2026-08-25T00:00:00.000000,2,0,0,0,2,372.0,2
203812___643766,cloudbeds,2026-08-26T00:00:00.000000,2,0,0,0,2,372.0,2
203812___643766,cloudbeds,2026-08-27T00:00:00.000000,2,0,0,0,2,412.0,2
203812___643766,cloudbeds,2026-08-28T00:00:00.000000,2,0,0,0,2,789.0,2
203812___643766,cloudbeds,2026-08-29T00:00:00.000000,2,0,0,0,2,789.0,2
203812___643766,cloudbeds,2026-08-30T00:00:00.000000,2,0,0,0,2,412.0,2
203812___643766,cloudbeds,2026-08-31T00:00:00.000000,2,0,0,0,2,372.0,2
203812___643766,cloudbeds,2026-09-01T00:00:00.000000,2,0,0,0,2,453.0,2
203812___643766,cloudbeds,2026-09-02T00:00:00.000000,2,0,0,0,2,453.0,2
203812___643766,cloudbeds,2026-09-03T00:00:00.000000,2,0,0,0,2,569.0,2
203812___643766,cloudbeds,2026-09-04T00:00:00.000000,2,0,0,0,2,1152.0,2
203812___643766,cloudbeds,2026-09-05T00:00:00.000000,2,0,0,0,2,1152.0,2
203812___643766,cloudbeds,2026-09-06T00:00:00.000000,2,0,0,0,2,681.0,2
203812___643766,cloudbeds,2026-09-07T00:00:00.000000,2,0,0,0,2,545.0,2
203812___643766,cloudbeds,2026-09-08T00:00:00.000000,2,0,0,0,2,453.0,2
203812___643766,cloudbeds,2026-09-09T00:00:00.000000,2,0,0,0,2,453.0,2
203812___643766,cloudbeds,2026-09-10T00:00:00.000000,2,0,0,0,2,569.0,2
203812___643766,cloudbeds,2026-09-11T00:00:00.000000,2,0,0,0,2,959.0,2
203812___643766,cloudbeds,2026-09-12T00:00:00.000000,2,0,0,0,2,959.0,2
203812___643766,cloudbeds,2026-09-13T00:00:00.000000,2,0,0,0,2,569.0,2
203812___643766,cloudbeds,2026-09-14T00:00:00.000000,2,0,0,0,2,453.0,2
203812___643766,cloudbeds,2026-09-15T00:00:00.000000,2,0,0,0,2,453.0,2
203812___643766,cloudbeds,2026-09-16T00:00:00.000000,2,0,0,0,2,453.0,2
203812___643766,cloudbeds,2026-09-17T00:00:00.000000,2,0,0,0,2,569.0,2
203812___643766,cloudbeds,2026-09-18T00:00:00.000000,2,0,0,0,2,959.0,2
203812___643766,cloudbeds,2026-09-19T00:00:00.000000,2,0,0,0,2,959.0,2
203812___643766,cloudbeds,2026-09-20T00:00:00.000000,2,0,0,0,2,569.0,2
203812___643766,cloudbeds,2026-09-21T00:00:00.000000,2,1,0,0,2,453.0,1
203812___643766,cloudbeds,2026-09-22T00:00:00.000000,2,1,0,0,2,453.0,1
203812___643766,cloudbeds,2026-09-23T00:00:00.000000,2,0,0,0,2,453.0,2
203812___643766,cloudbeds,2026-09-24T00:00:00.000000,2,0,0,0,2,569.0,2
203812___643766,cloudbeds,2026-09-25T00:00:00.000000,2,0,0,0,2,959.0,2
203812___643766,cloudbeds,2026-09-26T00:00:00.000000,2,0,0,0,2,959.0,2
203812___643766,cloudbeds,2026-09-27T00:00:00.000000,2,0,0,0,2,569.0,2
203812___643766,cloudbeds,2026-09-28T00:00:00.000000,2,0,0,0,2,453.0,2
203812___643766,cloudbeds,2026-09-29T00:00:00.000000,2,0,0,0,2,453.0,2
203812___643766,cloudbeds,2026-09-30T00:00:00.000000,2,0,0,0,2,453.0,2
203812___643766,cloudbeds,2026-10-01T00:00:00.000000,2,0,0,0,2,665.0,2
203812___643766,cloudbeds,2026-10-02T00:00:00.000000,2,0,0,0,2,957.0,2
203812___643766,cloudbeds,2026-10-03T00:00:00.000000,2,0,0,0,2,957.0,2
203812___643766,cloudbeds,2026-10-04T00:00:00.000000,2,0,0,0,2,665.0,2
203812___643766,cloudbeds,2026-10-05T00:00:00.000000,2,0,0,0,2,524.0,2
203812___643766,cloudbeds,2026-10-06T00:00:00.000000,2,0,0,0,2,524.0,2
203812___643766,cloudbeds,2026-10-07T00:00:00.000000,2,0,0,0,2,524.0,2
203812___643766,cloudbeds,2026-10-08T00:00:00.000000,2,0,0,0,2,665.0,2
203812___643766,cloudbeds,2026-10-09T00:00:00.000000,2,0,0,0,2,1053.0,2
203812___643766,cloudbeds,2026-10-10T00:00:00.000000,2,0,0,0,2,1053.0,2
203812___643766,cloudbeds,2026-10-11T00:00:00.000000,2,0,0,0,2,734.0,2
203812___643766,cloudbeds,2026-10-12T00:00:00.000000,2,0,0,0,2,574.0,2
203812___643766,cloudbeds,2026-10-13T00:00:00.000000,2,0,0,0,2,524.0,2
203812___643766,cloudbeds,2026-10-14T00:00:00.000000,2,0,0,0,2,524.0,2
203812___643766,cloudbeds,2026-10-15T00:00:00.000000,2,0,0,0,2,665.0,2
203812___643766,cloudbeds,2026-10-16T00:00:00.000000,2,0,0,0,2,957.0,2
203812___643766,cloudbeds,2026-10-17T00:00:00.000000,2,0,0,0,2,957.0,2
203812___643766,cloudbeds,2026-10-18T00:00:00.000000,2,0,0,0,2,665.0,2
203812___643766,cloudbeds,2026-10-19T00:00:00.000000,2,0,0,0,2,524.0,2
203812___643766,cloudbeds,2026-10-20T00:00:00.000000,2,0,0,0,2,524.0,2
203812___643766,cloudbeds,2026-10-21T00:00:00.000000,2,0,0,0,2,524.0,2
203812___643766,cloudbeds,2026-10-22T00:00:00.000000,2,0,0,0,2,665.0,2
203812___643766,cloudbeds,2026-10-23T00:00:00.000000,2,0,0,0,2,957.0,2
203812___643766,cloudbeds,2026-10-24T00:00:00.000000,2,0,0,0,2,957.0,2
203812___643766,cloudbeds,2026-10-25T00:00:00.000000,2,0,0,0,2,665.0,2
203812___643766,cloudbeds,2026-10-26T00:00:00.000000,2,0,0,0,2,524.0,2
203812___643766,cloudbeds,2026-10-27T00:00:00.000000,2,0,0,0,2,524.0,2
203812___643766,cloudbeds,2026-10-28T00:00:00.000000,2,0,0,0,2,524.0,2
203812___643766,cloudbeds,2026-10-29T00:00:00.000000,2,0,0,0,2,665.0,2
203812___643766,cloudbeds,2026-10-30T00:00:00.000000,2,0,0,0,2,957.0,2
203812___643766,cloudbeds,2026-10-31T00:00:00.000000,2,0,0,0,2,957.0,2
203812___643766,cloudbeds,2026-11-01T00:00:00.000000,2,0,0,0,2,625.0,2
203812___643766,cloudbeds,2026-11-02T00:00:00.000000,2,0,0,0,2,482.0,2
203812___643766,cloudbeds,2026-11-03T00:00:00.000000,2,0,0,0,2,482.0,2
203812___643766,cloudbeds,2026-11-04T00:00:00.000000,2,0,0,0,2,482.0,2
203812___643766,cloudbeds,2026-11-05T00:00:00.000000,2,0,0,0,2,625.0,2
203812___643766,cloudbeds,2026-11-06T00:00:00.000000,2,0,0,0,2,892.0,2
203812___643766,cloudbeds,2026-11-07T00:00:00.000000,2,0,0,0,2,892.0,2
203812___643766,cloudbeds,2026-11-08T00:00:00.000000,2,0,0,0,2,625.0,2
203812___643766,cloudbeds,2026-11-09T00:00:00.000000,2,0,0,0,2,482.0,2
203812___643766,cloudbeds,2026-11-10T00:00:00.000000,2,0,0,0,2,482.0,2
203812___643766,cloudbeds,2026-11-11T00:00:00.000000,2,0,0,0,2,482.0,2
203812___643766,cloudbeds,2026-11-12T00:00:00.000000,2,0,0,0,2,625.0,2
203812___643766,cloudbeds,2026-11-13T00:00:00.000000,2,0,0,0,2,892.0,2
203812___643766,cloudbeds,2026-11-14T00:00:00.000000,2,0,0,0,2,892.0,2
203812___643766,cloudbeds,2026-11-15T00:00:00.000000,2,0,0,0,2,625.0,2
203812___643766,cloudbeds,2026-11-16T00:00:00.000000,2,0,0,0,2,482.0,2
203812___643766,cloudbeds,2026-11-17T00:00:00.000000,2,0,0,0,2,482.0,2
203812___643766,cloudbeds,2026-11-18T00:00:00.000000,2,0,0,0,2,482.0,2
203812___643766,cloudbeds,2026-11-19T00:00:00.000000,2,0,0,0,2,625.0,2
203812___643766,cloudbeds,2026-11-20T00:00:00.000000,2,0,0,0,2,892.0,2
203812___643766,cloudbeds,2026-11-21T00:00:00.000000,2,0,0,0,2,892.0,2
203812___643766,cloudbeds,2026-11-22T00:00:00.000000,2,0,0,0,2,625.0,2
203812___643766,cloudbeds,2026-11-23T00:00:00.000000,2,0,0,0,2,482.0,2
203812___643766,cloudbeds,2026-11-24T00:00:00.000000,2,0,0,0,2,482.0,2
203812___643766,cloudbeds,2026-11-25T00:00:00.000000,2,0,0,0,2,482.0,2
203812___643766,cloudbeds,2026-11-26T00:00:00.000000,2,0,0,0,2,874.0,2
203812___643766,cloudbeds,2026-11-27T00:00:00.000000,2,0,0,0,2,892.0,2
203812___643766,cloudbeds,2026-11-28T00:00:00.000000,2,0,0,0,2,892.0,2
203812___643766,cloudbeds,2026-11-29T00:00:00.000000,2,0,0,0,2,625.0,2
203812___643766,cloudbeds,2026-11-30T00:00:00.000000,2,0,0,0,2,482.0,2
203812___643766,cloudbeds,2026-12-01T00:00:00.000000,2,0,0,0,2,474.0,2
203812___643766,cloudbeds,2026-12-02T00:00:00.000000,2,0,0,0,2,474.0,2
203812___643766,cloudbeds,2026-12-03T00:00:00.000000,2,0,0,0,2,580.0,2
203812___643766,cloudbeds,2026-12-04T00:00:00.000000,2,0,0,0,2,839.0,2
203812___643766,cloudbeds,2026-12-05T00:00:00.000000,2,0,0,0,2,839.0,2
203812___643766,cloudbeds,2026-12-06T00:00:00.000000,2,0,0,0,2,580.0,2
203812___643766,cloudbeds,2026-12-07T00:00:00.000000,2,0,0,0,2,474.0,2
203812___643766,cloudbeds,2026-12-08T00:00:00.000000,2,0,0,0,2,474.0,2
203812___643766,cloudbeds,2026-12-09T00:00:00.000000,2,0,0,0,2,474.0,2
203812___643766,cloudbeds,2026-12-10T00:00:00.000000,2,0,0,0,2,580.0,2
203812___643766,cloudbeds,2026-12-11T00:00:00.000000,2,0,0,0,2,839.0,2
203812___643766,cloudbeds,2026-12-12T00:00:00.000000,2,0,0,0,2,839.0,2
203812___643766,cloudbeds,2026-12-13T00:00:00.000000,2,0,0,0,2,580.0,2
203812___643766,cloudbeds,2026-12-14T00:00:00.000000,2,0,0,0,2,474.0,2
203812___643766,cloudbeds,2026-12-15T00:00:00.000000,2,0,0,0,2,474.0,2
203812___643766,cloudbeds,2026-12-16T00:00:00.000000,2,0,0,0,2,474.0,2
203812___643766,cloudbeds,2026-12-17T00:00:00.000000,2,0,0,0,2,580.0,2
203812___643766,cloudbeds,2026-12-18T00:00:00.000000,2,0,0,0,2,966.0,2
203812___643766,cloudbeds,2026-12-19T00:00:00.000000,2,0,0,0,2,966.0,2
203812___643766,cloudbeds,2026-12-20T00:00:00.000000,2,0,0,0,2,669.0,2
203812___643766,cloudbeds,2026-12-21T00:00:00.000000,2,0,0,0,2,547.0,2
203812___643766,cloudbeds,2026-12-22T00:00:00.000000,2,0,0,0,2,547.0,2
203812___643766,cloudbeds,2026-12-23T00:00:00.000000,2,0,0,0,2,547.0,2
203812___643766,cloudbeds,2026-12-24T00:00:00.000000,2,0,0,0,2,872.0,2
203812___643766,cloudbeds,2026-12-25T00:00:00.000000,2,0,0,0,2,1680.0,2
203812___643766,cloudbeds,2026-12-26T00:00:00.000000,2,0,0,0,2,1680.0,2
203812___643766,cloudbeds,2026-12-27T00:00:00.000000,2,0,0,0,2,580.0,2
203812___643766,cloudbeds,2026-12-28T00:00:00.000000,2,0,0,0,2,474.0,2
203812___643766,cloudbeds,2026-12-29T00:00:00.000000,2,0,0,0,2,474.0,2
203812___643766,cloudbeds,2026-12-30T00:00:00.000000,2,0,0,0,2,1903.0,2
203812___643766,cloudbeds,2026-12-31T00:00:00.000000,2,0,0,0,2,1903.0,2
203812___643766,cloudbeds,2027-01-01T00:00:00.000000,2,0,0,0,2,918.0,2
203812___643766,cloudbeds,2027-01-02T00:00:00.000000,2,0,0,0,2,918.0,2
203812___643766,cloudbeds,2027-01-03T00:00:00.000000,2,0,0,0,2,467.0,2
