Listing ID,PMS Name,Date,Units,No. Booked,No. Blocked,blocking_units,Bookable Units,nightly_revenue,Vacant Units
146908,hostaway,2026-02-02T00:00:00.000000,1,0,0,0,1,275.0,1
146908,hostaway,2026-02-03T00:00:00.000000,1,0,0,0,1,275.0,1
146908,hostaway,2026-02-04T00:00:00.000000,1,0,0,0,1,275.0,1
146908,hostaway,2026-02-05T00:00:00.000000,1,0,0,0,1,335.0,1
146908,hostaway,2026-02-06T00:00:00.000000,1,0,0,0,1,449.0,1
146908,hostaway,2026-02-07T00:00:00.000000,1,0,0,0,1,499.0,1
146908,hostaway,2026-02-08T00:00:00.000000,1,0,0,0,1,335.0,1
146908,hostaway,2026-02-09T00:00:00.000000,1,0,0,0,1,275.0,1
146908,hostaway,2026-02-10T00:00:00.000000,1,0,0,0,1,275.0,1
146908,hostaway,2026-02-11T00:00:00.000000,1,0,0,0,1,316.0,1
146908,hostaway,2026-02-12T00:00:00.000000,1,0,0,0,1,419.0,1
146908,hostaway,2026-02-13T00:00:00.000000,1,0,0,0,1,757.0,1
146908,hostaway,2026-02-14T00:00:00.000000,1,0,0,0,1,875.0,1
146908,hostaway,2026-02-15T00:00:00.000000,1,0,0,0,1,482.0,1
146908,hostaway,2026-02-16T00:00:00.000000,1,0,0,0,1,424.0,1
146908,hostaway,2026-02-17T00:00:00.000000,1,0,0,0,1,424.0,1
146908,hostaway,2026-02-18T00:00:00.000000,1,0,0,0,1,369.0,1
146908,hostaway,2026-02-19T00:00:00.000000,1,0,0,0,1,419.0,1
146908,hostaway,2026-02-20T00:00:00.000000,1,0,0,0,1,549.0,1
146908,hostaway,2026-02-21T00:00:00.000000,1,0,0,0,1,574.0,1
146908,hostaway,2026-02-22T00:00:00.000000,1,0,0,0,1,419.0,1
146908,hostaway,2026-02-23T00:00:00.000000,1,0,0,0,1,369.0,1
146908,hostaway,2026-02-24T00:00:00.000000,1,0,0,0,1,369.0,1
146908,hostaway,2026-02-25T00:00:00.000000,1,0,0,0,1,369.0,1
146908,hostaway,2026-02-26T00:00:00.000000,1,0,0,0,1,405.0,1
146908,hostaway,2026-02-27T00:00:00.000000,1,1,0,0,1,499.0,0
146908,hostaway,2026-02-28T00:00:00.000000,1,1,0,0,1,499.0,0
146908,hostaway,2026-03-01T00:00:00.000000,1,0,0,0,1,489.0,1
146908,hostaway,2026-03-02T00:00:00.000000,1,0,0,0,1,419.0,1
146908,hostaway,2026-03-03T00:00:00.000000,1,0,0,0,1,419.0,1
146908,hostaway,2026-03-04T00:00:00.000000,1,1,0,0,1,419.0,0
146908,hostaway,2026-03-05T00:00:00.000000,1,1,0,0,1,489.0,0
146908,hostaway,2026-03-06T00:00:00.000000,1,1,0,0,1,559.0,0
146908,hostaway,2026-03-07T00:00:00.000000,1,1,0,0,1,559.0,0
146908,hostaway,2026-03-08T00:00:00.000000,1,1,0,0,1,489.0,0
146908,hostaway,2026-03-09T00:00:00.000000,1,1,0,0,1,419.0,0
146908,hostaway,2026-03-10T00:00:00.000000,1,1,0,0,1,419.0,0
146908,hostaway,2026-03-11T00:00:00.000000,1,0,0,0,1,419.0,1
146908,hostaway,2026-03-12T00:00:00.000000,1,0,0,0,1,538.0,1
146908,hostaway,2026-03-13T00:00:00.000000,1,0,0,0,1,738.0,1
146908,hostaway,2026-03-14T00:00:00.000000,1,1,0,0,1,738.0,0
146908,hostaway,2026-03-15T00:00:00.000000,1,1,0,0,1,646.0,0
146908,hostaway,2026-03-16T00:00:00.000000,1,0,0,0,1,503.0,1
146908,hostaway,2026-03-17T00:00:00.000000,1,0,0,0,1,503.0,1
146908,hostaway,2026-03-18T00:00:00.000000,1,0,0,0,1,503.0,1
146908,hostaway,2026-03-19T00:00:00.000000,1,0,0,0,1,671.0,1
146908,hostaway,2026-03-20T00:00:00.000000,1,0,0,0,1,671.0,1
146908,hostaway,2026-03-21T00:00:00.000000,1,0,0,0,1,671.0,1
146908,hostaway,2026-03-22T00:00:00.000000,1,0,0,0,1,503.0,1
146908,hostaway,2026-03-23T00:00:00.000000,1,0,0,0,1,419.0,1
146908,hostaway,2026-03-24T00:00:00.000000,1,1,0,0,1,419.0,0
146908,hostaway,2026-03-25T00:00:00.000000,1,1,0,0,1,419.0,0
146908,hostaway,2026-03-26T00:00:00.000000,1,1,0,0,1,489.0,0
146908,hostaway,2026-03-27T00:00:00.000000,1,1,0,0,1,666.0,0
146908,hostaway,2026-03-28T00:00:00.000000,1,0,0,0,1,666.0,1
146908,hostaway,2026-03-29T00:00:00.000000,1,0,0,0,1,587.0,1
146908,hostaway,2026-03-30T00:00:00.000000,1,0,0,0,1,419.0,1
146908,hostaway,2026-03-31T00:00:00.000000,1,0,0,0,1,419.0,1
146908,hostaway,2026-04-01T00:00:00.000000,1,0,0,0,1,449.0,1
146908,hostaway,2026-04-02T00:00:00.000000,1,0,0,0,1,539.0,1
146908,hostaway,2026-04-03T00:00:00.000000,1,0,0,0,1,629.0,1
146908,hostaway,2026-04-04T00:00:00.000000,1,1,0,0,1,629.0,0
146908,hostaway,2026-04-05T00:00:00.000000,1,1,0,0,1,539.0,0
146908,hostaway,2026-04-06T00:00:00.000000,1,0,0,0,1,449.0,1
146908,hostaway,2026-04-07T00:00:00.000000,1,0,0,0,1,449.0,1
146908,hostaway,2026-04-08T00:00:00.000000,1,0,0,0,1,449.0,1
146908,hostaway,2026-04-09T00:00:00.000000,1,0,0,0,1,539.0,1
146908,hostaway,2026-04-10T00:00:00.000000,1,0,0,0,1,629.0,1
146908,hostaway,2026-04-11T00:00:00.000000,1,0,0,0,1,629.0,1
146908,hostaway,2026-04-12T00:00:00.000000,1,0,0,0,1,539.0,1
146908,hostaway,2026-04-13T00:00:00.000000,1,0,0,0,1,449.0,1
146908,hostaway,2026-04-14T00:00:00.000000,1,0,0,0,1,449.0,1
146908,hostaway,2026-04-15T00:00:00.000000,1,0,0,0,1,449.0,1
146908,hostaway,2026-04-16T00:00:00.000000,1,0,0,0,1,539.0,1
146908,hostaway,2026-04-17T00:00:00.000000,1,0,0,0,1,629.0,1
146908,hostaway,2026-04-18T00:00:00.000000,1,0,0,0,1,629.0,1
146908,hostaway,2026-04-19T00:00:00.000000,1,0,0,0,1,539.0,1
146908,hostaway,2026-04-20T00:00:00.000000,1,0,0,0,1,449.0,1
146908,hostaway,2026-04-21T00:00:00.000000,1,0,0,0,1,449.0,1
146908,hostaway,2026-04-22T00:00:00.000000,1,0,0,0,1,449.0,1
146908,hostaway,2026-04-23T00:00:00.000000,1,0,0,0,1,493.0,1
146908,hostaway,2026-04-24T00:00:00.000000,1,1,0,0,1,629.0,0
146908,hostaway,2026-04-25T00:00:00.000000,1,1,0,0,1,629.0,0
146908,hostaway,2026-04-26T00:00:00.000000,1,1,0,0,1,539.0,0
146908,hostaway,2026-04-27T00:00:00.000000,1,1,0,0,1,449.0,0
146908,hostaway,2026-04-28T00:00:00.000000,1,0,0,0,1,449.0,1
146908,hostaway,2026-04-29T00:00:00.000000,1,0,0,0,1,449.0,1
146908,hostaway,2026-04-30T00:00:00.000000,1,0,0,0,1,539.0,1
146908,hostaway,2026-05-01T00:00:00.000000,1,0,0,0,1,669.0,1
146908,hostaway,2026-05-02T00:00:00.000000,1,0,0,0,1,669.0,1
146908,hostaway,2026-05-03T00:00:00.000000,1,0,0,0,1,549.0,1
146908,hostaway,2026-05-04T00:00:00.000000,1,0,0,0,1,479.0,1
146908,hostaway,2026-05-05T00:00:00.000000,1,0,0,0,1,470.0,1
146908,hostaway,2026-05-06T00:00:00.000000,1,0,0,0,1,479.0,1
146908,hostaway,2026-05-07T00:00:00.000000,1,0,0,0,1,549.0,1
146908,hostaway,2026-05-08T00:00:00.000000,1,0,0,0,1,669.0,1
146908,hostaway,2026-05-09T00:00:00.000000,1,0,0,0,1,669.0,1
146908,hostaway,2026-05-10T00:00:00.000000,1,0,0,0,1,549.0,1
146908,hostaway,2026-05-11T00:00:00.000000,1,0,0,0,1,479.0,1
146908,hostaway,2026-05-12T00:00:00.000000,1,0,0,0,1,470.0,1
146908,hostaway,2026-05-13T00:00:00.000000,1,0,0,0,1,479.0,1
146908,hostaway,2026-05-14T00:00:00.000000,1,0,0,0,1,631.0,1
146908,hostaway,2026-05-15T00:00:00.000000,1,1,0,0,1,669.0,0
146908,hostaway,2026-05-16T00:00:00.000000,1,1,0,0,1,669.0,0
146908,hostaway,2026-05-17T00:00:00.000000,1,0,0,0,1,631.0,1
146908,hostaway,2026-05-18T00:00:00.000000,1,0,0,0,1,551.0,1
146908,hostaway,2026-05-19T00:00:00.000000,1,0,0,0,1,540.0,1
146908,hostaway,2026-05-20T00:00:00.000000,1,0,0,0,1,551.0,1
146908,hostaway,2026-05-21T00:00:00.000000,1,0,0,0,1,631.0,1
146908,hostaway,2026-05-22T00:00:00.000000,1,0,0,0,1,961.0,1
146908,hostaway,2026-05-23T00:00:00.000000,1,0,0,0,1,1058.0,1
146908,hostaway,2026-05-24T00:00:00.000000,1,0,0,0,1,789.0,1
146908,hostaway,2026-05-25T00:00:00.000000,1,0,0,0,1,599.0,1
146908,hostaway,2026-05-26T00:00:00.000000,1,0,0,0,1,470.0,1
146908,hostaway,2026-05-27T00:00:00.000000,1,0,0,0,1,479.0,1
146908,hostaway,2026-05-28T00:00:00.000000,1,0,0,0,1,549.0,1
146908,hostaway,2026-05-29T00:00:00.000000,1,0,0,0,1,669.0,1
146908,hostaway,2026-05-30T00:00:00.000000,1,0,0,0,1,669.0,1
146908,hostaway,2026-05-31T00:00:00.000000,1,0,0,0,1,604.0,1
146908,hostaway,2026-06-01T00:00:00.000000,1,0,0,0,1,560.0,1
146908,hostaway,2026-06-02T00:00:00.000000,1,0,0,0,1,560.0,1
146908,hostaway,2026-06-03T00:00:00.000000,1,0,0,0,1,509.0,1
146908,hostaway,2026-06-04T00:00:00.000000,1,0,0,0,1,599.0,1
146908,hostaway,2026-06-05T00:00:00.000000,1,0,0,0,1,689.0,1
146908,hostaway,2026-06-06T00:00:00.000000,1,0,0,0,1,689.0,1
146908,hostaway,2026-06-07T00:00:00.000000,1,0,0,0,1,599.0,1
146908,hostaway,2026-06-08T00:00:00.000000,1,0,0,0,1,509.0,1
146908,hostaway,2026-06-09T00:00:00.000000,1,0,0,0,1,509.0,1
146908,hostaway,2026-06-10T00:00:00.000000,1,0,0,0,1,509.0,1
146908,hostaway,2026-06-11T00:00:00.000000,1,0,0,0,1,599.0,1
146908,hostaway,2026-06-12T00:00:00.000000,1,0,0,0,1,689.0,1
146908,hostaway,2026-06-13T00:00:00.000000,1,0,0,0,1,689.0,1
146908,hostaway,2026-06-14T00:00:00.000000,1,0,0,0,1,599.0,1
146908,hostaway,2026-06-15T00:00:00.000000,1,0,0,0,1,509.0,1
146908,hostaway,2026-06-16T00:00:00.000000,1,0,0,0,1,509.0,1
146908,hostaway,2026-06-17T00:00:00.000000,1,0,0,0,1,509.0,1
146908,hostaway,2026-06-18T00:00:00.000000,1,0,0,0,1,779.0,1
146908,hostaway,2026-06-19T00:00:00.000000,1,0,0,0,1,1030.0,1
146908,hostaway,2026-06-20T00:00:00.000000,1,0,0,0,1,1137.0,1
146908,hostaway,2026-06-21T00:00:00.000000,1,0,0,0,1,857.0,1
146908,hostaway,2026-06-22T00:00:00.000000,1,0,0,0,1,749.0,1
146908,hostaway,2026-06-23T00:00:00.000000,1,0,0,0,1,749.0,1
146908,hostaway,2026-06-24T00:00:00.000000,1,0,0,0,1,749.0,1
146908,hostaway,2026-06-25T00:00:00.000000,1,0,0,0,1,1026.0,1
146908,hostaway,2026-06-26T00:00:00.000000,1,0,0,0,1,1762.0,1
146908,hostaway,2026-06-27T00:00:00.000000,1,0,0,0,1,1762.0,1
146908,hostaway,2026-06-28T00:00:00.000000,1,0,0,0,1,1026.0,1
146908,hostaway,2026-06-29T00:00:00.000000,1,0,0,0,1,749.0,1
146908,hostaway,2026-06-30T00:00:00.000000,1,0,0,0,1,749.0,1
146908,hostaway,2026-07-01T00:00:00.000000,1,0,0,0,1,749.0,1
146908,hostaway,2026-07-02T00:00:00.000000,1,0,0,0,1,942.0,1
146908,hostaway,2026-07-03T00:00:00.000000,1,0,0,0,1,1763.0,1
146908,hostaway,2026-07-04T00:00:00.000000,1,0,0,0,1,1763.0,1
146908,hostaway,2026-07-05T00:00:00.000000,1,0,0,0,1,942.0,1
146908,hostaway,2026-07-06T00:00:00.000000,1,0,0,0,1,624.0,1
146908,hostaway,2026-07-07T00:00:00.000000,1,0,0,0,1,624.0,1
146908,hostaway,2026-07-08T00:00:00.000000,1,0,0,0,1,624.0,1
146908,hostaway,2026-07-09T00:00:00.000000,1,0,0,0,1,855.0,1
146908,hostaway,2026-07-10T00:00:00.000000,1,0,0,0,1,1602.0,1
146908,hostaway,2026-07-11T00:00:00.000000,1,0,0,0,1,1602.0,1
146908,hostaway,2026-07-12T00:00:00.000000,1,0,0,0,1,855.0,1
146908,hostaway,2026-07-13T00:00:00.000000,1,0,0,0,1,624.0,1
146908,hostaway,2026-07-14T00:00:00.000000,1,0,0,0,1,624.0,1
146908,hostaway,2026-07-15T00:00:00.000000,1,0,0,0,1,624.0,1
146908,hostaway,2026-07-16T00:00:00.000000,1,0,0,0,1,855.0,1
146908,hostaway,2026-07-17T00:00:00.000000,1,0,0,0,1,1602.0,1
146908,hostaway,2026-07-18T00:00:00.000000,1,0,0,0,1,1602.0,1
146908,hostaway,2026-07-19T00:00:00.000000,1,0,0,0,1,855.0,1
146908,hostaway,2026-07-20T00:00:00.000000,1,0,0,0,1,624.0,1
146908,hostaway,2026-07-21T00:00:00.000000,1,0,0,0,1,624.0,1
146908,hostaway,2026-07-22T00:00:00.000000,1,0,0,0,1,624.0,1
146908,hostaway,2026-07-23T00:00:00.000000,1,0,0,0,1,855.0,1
146908,hostaway,2026-07-24T00:00:00.000000,1,0,0,0,1,1602.0,1
146908,hostaway,2026-07-25T00:00:00.000000,1,0,0,0,1,1602.0,1
146908,hostaway,2026-07-26T00:00:00.000000,1,0,0,0,1,855.0,1
146908,hostaway,2026-07-27T00:00:00.000000,1,0,0,0,1,624.0,1
146908,hostaway,2026-07-28T00:00:00.000000,1,0,0,0,1,624.0,1
146908,hostaway,2026-07-29T00:00:00.000000,1,0,0,0,1,624.0,1
146908,hostaway,2026-07-30T00:00:00.000000,1,0,0,0,1,855.0,1
146908,hostaway,2026-07-31T00:00:00.000000,1,0,0,0,1,1602.0,1
146908,hostaway,2026-08-01T00:00:00.000000,1,0,0,0,1,1602.0,1
146908,hostaway,2026-08-02T00:00:00.000000,1,0,0,0,1,855.0,1
146908,hostaway,2026-08-03T00:00:00.000000,1,0,0,0,1,633.0,1
146908,hostaway,2026-08-04T00:00:00.000000,1,0,0,0,1,633.0,1
146908,hostaway,2026-08-05T00:00:00.000000,1,0,0,0,1,633.0,1
146908,hostaway,2026-08-06T00:00:00.000000,1,0,0,0,1,828.0,1
146908,hostaway,2026-08-07T00:00:00.000000,1,0,0,0,1,1178.0,1
146908,hostaway,2026-08-08T00:00:00.000000,1,0,0,0,1,1178.0,1
146908,hostaway,2026-08-09T00:00:00.000000,1,0,0,0,1,828.0,1
146908,hostaway,2026-08-10T00:00:00.000000,1,1,0,0,1,633.0,0
146908,hostaway,2026-08-11T00:00:00.000000,1,1,0,0,1,633.0,0
146908,hostaway,2026-08-12T00:00:00.000000,1,0,0,0,1,633.0,1
146908,hostaway,2026-08-13T00:00:00.000000,1,0,0,0,1,828.0,1
146908,hostaway,2026-08-14T00:00:00.000000,1,0,0,0,1,1178.0,1
146908,hostaway,2026-08-15T00:00:00.000000,1,0,0,0,1,1178.0,1
146908,hostaway,2026-08-16T00:00:00.000000,1,0,0,0,1,828.0,1
146908,hostaway,2026-08-17T00:00:00.000000,1,0,0,0,1,633.0,1
146908,hostaway,2026-08-18T00:00:00.000000,1,0,0,0,1,633.0,1
146908,hostaway,2026-08-19T00:00:00.000000,1,0,0,0,1,633.0,1
146908,hostaway,2026-08-20T00:00:00.000000,1,0,0,0,1,828.0,1
146908,hostaway,2026-08-21T00:00:00.000000,1,0,0,0,1,1178.0,1
146908,hostaway,2026-08-22T00:00:00.000000,1,0,0,0,1,1178.0,1
146908,hostaway,2026-08-23T00:00:00.000000,1,0,0,0,1,828.0,1
146908,hostaway,2026-08-24T00:00:00.000000,1,0,0,0,1,633.0,1
146908,hostaway,2026-08-25T00:00:00.000000,1,0,0,0,1,633.0,1
146908,hostaway,2026-08-26T00:00:00.000000,1,0,0,0,1,633.0,1
146908,hostaway,2026-08-27T00:00:00.000000,1,0,0,0,1,828.0,1
146908,hostaway,2026-08-28T00:00:00.000000,1,0,0,0,1,1178.0,1
146908,hostaway,2026-08-29T00:00:00.000000,1,0,0,0,1,1178.0,1
146908,hostaway,2026-08-30T00:00:00.000000,1,0,0,0,1,828.0,1
146908,hostaway,2026-08-31T00:00:00.000000,1,0,0,0,1,633.0,1
146908,hostaway,2026-09-01T00:00:00.000000,1,0,0,0,1,570.0,1
146908,hostaway,2026-09-02T00:00:00.000000,1,0,0,0,1,570.0,1
146908,hostaway,2026-09-03T00:00:00.000000,1,0,0,0,1,745.0,1
146908,hostaway,2026-09-04T00:00:00.000000,1,0,0,0,1,1272.0,1
146908,hostaway,2026-09-05T00:00:00.000000,1,0,0,0,1,1272.0,1
146908,hostaway,2026-09-06T00:00:00.000000,1,0,0,0,1,894.0,1
146908,hostaway,2026-09-07T00:00:00.000000,1,0,0,0,1,684.0,1
146908,hostaway,2026-09-08T00:00:00.000000,1,0,0,0,1,570.0,1
146908,hostaway,2026-09-09T00:00:00.000000,1,0,0,0,1,570.0,1
146908,hostaway,2026-09-10T00:00:00.000000,1,0,0,0,1,745.0,1
146908,hostaway,2026-09-11T00:00:00.000000,1,0,0,0,1,1060.0,1
146908,hostaway,2026-09-12T00:00:00.000000,1,0,0,0,1,1060.0,1
146908,hostaway,2026-09-13T00:00:00.000000,1,0,0,0,1,745.0,1
146908,hostaway,2026-09-14T00:00:00.000000,1,0,0,0,1,570.0,1
146908,hostaway,2026-09-15T00:00:00.000000,1,0,0,0,1,570.0,1
146908,hostaway,2026-09-16T00:00:00.000000,1,0,0,0,1,570.0,1
146908,hostaway,2026-09-17T00:00:00.000000,1,0,0,0,1,745.0,1
146908,hostaway,2026-09-18T00:00:00.000000,1,0,0,0,1,1060.0,1
146908,hostaway,2026-09-19T00:00:00.000000,1,0,0,0,1,1060.0,1
146908,hostaway,2026-09-20T00:00:00.000000,1,0,0,0,1,745.0,1
146908,hostaway,2026-09-21T00:00:00.000000,1,0,0,0,1,570.0,1
146908,hostaway,2026-09-22T00:00:00.000000,1,0,0,0,1,570.0,1
146908,hostaway,2026-09-23T00:00:00.000000,1,0,0,0,1,570.0,1
146908,hostaway,2026-09-24T00:00:00.000000,1,0,0,0,1,745.0,1
146908,hostaway,2026-09-25T00:00:00.000000,1,0,0,0,1,1060.0,1
146908,hostaway,2026-09-26T00:00:00.000000,1,0,0,0,1,1060.0,1
146908,hostaway,2026-09-27T00:00:00.000000,1,0,0,0,1,745.0,1
146908,hostaway,2026-09-28T00:00:00.000000,1,0,0,0,1,570.0,1
146908,hostaway,2026-09-29T00:00:00.000000,1,0,0,0,1,570.0,1
146908,hostaway,2026-09-30T00:00:00.000000,1,0,0,0,1,570.0,1
146908,hostaway,2026-10-01T00:00:00.000000,1,0,0,0,1,670.0,1
146908,hostaway,2026-10-02T00:00:00.000000,1,0,0,0,1,954.0,1
146908,hostaway,2026-10-03T00:00:00.000000,1,0,0,0,1,954.0,1
146908,hostaway,2026-10-04T00:00:00.000000,1,0,0,0,1,670.0,1
146908,hostaway,2026-10-05T00:00:00.000000,1,0,0,0,1,513.0,1
146908,hostaway,2026-10-06T00:00:00.000000,1,0,0,0,1,513.0,1
146908,hostaway,2026-10-07T00:00:00.000000,1,0,0,0,1,513.0,1
146908,hostaway,2026-10-08T00:00:00.000000,1,0,0,0,1,670.0,1
146908,hostaway,2026-10-09T00:00:00.000000,1,0,0,0,1,954.0,1
146908,hostaway,2026-10-10T00:00:00.000000,1,0,0,0,1,954.0,1
146908,hostaway,2026-10-11T00:00:00.000000,1,0,0,0,1,670.0,1
146908,hostaway,2026-10-12T00:00:00.000000,1,0,0,0,1,513.0,1
146908,hostaway,2026-10-13T00:00:00.000000,1,0,0,0,1,513.0,1
146908,hostaway,2026-10-14T00:00:00.000000,1,0,0,0,1,513.0,1
146908,hostaway,2026-10-15T00:00:00.000000,1,0,0,0,1,670.0,1
146908,hostaway,2026-10-16T00:00:00.000000,1,0,0,0,1,954.0,1
146908,hostaway,2026-10-17T00:00:00.000000,1,0,0,0,1,954.0,1
146908,hostaway,2026-10-18T00:00:00.000000,1,0,0,0,1,670.0,1
146908,hostaway,2026-10-19T00:00:00.000000,1,0,0,0,1,513.0,1
146908,hostaway,2026-10-20T00:00:00.000000,1,0,0,0,1,513.0,1
146908,hostaway,2026-10-21T00:00:00.000000,1,0,0,0,1,513.0,1
146908,hostaway,2026-10-22T00:00:00.000000,1,0,0,0,1,670.0,1
146908,hostaway,2026-10-23T00:00:00.000000,1,0,0,0,1,954.0,1
146908,hostaway,2026-10-24T00:00:00.000000,1,0,0,0,1,954.0,1
146908,hostaway,2026-10-25T00:00:00.000000,1,0,0,0,1,670.0,1
146908,hostaway,2026-10-26T00:00:00.000000,1,0,0,0,1,513.0,1
146908,hostaway,2026-10-27T00:00:00.000000,1,0,0,0,1,513.0,1
146908,hostaway,2026-10-28T00:00:00.000000,1,0,0,0,1,513.0,1
146908,hostaway,2026-10-29T00:00:00.000000,1,0,0,0,1,670.0,1
146908,hostaway,2026-10-30T00:00:00.000000,1,0,0,0,1,954.0,1
146908,hostaway,2026-10-31T00:00:00.000000,1,0,0,0,1,954.0,1
146908,hostaway,2026-11-01T00:00:00.000000,1,0,0,0,1,603.0,1
146908,hostaway,2026-11-02T00:00:00.000000,1,0,0,0,1,462.0,1
146908,hostaway,2026-11-03T00:00:00.000000,1,0,0,0,1,462.0,1
146908,hostaway,2026-11-04T00:00:00.000000,1,0,0,0,1,462.0,1
146908,hostaway,2026-11-05T00:00:00.000000,1,0,0,0,1,603.0,1
146908,hostaway,2026-11-06T00:00:00.000000,1,0,0,0,1,858.0,1
146908,hostaway,2026-11-07T00:00:00.000000,1,0,0,0,1,858.0,1
146908,hostaway,2026-11-08T00:00:00.000000,1,0,0,0,1,603.0,1
146908,hostaway,2026-11-09T00:00:00.000000,1,0,0,0,1,462.0,1
146908,hostaway,2026-11-10T00:00:00.000000,1,0,0,0,1,462.0,1
146908,hostaway,2026-11-11T00:00:00.000000,1,0,0,0,1,462.0,1
146908,hostaway,2026-11-12T00:00:00.000000,1,0,0,0,1,603.0,1
146908,hostaway,2026-11-13T00:00:00.000000,1,0,0,0,1,858.0,1
146908,hostaway,2026-11-14T00:00:00.000000,1,0,0,0,1,858.0,1
146908,hostaway,2026-11-15T00:00:00.000000,1,0,0,0,1,603.0,1
146908,hostaway,2026-11-16T00:00:00.000000,1,0,0,0,1,462.0,1
146908,hostaway,2026-11-17T00:00:00.000000,1,0,0,0,1,462.0,1
146908,hostaway,2026-11-18T00:00:00.000000,1,0,0,0,1,462.0,1
146908,hostaway,2026-11-19T00:00:00.000000,1,0,0,0,1,603.0,1
146908,hostaway,2026-11-20T00:00:00.000000,1,0,0,0,1,858.0,1
146908,hostaway,2026-11-21T00:00:00.000000,1,0,0,0,1,858.0,1
146908,hostaway,2026-11-22T00:00:00.000000,1,0,0,0,1,603.0,1
146908,hostaway,2026-11-23T00:00:00.000000,1,0,0,0,1,462.0,1
146908,hostaway,2026-11-24T00:00:00.000000,1,0,0,0,1,462.0,1
146908,hostaway,2026-11-25T00:00:00.000000,1,0,0,0,1,462.0,1
146908,hostaway,2026-11-26T00:00:00.000000,1,0,0,0,1,845.0,1
146908,hostaway,2026-11-27T00:00:00.000000,1,0,0,0,1,858.0,1
146908,hostaway,2026-11-28T00:00:00.000000,1,0,0,0,1,858.0,1
146908,hostaway,2026-11-29T00:00:00.000000,1,0,0,0,1,603.0,1
146908,hostaway,2026-11-30T00:00:00.000000,1,0,0,0,1,462.0,1
146908,hostaway,2026-12-01T00:00:00.000000,1,0,0,0,1,416.0,1
146908,hostaway,2026-12-02T00:00:00.000000,1,0,0,0,1,416.0,1
146908,hostaway,2026-12-03T00:00:00.000000,1,0,0,0,1,543.0,1
146908,hostaway,2026-12-04T00:00:00.000000,1,0,0,0,1,773.0,1
146908,hostaway,2026-12-05T00:00:00.000000,1,0,0,0,1,773.0,1
146908,hostaway,2026-12-06T00:00:00.000000,1,0,0,0,1,543.0,1
146908,hostaway,2026-12-07T00:00:00.000000,1,0,0,0,1,416.0,1
146908,hostaway,2026-12-08T00:00:00.000000,1,0,0,0,1,416.0,1
146908,hostaway,2026-12-09T00:00:00.000000,1,0,0,0,1,416.0,1
146908,hostaway,2026-12-10T00:00:00.000000,1,0,0,0,1,543.0,1
146908,hostaway,2026-12-11T00:00:00.000000,1,0,0,0,1,773.0,1
146908,hostaway,2026-12-12T00:00:00.000000,1,1,0,0,1,773.0,0
146908,hostaway,2026-12-13T00:00:00.000000,1,1,0,0,1,543.0,0
146908,hostaway,2026-12-14T00:00:00.000000,1,1,0,0,1,416.0,0
146908,hostaway,2026-12-15T00:00:00.000000,1,0,0,0,1,416.0,1
146908,hostaway,2026-12-16T00:00:00.000000,1,0,0,0,1,416.0,1
146908,hostaway,2026-12-17T00:00:00.000000,1,0,0,0,1,652.0,1
146908,hostaway,2026-12-18T00:00:00.000000,1,0,0,0,1,927.0,1
146908,hostaway,2026-12-19T00:00:00.000000,1,0,0,0,1,927.0,1
146908,hostaway,2026-12-20T00:00:00.000000,1,0,0,0,1,652.0,1
146908,hostaway,2026-12-21T00:00:00.000000,1,0,0,0,1,499.0,1
146908,hostaway,2026-12-22T00:00:00.000000,1,0,0,0,1,499.0,1
146908,hostaway,2026-12-23T00:00:00.000000,1,0,0,0,1,499.0,1
146908,hostaway,2026-12-24T00:00:00.000000,1,0,0,0,1,760.0,1
146908,hostaway,2026-12-25T00:00:00.000000,1,0,0,0,1,1391.0,1
146908,hostaway,2026-12-26T00:00:00.000000,1,0,0,0,1,1391.0,1
146908,hostaway,2026-12-27T00:00:00.000000,1,0,0,0,1,543.0,1
146908,hostaway,2026-12-28T00:00:00.000000,1,0,0,0,1,416.0,1
146908,hostaway,2026-12-29T00:00:00.000000,1,0,0,0,1,416.0,1
146908,hostaway,2026-12-30T00:00:00.000000,1,0,0,0,1,1662.0,1
146908,hostaway,2026-12-31T00:00:00.000000,1,0,0,0,1,1662.0,1
146908,hostaway,2027-01-01T00:00:00.000000,1,0,0,0,1,618.0,1
146908,hostaway,2027-01-02T00:00:00.000000,1,0,0,0,1,618.0,1
146908,hostaway,2027-01-03T00:00:00.000000,1,0,0,0,1,516.0,1
146946,hostaway,2026-02-02T00:00:00.000000,1,0,0,0,1,125.0,1
146946,hostaway,2026-02-03T00:00:00.000000,1,0,0,0,1,125.0,1
146946,hostaway,2026-02-04T00:00:00.000000,1,0,0,0,1,125.0,1
146946,hostaway,2026-02-05T00:00:00.000000,1,0,0,0,1,183.0,1
146946,hostaway,2026-02-06T00:00:00.000000,1,0,0,0,1,233.0,1
146946,hostaway,2026-02-07T00:00:00.000000,1,0,0,0,1,259.0,1
146946,hostaway,2026-02-08T00:00:00.000000,1,0,0,0,1,183.0,1
146946,hostaway,2026-02-09T00:00:00.000000,1,0,0,0,1,125.0,1
146946,hostaway,2026-02-10T00:00:00.000000,1,0,0,0,1,125.0,1
146946,hostaway,2026-02-11T00:00:00.000000,1,0,0,0,1,143.0,1
146946,hostaway,2026-02-12T00:00:00.000000,1,0,0,0,1,157.0,1
146946,hostaway,2026-02-13T00:00:00.000000,1,1,0,0,1,298.0,0
146946,hostaway,2026-02-14T00:00:00.000000,1,1,0,0,1,298.0,0
146946,hostaway,2026-02-15T00:00:00.000000,1,0,0,0,1,263.0,1
146946,hostaway,2026-02-16T00:00:00.000000,1,0,0,0,1,229.0,1
146946,hostaway,2026-02-17T00:00:00.000000,1,0,0,0,1,229.0,1
146946,hostaway,2026-02-18T00:00:00.000000,1,0,0,0,1,199.0,1
146946,hostaway,2026-02-19T00:00:00.000000,1,0,0,0,1,229.0,1
146946,hostaway,2026-02-20T00:00:00.000000,1,0,0,0,1,285.0,1
146946,hostaway,2026-02-21T00:00:00.000000,1,0,0,0,1,298.0,1
146946,hostaway,2026-02-22T00:00:00.000000,1,0,0,0,1,229.0,1
146946,hostaway,2026-02-23T00:00:00.000000,1,1,0,0,1,199.0,0
146946,hostaway,2026-02-24T00:00:00.000000,1,1,0,0,1,199.0,0
146946,hostaway,2026-02-25T00:00:00.000000,1,0,0,0,1,199.0,1
146946,hostaway,2026-02-26T00:00:00.000000,1,0,0,0,1,218.0,1
146946,hostaway,2026-02-27T00:00:00.000000,1,1,0,0,1,259.0,0
146946,hostaway,2026-02-28T00:00:00.000000,1,1,0,0,1,259.0,0
146946,hostaway,2026-03-01T00:00:00.000000,1,0,0,0,1,249.0,1
146946,hostaway,2026-03-02T00:00:00.000000,1,0,0,0,1,209.0,1
146946,hostaway,2026-03-03T00:00:00.000000,1,0,0,0,1,209.0,1
146946,hostaway,2026-03-04T00:00:00.000000,1,1,0,0,1,209.0,0
146946,hostaway,2026-03-05T00:00:00.000000,1,0,0,0,1,286.0,1
146946,hostaway,2026-03-06T00:00:00.000000,1,0,0,0,1,378.0,1
146946,hostaway,2026-03-07T00:00:00.000000,1,0,0,0,1,397.0,1
146946,hostaway,2026-03-08T00:00:00.000000,1,0,0,0,1,286.0,1
146946,hostaway,2026-03-09T00:00:00.000000,1,0,0,0,1,209.0,1
146946,hostaway,2026-03-10T00:00:00.000000,1,0,0,0,1,209.0,1
146946,hostaway,2026-03-11T00:00:00.000000,1,0,0,0,1,209.0,1
146946,hostaway,2026-03-12T00:00:00.000000,1,0,0,0,1,274.0,1
146946,hostaway,2026-03-13T00:00:00.000000,1,0,0,0,1,395.0,1
146946,hostaway,2026-03-14T00:00:00.000000,1,0,0,0,1,395.0,1
146946,hostaway,2026-03-15T00:00:00.000000,1,0,0,0,1,329.0,1
146946,hostaway,2026-03-16T00:00:00.000000,1,0,0,0,1,251.0,1
146946,hostaway,2026-03-17T00:00:00.000000,1,0,0,0,1,251.0,1
146946,hostaway,2026-03-18T00:00:00.000000,1,0,0,0,1,251.0,1
146946,hostaway,2026-03-19T00:00:00.000000,1,0,0,0,1,359.0,1
146946,hostaway,2026-03-20T00:00:00.000000,1,0,0,0,1,359.0,1
146946,hostaway,2026-03-21T00:00:00.000000,1,0,0,0,1,359.0,1
146946,hostaway,2026-03-22T00:00:00.000000,1,0,0,0,1,251.0,1
146946,hostaway,2026-03-23T00:00:00.000000,1,0,0,0,1,209.0,1
146946,hostaway,2026-03-24T00:00:00.000000,1,0,0,0,1,209.0,1
146946,hostaway,2026-03-25T00:00:00.000000,1,0,0,0,1,209.0,1
146946,hostaway,2026-03-26T00:00:00.000000,1,0,0,0,1,249.0,1
146946,hostaway,2026-03-27T00:00:00.000000,1,0,0,0,1,413.0,1
146946,hostaway,2026-03-28T00:00:00.000000,1,0,0,0,1,344.0,1
146946,hostaway,2026-03-29T00:00:00.000000,1,0,0,0,1,299.0,1
146946,hostaway,2026-03-30T00:00:00.000000,1,1,0,0,1,209.0,0
146946,hostaway,2026-03-31T00:00:00.000000,1,1,0,0,1,209.0,0
146946,hostaway,2026-04-01T00:00:00.000000,1,0,0,0,1,229.0,1
146946,hostaway,2026-04-02T00:00:00.000000,1,0,0,0,1,299.0,1
146946,hostaway,2026-04-03T00:00:00.000000,1,0,0,0,1,349.0,1
146946,hostaway,2026-04-04T00:00:00.000000,1,0,0,0,1,349.0,1
146946,hostaway,2026-04-05T00:00:00.000000,1,0,0,0,1,299.0,1
146946,hostaway,2026-04-06T00:00:00.000000,1,0,0,0,1,229.0,1
146946,hostaway,2026-04-07T00:00:00.000000,1,0,0,0,1,229.0,1
146946,hostaway,2026-04-08T00:00:00.000000,1,0,0,0,1,229.0,1
146946,hostaway,2026-04-09T00:00:00.000000,1,0,0,0,1,299.0,1
146946,hostaway,2026-04-10T00:00:00.000000,1,0,0,0,1,349.0,1
146946,hostaway,2026-04-11T00:00:00.000000,1,0,0,0,1,349.0,1
146946,hostaway,2026-04-12T00:00:00.000000,1,0,0,0,1,299.0,1
146946,hostaway,2026-04-13T00:00:00.000000,1,0,0,0,1,229.0,1
146946,hostaway,2026-04-14T00:00:00.000000,1,0,0,0,1,229.0,1
146946,hostaway,2026-04-15T00:00:00.000000,1,0,0,0,1,229.0,1
146946,hostaway,2026-04-16T00:00:00.000000,1,0,0,0,1,299.0,1
146946,hostaway,2026-04-17T00:00:00.000000,1,0,0,0,1,349.0,1
146946,hostaway,2026-04-18T00:00:00.000000,1,0,0,0,1,349.0,1
146946,hostaway,2026-04-19T00:00:00.000000,1,0,0,0,1,299.0,1
146946,hostaway,2026-04-20T00:00:00.000000,1,0,0,0,1,229.0,1
146946,hostaway,2026-04-21T00:00:00.000000,1,0,0,0,1,229.0,1
146946,hostaway,2026-04-22T00:00:00.000000,1,0,0,0,1,229.0,1
146946,hostaway,2026-04-23T00:00:00.000000,1,0,0,0,1,299.0,1
146946,hostaway,2026-04-24T00:00:00.000000,1,0,0,0,1,349.0,1
146946,hostaway,2026-04-25T00:00:00.000000,1,0,0,0,1,349.0,1
146946,hostaway,2026-04-26T00:00:00.000000,1,0,0,0,1,299.0,1
146946,hostaway,2026-04-27T00:00:00.000000,1,0,0,0,1,229.0,1
146946,hostaway,2026-04-28T00:00:00.000000,1,0,0,0,1,229.0,1
146946,hostaway,2026-04-29T00:00:00.000000,1,0,0,0,1,229.0,1
146946,hostaway,2026-04-30T00:00:00.000000,1,0,0,0,1,299.0,1
146946,hostaway,2026-05-01T00:00:00.000000,1,0,0,0,1,449.0,1
146946,hostaway,2026-05-02T00:00:00.000000,1,0,0,0,1,449.0,1
146946,hostaway,2026-05-03T00:00:00.000000,1,0,0,0,1,379.0,1
146946,hostaway,2026-05-04T00:00:00.000000,1,0,0,0,1,279.0,1
146946,hostaway,2026-05-05T00:00:00.000000,1,0,0,0,1,279.0,1
146946,hostaway,2026-05-06T00:00:00.000000,1,0,0,0,1,279.0,1
146946,hostaway,2026-05-07T00:00:00.000000,1,0,0,0,1,379.0,1
146946,hostaway,2026-05-08T00:00:00.000000,1,0,0,0,1,449.0,1
146946,hostaway,2026-05-09T00:00:00.000000,1,0,0,0,1,449.0,1
146946,hostaway,2026-05-10T00:00:00.000000,1,0,0,0,1,379.0,1
146946,hostaway,2026-05-11T00:00:00.000000,1,0,0,0,1,279.0,1
146946,hostaway,2026-05-12T00:00:00.000000,1,0,0,0,1,279.0,1
146946,hostaway,2026-05-13T00:00:00.000000,1,0,0,0,1,279.0,1
146946,hostaway,2026-05-14T00:00:00.000000,1,0,0,0,1,436.0,1
146946,hostaway,2026-05-15T00:00:00.000000,1,0,0,0,1,516.0,1
146946,hostaway,2026-05-16T00:00:00.000000,1,0,0,0,1,516.0,1
146946,hostaway,2026-05-17T00:00:00.000000,1,0,0,0,1,436.0,1
146946,hostaway,2026-05-18T00:00:00.000000,1,0,0,0,1,321.0,1
146946,hostaway,2026-05-19T00:00:00.000000,1,0,0,0,1,321.0,1
146946,hostaway,2026-05-20T00:00:00.000000,1,0,0,0,1,321.0,1
146946,hostaway,2026-05-21T00:00:00.000000,1,0,0,0,1,436.0,1
146946,hostaway,2026-05-22T00:00:00.000000,1,0,0,0,1,645.0,1
146946,hostaway,2026-05-23T00:00:00.000000,1,0,0,0,1,710.0,1
146946,hostaway,2026-05-24T00:00:00.000000,1,0,0,0,1,545.0,1
146946,hostaway,2026-05-25T00:00:00.000000,1,0,0,0,1,349.0,1
146946,hostaway,2026-05-26T00:00:00.000000,1,0,0,0,1,279.0,1
146946,hostaway,2026-05-27T00:00:00.000000,1,0,0,0,1,279.0,1
146946,hostaway,2026-05-28T00:00:00.000000,1,0,0,0,1,379.0,1
146946,hostaway,2026-05-29T00:00:00.000000,1,0,0,0,1,449.0,1
146946,hostaway,2026-05-30T00:00:00.000000,1,0,0,0,1,449.0,1
146946,hostaway,2026-05-31T00:00:00.000000,1,0,0,0,1,417.0,1
146946,hostaway,2026-06-01T00:00:00.000000,1,0,0,0,1,329.0,1
146946,hostaway,2026-06-02T00:00:00.000000,1,0,0,0,1,329.0,1
146946,hostaway,2026-06-03T00:00:00.000000,1,0,0,0,1,299.0,1
146946,hostaway,2026-06-04T00:00:00.000000,1,0,0,0,1,399.0,1
146946,hostaway,2026-06-05T00:00:00.000000,1,0,0,0,1,479.0,1
146946,hostaway,2026-06-06T00:00:00.000000,1,0,0,0,1,479.0,1
146946,hostaway,2026-06-07T00:00:00.000000,1,0,0,0,1,399.0,1
146946,hostaway,2026-06-08T00:00:00.000000,1,0,0,0,1,299.0,1
146946,hostaway,2026-06-09T00:00:00.000000,1,0,0,0,1,299.0,1
146946,hostaway,2026-06-10T00:00:00.000000,1,0,0,0,1,299.0,1
146946,hostaway,2026-06-11T00:00:00.000000,1,0,0,0,1,399.0,1
146946,hostaway,2026-06-12T00:00:00.000000,1,0,0,0,1,479.0,1
146946,hostaway,2026-06-13T00:00:00.000000,1,0,0,0,1,479.0,1
146946,hostaway,2026-06-14T00:00:00.000000,1,0,0,0,1,399.0,1
146946,hostaway,2026-06-15T00:00:00.000000,1,0,0,0,1,299.0,1
146946,hostaway,2026-06-16T00:00:00.000000,1,0,0,0,1,299.0,1
146946,hostaway,2026-06-17T00:00:00.000000,1,0,0,0,1,299.0,1
146946,hostaway,2026-06-18T00:00:00.000000,1,0,0,0,1,519.0,1
146946,hostaway,2026-06-19T00:00:00.000000,1,0,0,0,1,716.0,1
146946,hostaway,2026-06-20T00:00:00.000000,1,0,0,0,1,788.0,1
146946,hostaway,2026-06-21T00:00:00.000000,1,0,0,0,1,571.0,1
146946,hostaway,2026-06-22T00:00:00.000000,1,0,0,0,1,342.0,1
146946,hostaway,2026-06-23T00:00:00.000000,1,0,0,0,1,342.0,1
146946,hostaway,2026-06-24T00:00:00.000000,1,0,0,0,1,342.0,1
146946,hostaway,2026-06-25T00:00:00.000000,1,0,0,0,1,456.0,1
146946,hostaway,2026-06-26T00:00:00.000000,1,0,0,0,1,884.0,1
146946,hostaway,2026-06-27T00:00:00.000000,1,0,0,0,1,884.0,1
146946,hostaway,2026-06-28T00:00:00.000000,1,0,0,0,1,456.0,1
146946,hostaway,2026-06-29T00:00:00.000000,1,0,0,0,1,342.0,1
146946,hostaway,2026-06-30T00:00:00.000000,1,0,0,0,1,342.0,1
146946,hostaway,2026-07-01T00:00:00.000000,1,0,0,0,1,342.0,1
146946,hostaway,2026-07-02T00:00:00.000000,1,0,0,0,1,412.0,1
146946,hostaway,2026-07-03T00:00:00.000000,1,0,0,0,1,883.0,1
146946,hostaway,2026-07-04T00:00:00.000000,1,0,0,0,1,883.0,1
146946,hostaway,2026-07-05T00:00:00.000000,1,0,0,0,1,432.0,1
146946,hostaway,2026-07-06T00:00:00.000000,1,0,0,0,1,314.0,1
146946,hostaway,2026-07-07T00:00:00.000000,1,0,0,0,1,314.0,1
146946,hostaway,2026-07-08T00:00:00.000000,1,0,0,0,1,314.0,1
146946,hostaway,2026-07-09T00:00:00.000000,1,0,0,0,1,418.0,1
146946,hostaway,2026-07-10T00:00:00.000000,1,0,0,0,1,804.0,1
146946,hostaway,2026-07-11T00:00:00.000000,1,0,0,0,1,804.0,1
146946,hostaway,2026-07-12T00:00:00.000000,1,0,0,0,1,380.0,1
146946,hostaway,2026-07-13T00:00:00.000000,1,0,0,0,1,285.0,1
146946,hostaway,2026-07-14T00:00:00.000000,1,0,0,0,1,285.0,1
146946,hostaway,2026-07-15T00:00:00.000000,1,0,0,0,1,285.0,1
146946,hostaway,2026-07-16T00:00:00.000000,1,0,0,0,1,380.0,1
146946,hostaway,2026-07-17T00:00:00.000000,1,0,0,0,1,804.0,1
146946,hostaway,2026-07-18T00:00:00.000000,1,0,0,0,1,804.0,1
146946,hostaway,2026-07-19T00:00:00.000000,1,0,0,0,1,380.0,1
146946,hostaway,2026-07-20T00:00:00.000000,1,0,0,0,1,285.0,1
146946,hostaway,2026-07-21T00:00:00.000000,1,0,0,0,1,285.0,1
146946,hostaway,2026-07-22T00:00:00.000000,1,0,0,0,1,285.0,1
146946,hostaway,2026-07-23T00:00:00.000000,1,0,0,0,1,380.0,1
146946,hostaway,2026-07-24T00:00:00.000000,1,0,0,0,1,804.0,1
146946,hostaway,2026-07-25T00:00:00.000000,1,0,0,0,1,804.0,1
146946,hostaway,2026-07-26T00:00:00.000000,1,0,0,0,1,380.0,1
146946,hostaway,2026-07-27T00:00:00.000000,1,0,0,0,1,285.0,1
146946,hostaway,2026-07-28T00:00:00.000000,1,0,0,0,1,285.0,1
146946,hostaway,2026-07-29T00:00:00.000000,1,0,0,0,1,285.0,1
146946,hostaway,2026-07-30T00:00:00.000000,1,0,0,0,1,380.0,1
146946,hostaway,2026-07-31T00:00:00.000000,1,0,0,0,1,804.0,1
146946,hostaway,2026-08-01T00:00:00.000000,1,0,0,0,1,804.0,1
146946,hostaway,2026-08-02T00:00:00.000000,1,0,0,0,1,380.0,1
146946,hostaway,2026-08-03T00:00:00.000000,1,0,0,0,1,398.0,1
146946,hostaway,2026-08-04T00:00:00.000000,1,0,0,0,1,398.0,1
146946,hostaway,2026-08-05T00:00:00.000000,1,0,0,0,1,398.0,1
146946,hostaway,2026-08-06T00:00:00.000000,1,0,0,0,1,520.0,1
146946,hostaway,2026-08-07T00:00:00.000000,1,0,0,0,1,740.0,1
146946,hostaway,2026-08-08T00:00:00.000000,1,0,0,0,1,740.0,1
146946,hostaway,2026-08-09T00:00:00.000000,1,0,0,0,1,520.0,1
146946,hostaway,2026-08-10T00:00:00.000000,1,0,0,0,1,398.0,1
146946,hostaway,2026-08-11T00:00:00.000000,1,0,0,0,1,398.0,1
146946,hostaway,2026-08-12T00:00:00.000000,1,0,0,0,1,398.0,1
146946,hostaway,2026-08-13T00:00:00.000000,1,0,0,0,1,520.0,1
146946,hostaway,2026-08-14T00:00:00.000000,1,0,0,0,1,740.0,1
146946,hostaway,2026-08-15T00:00:00.000000,1,0,0,0,1,740.0,1
146946,hostaway,2026-08-16T00:00:00.000000,1,0,0,0,1,520.0,1
146946,hostaway,2026-08-17T00:00:00.000000,1,0,0,0,1,398.0,1
146946,hostaway,2026-08-18T00:00:00.000000,1,0,0,0,1,398.0,1
146946,hostaway,2026-08-19T00:00:00.000000,1,0,0,0,1,398.0,1
146946,hostaway,2026-08-20T00:00:00.000000,1,0,0,0,1,520.0,1
146946,hostaway,2026-08-21T00:00:00.000000,1,0,0,0,1,740.0,1
146946,hostaway,2026-08-22T00:00:00.000000,1,0,0,0,1,740.0,1
146946,hostaway,2026-08-23T00:00:00.000000,1,0,0,0,1,520.0,1
146946,hostaway,2026-08-24T00:00:00.000000,1,0,0,0,1,398.0,1
146946,hostaway,2026-08-25T00:00:00.000000,1,0,0,0,1,398.0,1
146946,hostaway,2026-08-26T00:00:00.000000,1,0,0,0,1,398.0,1
146946,hostaway,2026-08-27T00:00:00.000000,1,0,0,0,1,520.0,1
146946,hostaway,2026-08-28T00:00:00.000000,1,0,0,0,1,740.0,1
146946,hostaway,2026-08-29T00:00:00.000000,1,0,0,0,1,740.0,1
146946,hostaway,2026-08-30T00:00:00.000000,1,0,0,0,1,520.0,1
146946,hostaway,2026-08-31T00:00:00.000000,1,0,0,0,1,398.0,1
146946,hostaway,2026-09-01T00:00:00.000000,1,0,0,0,1,358.0,1
146946,hostaway,2026-09-02T00:00:00.000000,1,0,0,0,1,358.0,1
146946,hostaway,2026-09-03T00:00:00.000000,1,0,0,0,1,468.0,1
146946,hostaway,2026-09-04T00:00:00.000000,1,0,0,0,1,799.0,1
146946,hostaway,2026-09-05T00:00:00.000000,1,0,0,0,1,799.0,1
146946,hostaway,2026-09-06T00:00:00.000000,1,0,0,0,1,562.0,1
146946,hostaway,2026-09-07T00:00:00.000000,1,0,0,0,1,430.0,1
146946,hostaway,2026-09-08T00:00:00.000000,1,0,0,0,1,358.0,1
146946,hostaway,2026-09-09T00:00:00.000000,1,0,0,0,1,358.0,1
146946,hostaway,2026-09-10T00:00:00.000000,1,0,0,0,1,468.0,1
146946,hostaway,2026-09-11T00:00:00.000000,1,0,0,0,1,666.0,1
146946,hostaway,2026-09-12T00:00:00.000000,1,0,0,0,1,666.0,1
146946,hostaway,2026-09-13T00:00:00.000000,1,0,0,0,1,468.0,1
146946,hostaway,2026-09-14T00:00:00.000000,1,0,0,0,1,358.0,1
146946,hostaway,2026-09-15T00:00:00.000000,1,0,0,0,1,358.0,1
146946,hostaway,2026-09-16T00:00:00.000000,1,0,0,0,1,358.0,1
146946,hostaway,2026-09-17T00:00:00.000000,1,0,0,0,1,468.0,1
146946,hostaway,2026-09-18T00:00:00.000000,1,0,0,0,1,666.0,1
146946,hostaway,2026-09-19T00:00:00.000000,1,0,0,0,1,666.0,1
146946,hostaway,2026-09-20T00:00:00.000000,1,0,0,0,1,468.0,1
146946,hostaway,2026-09-21T00:00:00.000000,1,0,0,0,1,358.0,1
146946,hostaway,2026-09-22T00:00:00.000000,1,0,0,0,1,358.0,1
146946,hostaway,2026-09-23T00:00:00.000000,1,0,0,0,1,358.0,1
146946,hostaway,2026-09-24T00:00:00.000000,1,0,0,0,1,468.0,1
146946,hostaway,2026-09-25T00:00:00.000000,1,0,0,0,1,666.0,1
146946,hostaway,2026-09-26T00:00:00.000000,1,0,0,0,1,666.0,1
146946,hostaway,2026-09-27T00:00:00.000000,1,0,0,0,1,468.0,1
146946,hostaway,2026-09-28T00:00:00.000000,1,0,0,0,1,358.0,1
146946,hostaway,2026-09-29T00:00:00.000000,1,0,0,0,1,358.0,1
146946,hostaway,2026-09-30T00:00:00.000000,1,0,0,0,1,358.0,1
146946,hostaway,2026-10-01T00:00:00.000000,1,0,0,0,1,421.0,1
146946,hostaway,2026-10-02T00:00:00.000000,1,0,0,0,1,599.0,1
146946,hostaway,2026-10-03T00:00:00.000000,1,0,0,0,1,599.0,1
146946,hostaway,2026-10-04T00:00:00.000000,1,0,0,0,1,421.0,1
146946,hostaway,2026-10-05T00:00:00.000000,1,0,0,0,1,322.0,1
146946,hostaway,2026-10-06T00:00:00.000000,1,0,0,0,1,322.0,1
146946,hostaway,2026-10-07T00:00:00.000000,1,0,0,0,1,322.0,1
146946,hostaway,2026-10-08T00:00:00.000000,1,0,0,0,1,421.0,1
146946,hostaway,2026-10-09T00:00:00.000000,1,0,0,0,1,599.0,1
146946,hostaway,2026-10-10T00:00:00.000000,1,0,0,0,1,599.0,1
146946,hostaway,2026-10-11T00:00:00.000000,1,0,0,0,1,421.0,1
146946,hostaway,2026-10-12T00:00:00.000000,1,0,0,0,1,322.0,1
146946,hostaway,2026-10-13T00:00:00.000000,1,0,0,0,1,322.0,1
146946,hostaway,2026-10-14T00:00:00.000000,1,0,0,0,1,322.0,1
146946,hostaway,2026-10-15T00:00:00.000000,1,0,0,0,1,421.0,1
146946,hostaway,2026-10-16T00:00:00.000000,1,0,0,0,1,599.0,1
146946,hostaway,2026-10-17T00:00:00.000000,1,0,0,0,1,599.0,1
146946,hostaway,2026-10-18T00:00:00.000000,1,0,0,0,1,421.0,1
146946,hostaway,2026-10-19T00:00:00.000000,1,0,0,0,1,322.0,1
146946,hostaway,2026-10-20T00:00:00.000000,1,0,0,0,1,322.0,1
146946,hostaway,2026-10-21T00:00:00.000000,1,0,0,0,1,322.0,1
146946,hostaway,2026-10-22T00:00:00.000000,1,0,0,0,1,421.0,1
146946,hostaway,2026-10-23T00:00:00.000000,1,0,0,0,1,599.0,1
146946,hostaway,2026-10-24T00:00:00.000000,1,0,0,0,1,599.0,1
146946,hostaway,2026-10-25T00:00:00.000000,1,0,0,0,1,421.0,1
146946,hostaway,2026-10-26T00:00:00.000000,1,0,0,0,1,322.0,1
146946,hostaway,2026-10-27T00:00:00.000000,1,0,0,0,1,322.0,1
146946,hostaway,2026-10-28T00:00:00.000000,1,0,0,0,1,322.0,1
146946,hostaway,2026-10-29T00:00:00.000000,1,0,0,0,1,421.0,1
146946,hostaway,2026-10-30T00:00:00.000000,1,0,0,0,1,599.0,1
146946,hostaway,2026-10-31T00:00:00.000000,1,0,0,0,1,599.0,1
146946,hostaway,2026-11-01T00:00:00.000000,1,0,0,0,1,379.0,1
146946,hostaway,2026-11-02T00:00:00.000000,1,0,0,0,1,290.0,1
146946,hostaway,2026-11-03T00:00:00.000000,1,0,0,0,1,290.0,1
146946,hostaway,2026-11-04T00:00:00.000000,1,0,0,0,1,290.0,1
146946,hostaway,2026-11-05T00:00:00.000000,1,0,0,0,1,379.0,1
146946,hostaway,2026-11-06T00:00:00.000000,1,0,0,0,1,540.0,1
146946,hostaway,2026-11-07T00:00:00.000000,1,0,0,0,1,540.0,1
146946,hostaway,2026-11-08T00:00:00.000000,1,0,0,0,1,379.0,1
146946,hostaway,2026-11-09T00:00:00.000000,1,0,0,0,1,290.0,1
146946,hostaway,2026-11-10T00:00:00.000000,1,0,0,0,1,290.0,1
146946,hostaway,2026-11-11T00:00:00.000000,1,0,0,0,1,290.0,1
146946,hostaway,2026-11-12T00:00:00.000000,1,0,0,0,1,379.0,1
146946,hostaway,2026-11-13T00:00:00.000000,1,0,0,0,1,540.0,1
146946,hostaway,2026-11-14T00:00:00.000000,1,0,0,0,1,540.0,1
146946,hostaway,2026-11-15T00:00:00.000000,1,0,0,0,1,379.0,1
146946,hostaway,2026-11-16T00:00:00.000000,1,0,0,0,1,290.0,1
146946,hostaway,2026-11-17T00:00:00.000000,1,0,0,0,1,290.0,1
146946,hostaway,2026-11-18T00:00:00.000000,1,0,0,0,1,290.0,1
146946,hostaway,2026-11-19T00:00:00.000000,1,0,0,0,1,379.0,1
146946,hostaway,2026-11-20T00:00:00.000000,1,0,0,0,1,540.0,1
146946,hostaway,2026-11-21T00:00:00.000000,1,0,0,0,1,540.0,1
146946,hostaway,2026-11-22T00:00:00.000000,1,0,0,0,1,379.0,1
146946,hostaway,2026-11-23T00:00:00.000000,1,0,0,0,1,290.0,1
146946,hostaway,2026-11-24T00:00:00.000000,1,0,0,0,1,290.0,1
146946,hostaway,2026-11-25T00:00:00.000000,1,0,0,0,1,290.0,1
146946,hostaway,2026-11-26T00:00:00.000000,1,0,0,0,1,531.0,1
146946,hostaway,2026-11-27T00:00:00.000000,1,0,0,0,1,540.0,1
146946,hostaway,2026-11-28T00:00:00.000000,1,0,0,0,1,540.0,1
146946,hostaway,2026-11-29T00:00:00.000000,1,0,0,0,1,379.0,1
146946,hostaway,2026-11-30T00:00:00.000000,1,0,0,0,1,290.0,1
146946,hostaway,2026-12-01T00:00:00.000000,1,0,0,0,1,261.0,1
146946,hostaway,2026-12-02T00:00:00.000000,1,0,0,0,1,261.0,1
146946,hostaway,2026-12-03T00:00:00.000000,1,0,0,0,1,341.0,1
146946,hostaway,2026-12-04T00:00:00.000000,1,0,0,0,1,486.0,1
146946,hostaway,2026-12-05T00:00:00.000000,1,0,0,0,1,486.0,1
146946,hostaway,2026-12-06T00:00:00.000000,1,0,0,0,1,341.0,1
146946,hostaway,2026-12-07T00:00:00.000000,1,0,0,0,1,261.0,1
146946,hostaway,2026-12-08T00:00:00.000000,1,0,0,0,1,261.0,1
146946,hostaway,2026-12-09T00:00:00.000000,1,0,0,0,1,261.0,1
146946,hostaway,2026-12-10T00:00:00.000000,1,0,0,0,1,341.0,1
146946,hostaway,2026-12-11T00:00:00.000000,1,0,0,0,1,486.0,1
146946,hostaway,2026-12-12T00:00:00.000000,1,0,0,0,1,486.0,1
146946,hostaway,2026-12-13T00:00:00.000000,1,0,0,0,1,341.0,1
146946,hostaway,2026-12-14T00:00:00.000000,1,0,0,0,1,261.0,1
146946,hostaway,2026-12-15T00:00:00.000000,1,0,0,0,1,261.0,1
146946,hostaway,2026-12-16T00:00:00.000000,1,0,0,0,1,261.0,1
146946,hostaway,2026-12-17T00:00:00.000000,1,0,0,0,1,410.0,1
146946,hostaway,2026-12-18T00:00:00.000000,1,0,0,0,1,583.0,1
146946,hostaway,2026-12-19T00:00:00.000000,1,0,0,0,1,583.0,1
146946,hostaway,2026-12-20T00:00:00.000000,1,0,0,0,1,410.0,1
146946,hostaway,2026-12-21T00:00:00.000000,1,0,0,0,1,313.0,1
146946,hostaway,2026-12-22T00:00:00.000000,1,0,0,0,1,313.0,1
146946,hostaway,2026-12-23T00:00:00.000000,1,0,0,0,1,313.0,1
146946,hostaway,2026-12-24T00:00:00.000000,1,0,0,0,1,478.0,1
146946,hostaway,2026-12-25T00:00:00.000000,1,0,0,0,1,874.0,1
146946,hostaway,2026-12-26T00:00:00.000000,1,0,0,0,1,874.0,1
146946,hostaway,2026-12-27T00:00:00.000000,1,0,0,0,1,341.0,1
146946,hostaway,2026-12-28T00:00:00.000000,1,0,0,0,1,261.0,1
146946,hostaway,2026-12-29T00:00:00.000000,1,0,0,0,1,261.0,1
146946,hostaway,2026-12-30T00:00:00.000000,1,0,0,0,1,1045.0,1
146946,hostaway,2026-12-31T00:00:00.000000,1,0,0,0,1,1045.0,1
146946,hostaway,2027-01-01T00:00:00.000000,1,0,0,0,1,388.0,1
146946,hostaway,2027-01-02T00:00:00.000000,1,0,0,0,1,388.0,1
146946,hostaway,2027-01-03T00:00:00.000000,1,0,0,0,1,324.0,1
146944,hostaway,2026-02-02T00:00:00.000000,1,0,0,0,1,225.0,1
146944,hostaway,2026-02-03T00:00:00.000000,1,0,0,0,1,225.0,1
146944,hostaway,2026-02-04T00:00:00.000000,1,0,0,0,1,225.0,1
146944,hostaway,2026-02-05T00:00:00.000000,1,0,0,0,1,247.0,1
146944,hostaway,2026-02-06T00:00:00.000000,1,1,0,0,1,427.0,0
146944,hostaway,2026-02-07T00:00:00.000000,1,1,0,0,1,427.0,0
146944,hostaway,2026-02-08T00:00:00.000000,1,0,0,0,1,270.0,1
146944,hostaway,2026-02-09T00:00:00.000000,1,0,0,0,1,225.0,1
146944,hostaway,2026-02-10T00:00:00.000000,1,0,0,0,1,225.0,1
146944,hostaway,2026-02-11T00:00:00.000000,1,0,0,0,1,259.0,1
146944,hostaway,2026-02-12T00:00:00.000000,1,0,0,0,1,362.0,1
146944,hostaway,2026-02-13T00:00:00.000000,1,0,0,0,1,648.0,1
146944,hostaway,2026-02-14T00:00:00.000000,1,0,0,0,1,749.0,1
146944,hostaway,2026-02-15T00:00:00.000000,1,0,0,0,1,416.0,1
146944,hostaway,2026-02-16T00:00:00.000000,1,0,0,0,1,366.0,1
146944,hostaway,2026-02-17T00:00:00.000000,1,1,0,0,1,366.0,0
146944,hostaway,2026-02-18T00:00:00.000000,1,1,0,0,1,318.0,0
146944,hostaway,2026-02-19T00:00:00.000000,1,0,0,0,1,349.0,1
146944,hostaway,2026-02-20T00:00:00.000000,1,1,0,0,1,427.0,0
146944,hostaway,2026-02-21T00:00:00.000000,1,1,0,0,1,427.0,0
146944,hostaway,2026-02-22T00:00:00.000000,1,0,0,0,1,362.0,1
146944,hostaway,2026-02-23T00:00:00.000000,1,0,0,0,1,318.0,1
146944,hostaway,2026-02-24T00:00:00.000000,1,0,0,0,1,318.0,1
146944,hostaway,2026-02-25T00:00:00.000000,1,0,0,0,1,318.0,1
146944,hostaway,2026-02-26T00:00:00.000000,1,0,0,0,1,362.0,1
146944,hostaway,2026-02-27T00:00:00.000000,1,0,0,0,1,427.0,1
146944,hostaway,2026-02-28T00:00:00.000000,1,0,0,0,1,427.0,1
146944,hostaway,2026-03-01T00:00:00.000000,1,0,0,0,1,417.0,1
146944,hostaway,2026-03-02T00:00:00.000000,1,0,0,0,1,356.0,1
146944,hostaway,2026-03-03T00:00:00.000000,1,0,0,0,1,356.0,1
146944,hostaway,2026-03-04T00:00:00.000000,1,0,0,0,1,356.0,1
146944,hostaway,2026-03-05T00:00:00.000000,1,0,0,0,1,480.0,1
146944,hostaway,2026-03-06T00:00:00.000000,1,0,0,0,1,608.0,1
146944,hostaway,2026-03-07T00:00:00.000000,1,0,0,0,1,636.0,1
146944,hostaway,2026-03-08T00:00:00.000000,1,0,0,0,1,480.0,1
146944,hostaway,2026-03-09T00:00:00.000000,1,0,0,0,1,356.0,1
146944,hostaway,2026-03-10T00:00:00.000000,1,0,0,0,1,356.0,1
146944,hostaway,2026-03-11T00:00:00.000000,1,0,0,0,1,356.0,1
146944,hostaway,2026-03-12T00:00:00.000000,1,0,0,0,1,459.0,1
146944,hostaway,2026-03-13T00:00:00.000000,1,0,0,0,1,635.0,1
146944,hostaway,2026-03-14T00:00:00.000000,1,0,0,0,1,635.0,1
146944,hostaway,2026-03-15T00:00:00.000000,1,0,0,0,1,550.0,1
146944,hostaway,2026-03-16T00:00:00.000000,1,0,0,0,1,427.0,1
146944,hostaway,2026-03-17T00:00:00.000000,1,0,0,0,1,427.0,1
146944,hostaway,2026-03-18T00:00:00.000000,1,0,0,0,1,427.0,1
146944,hostaway,2026-03-19T00:00:00.000000,1,0,0,0,1,577.0,1
146944,hostaway,2026-03-20T00:00:00.000000,1,0,0,0,1,577.0,1
146944,hostaway,2026-03-21T00:00:00.000000,1,0,0,0,1,577.0,1
146944,hostaway,2026-03-22T00:00:00.000000,1,0,0,0,1,427.0,1
146944,hostaway,2026-03-23T00:00:00.000000,1,0,0,0,1,356.0,1
146944,hostaway,2026-03-24T00:00:00.000000,1,0,0,0,1,356.0,1
146944,hostaway,2026-03-25T00:00:00.000000,1,0,0,0,1,356.0,1
146944,hostaway,2026-03-26T00:00:00.000000,1,0,0,0,1,417.0,1
146944,hostaway,2026-03-27T00:00:00.000000,1,0,0,0,1,664.0,1
146944,hostaway,2026-03-28T00:00:00.000000,1,0,0,0,1,553.0,1
146944,hostaway,2026-03-29T00:00:00.000000,1,0,0,0,1,500.0,1
146944,hostaway,2026-03-30T00:00:00.000000,1,0,0,0,1,356.0,1
146944,hostaway,2026-03-31T00:00:00.000000,1,0,0,0,1,356.0,1
146944,hostaway,2026-04-01T00:00:00.000000,1,0,0,0,1,383.0,1
146944,hostaway,2026-04-02T00:00:00.000000,1,0,0,0,1,467.0,1
146944,hostaway,2026-04-03T00:00:00.000000,1,0,0,0,1,545.0,1
146944,hostaway,2026-04-04T00:00:00.000000,1,0,0,0,1,545.0,1
146944,hostaway,2026-04-05T00:00:00.000000,1,0,0,0,1,467.0,1
146944,hostaway,2026-04-06T00:00:00.000000,1,0,0,0,1,383.0,1
146944,hostaway,2026-04-07T00:00:00.000000,1,0,0,0,1,383.0,1
146944,hostaway,2026-04-08T00:00:00.000000,1,0,0,0,1,383.0,1
146944,hostaway,2026-04-09T00:00:00.000000,1,0,0,0,1,467.0,1
146944,hostaway,2026-04-10T00:00:00.000000,1,0,0,0,1,545.0,1
146944,hostaway,2026-04-11T00:00:00.000000,1,0,0,0,1,545.0,1
146944,hostaway,2026-04-12T00:00:00.000000,1,0,0,0,1,467.0,1
146944,hostaway,2026-04-13T00:00:00.000000,1,0,0,0,1,383.0,1
146944,hostaway,2026-04-14T00:00:00.000000,1,0,0,0,1,383.0,1
146944,hostaway,2026-04-15T00:00:00.000000,1,0,0,0,1,383.0,1
146944,hostaway,2026-04-16T00:00:00.000000,1,0,0,0,1,467.0,1
146944,hostaway,2026-04-17T00:00:00.000000,1,0,0,0,1,545.0,1
146944,hostaway,2026-04-18T00:00:00.000000,1,0,0,0,1,545.0,1
146944,hostaway,2026-04-19T00:00:00.000000,1,0,0,0,1,467.0,1
146944,hostaway,2026-04-20T00:00:00.000000,1,0,0,0,1,383.0,1
146944,hostaway,2026-04-21T00:00:00.000000,1,0,0,0,1,383.0,1
146944,hostaway,2026-04-22T00:00:00.000000,1,0,0,0,1,383.0,1
146944,hostaway,2026-04-23T00:00:00.000000,1,0,0,0,1,467.0,1
146944,hostaway,2026-04-24T00:00:00.000000,1,0,0,0,1,545.0,1
146944,hostaway,2026-04-25T00:00:00.000000,1,0,0,0,1,545.0,1
146944,hostaway,2026-04-26T00:00:00.000000,1,0,0,0,1,467.0,1
146944,hostaway,2026-04-27T00:00:00.000000,1,0,0,0,1,383.0,1
146944,hostaway,2026-04-28T00:00:00.000000,1,0,0,0,1,383.0,1
146944,hostaway,2026-04-29T00:00:00.000000,1,0,0,0,1,383.0,1
146944,hostaway,2026-04-30T00:00:00.000000,1,0,0,0,1,467.0,1
146944,hostaway,2026-05-01T00:00:00.000000,1,0,0,0,1,603.0,1
146944,hostaway,2026-05-02T00:00:00.000000,1,0,0,0,1,603.0,1
146944,hostaway,2026-05-03T00:00:00.000000,1,0,0,0,1,505.0,1
146944,hostaway,2026-05-04T00:00:00.000000,1,0,0,0,1,419.0,1
146944,hostaway,2026-05-05T00:00:00.000000,1,0,0,0,1,419.0,1
146944,hostaway,2026-05-06T00:00:00.000000,1,0,0,0,1,419.0,1
146944,hostaway,2026-05-07T00:00:00.000000,1,0,0,0,1,505.0,1
146944,hostaway,2026-05-08T00:00:00.000000,1,0,0,0,1,603.0,1
146944,hostaway,2026-05-09T00:00:00.000000,1,0,0,0,1,603.0,1
146944,hostaway,2026-05-10T00:00:00.000000,1,0,0,0,1,505.0,1
146944,hostaway,2026-05-11T00:00:00.000000,1,0,0,0,1,419.0,1
146944,hostaway,2026-05-12T00:00:00.000000,1,0,0,0,1,419.0,1
146944,hostaway,2026-05-13T00:00:00.000000,1,0,0,0,1,419.0,1
146944,hostaway,2026-05-14T00:00:00.000000,1,0,0,0,1,581.0,1
146944,hostaway,2026-05-15T00:00:00.000000,1,0,0,0,1,693.0,1
146944,hostaway,2026-05-16T00:00:00.000000,1,0,0,0,1,693.0,1
146944,hostaway,2026-05-17T00:00:00.000000,1,0,0,0,1,581.0,1
146944,hostaway,2026-05-18T00:00:00.000000,1,0,0,0,1,482.0,1
146944,hostaway,2026-05-19T00:00:00.000000,1,0,0,0,1,482.0,1
146944,hostaway,2026-05-20T00:00:00.000000,1,0,0,0,1,482.0,1
146944,hostaway,2026-05-21T00:00:00.000000,1,0,0,0,1,581.0,1
146944,hostaway,2026-05-22T00:00:00.000000,1,0,0,0,1,867.0,1
146944,hostaway,2026-05-23T00:00:00.000000,1,0,0,0,1,953.0,1
146944,hostaway,2026-05-24T00:00:00.000000,1,0,0,0,1,726.0,1
146944,hostaway,2026-05-25T00:00:00.000000,1,0,0,0,1,524.0,1
146944,hostaway,2026-05-26T00:00:00.000000,1,0,0,0,1,419.0,1
146944,hostaway,2026-05-27T00:00:00.000000,1,0,0,0,1,419.0,1
146944,hostaway,2026-05-28T00:00:00.000000,1,0,0,0,1,505.0,1
146944,hostaway,2026-05-29T00:00:00.000000,1,0,0,0,1,603.0,1
146944,hostaway,2026-05-30T00:00:00.000000,1,0,0,0,1,603.0,1
146944,hostaway,2026-05-31T00:00:00.000000,1,0,0,0,1,556.0,1
146944,hostaway,2026-06-01T00:00:00.000000,1,0,0,0,1,491.0,1
146944,hostaway,2026-06-02T00:00:00.000000,1,0,0,0,1,491.0,1
146944,hostaway,2026-06-03T00:00:00.000000,1,0,0,0,1,446.0,1
146944,hostaway,2026-06-04T00:00:00.000000,1,0,0,0,1,539.0,1
146944,hostaway,2026-06-05T00:00:00.000000,1,0,0,0,1,626.0,1
146944,hostaway,2026-06-06T00:00:00.000000,1,0,0,0,1,626.0,1
146944,hostaway,2026-06-07T00:00:00.000000,1,0,0,0,1,539.0,1
146944,hostaway,2026-06-08T00:00:00.000000,1,0,0,0,1,446.0,1
146944,hostaway,2026-06-09T00:00:00.000000,1,0,0,0,1,446.0,1
146944,hostaway,2026-06-10T00:00:00.000000,1,0,0,0,1,446.0,1
146944,hostaway,2026-06-11T00:00:00.000000,1,0,0,0,1,539.0,1
146944,hostaway,2026-06-12T00:00:00.000000,1,0,0,0,1,626.0,1
146944,hostaway,2026-06-13T00:00:00.000000,1,0,0,0,1,626.0,1
146944,hostaway,2026-06-14T00:00:00.000000,1,0,0,0,1,539.0,1
146944,hostaway,2026-06-15T00:00:00.000000,1,0,0,0,1,446.0,1
146944,hostaway,2026-06-16T00:00:00.000000,1,0,0,0,1,446.0,1
146944,hostaway,2026-06-17T00:00:00.000000,1,0,0,0,1,446.0,1
146944,hostaway,2026-06-18T00:00:00.000000,1,0,0,0,1,701.0,1
146944,hostaway,2026-06-19T00:00:00.000000,1,0,0,0,1,936.0,1
146944,hostaway,2026-06-20T00:00:00.000000,1,0,0,0,1,1030.0,1
146944,hostaway,2026-06-21T00:00:00.000000,1,0,0,0,1,771.0,1
146944,hostaway,2026-06-22T00:00:00.000000,1,0,0,0,1,630.0,1
146944,hostaway,2026-06-23T00:00:00.000000,1,0,0,0,1,630.0,1
146944,hostaway,2026-06-24T00:00:00.000000,1,1,0,0,1,525.0,0
146944,hostaway,2026-06-25T00:00:00.000000,1,1,0,0,1,694.0,0
146944,hostaway,2026-06-26T00:00:00.000000,1,0,0,0,1,1536.0,1
146944,hostaway,2026-06-27T00:00:00.000000,1,0,0,0,1,1536.0,1
146944,hostaway,2026-06-28T00:00:00.000000,1,1,0,0,1,688.0,0
146944,hostaway,2026-06-29T00:00:00.000000,1,1,0,0,1,521.0,0
146944,hostaway,2026-06-30T00:00:00.000000,1,1,0,0,1,521.0,0
146944,hostaway,2026-07-01T00:00:00.000000,1,1,0,0,1,521.0,0
146944,hostaway,2026-07-02T00:00:00.000000,1,1,0,0,1,758.0,0
146944,hostaway,2026-07-03T00:00:00.000000,1,1,0,0,1,1527.0,0
146944,hostaway,2026-07-04T00:00:00.000000,1,1,0,0,1,1527.0,0
146944,hostaway,2026-07-05T00:00:00.000000,1,0,0,0,1,630.0,1
146944,hostaway,2026-07-06T00:00:00.000000,1,0,0,0,1,525.0,1
146944,hostaway,2026-07-07T00:00:00.000000,1,0,0,0,1,525.0,1
146944,hostaway,2026-07-08T00:00:00.000000,1,0,0,0,1,525.0,1
146944,hostaway,2026-07-09T00:00:00.000000,1,0,0,0,1,694.0,1
146944,hostaway,2026-07-10T00:00:00.000000,1,0,0,0,1,1396.0,1
146944,hostaway,2026-07-11T00:00:00.000000,1,0,0,0,1,1396.0,1
146944,hostaway,2026-07-12T00:00:00.000000,1,0,0,0,1,694.0,1
146944,hostaway,2026-07-13T00:00:00.000000,1,0,0,0,1,525.0,1
146944,hostaway,2026-07-14T00:00:00.000000,1,0,0,0,1,525.0,1
146944,hostaway,2026-07-15T00:00:00.000000,1,0,0,0,1,525.0,1
146944,hostaway,2026-07-16T00:00:00.000000,1,1,0,0,1,694.0,0
146944,hostaway,2026-07-17T00:00:00.000000,1,1,0,0,1,1396.0,0
146944,hostaway,2026-07-18T00:00:00.000000,1,1,0,0,1,1396.0,0
146944,hostaway,2026-07-19T00:00:00.000000,1,1,0,0,1,694.0,0
146944,hostaway,2026-07-20T00:00:00.000000,1,1,0,0,1,525.0,0
146944,hostaway,2026-07-21T00:00:00.000000,1,1,0,0,1,525.0,0
146944,hostaway,2026-07-22T00:00:00.000000,1,1,0,0,1,525.0,0
146944,hostaway,2026-07-23T00:00:00.000000,1,0,0,0,1,694.0,1
146944,hostaway,2026-07-24T00:00:00.000000,1,0,0,0,1,1396.0,1
146944,hostaway,2026-07-25T00:00:00.000000,1,1,0,0,1,1396.0,0
146944,hostaway,2026-07-26T00:00:00.000000,1,1,0,0,1,694.0,0
146944,hostaway,2026-07-27T00:00:00.000000,1,0,0,0,1,525.0,1
146944,hostaway,2026-07-28T00:00:00.000000,1,0,0,0,1,525.0,1
146944,hostaway,2026-07-29T00:00:00.000000,1,0,0,0,1,525.0,1
146944,hostaway,2026-07-30T00:00:00.000000,1,0,0,0,1,694.0,1
146944,hostaway,2026-07-31T00:00:00.000000,1,0,0,0,1,1396.0,1
146944,hostaway,2026-08-01T00:00:00.000000,1,0,0,0,1,1396.0,1
146944,hostaway,2026-08-02T00:00:00.000000,1,0,0,0,1,694.0,1
146944,hostaway,2026-08-03T00:00:00.000000,1,0,0,0,1,570.0,1
146944,hostaway,2026-08-04T00:00:00.000000,1,0,0,0,1,570.0,1
146944,hostaway,2026-08-05T00:00:00.000000,1,0,0,0,1,570.0,1
146944,hostaway,2026-08-06T00:00:00.000000,1,0,0,0,1,745.0,1
146944,hostaway,2026-08-07T00:00:00.000000,1,0,0,0,1,1060.0,1
146944,hostaway,2026-08-08T00:00:00.000000,1,0,0,0,1,1060.0,1
146944,hostaway,2026-08-09T00:00:00.000000,1,0,0,0,1,745.0,1
146944,hostaway,2026-08-10T00:00:00.000000,1,0,0,0,1,570.0,1
146944,hostaway,2026-08-11T00:00:00.000000,1,0,0,0,1,570.0,1
146944,hostaway,2026-08-12T00:00:00.000000,1,0,0,0,1,570.0,1
146944,hostaway,2026-08-13T00:00:00.000000,1,0,0,0,1,745.0,1
146944,hostaway,2026-08-14T00:00:00.000000,1,0,0,0,1,1060.0,1
146944,hostaway,2026-08-15T00:00:00.000000,1,0,0,0,1,1060.0,1
146944,hostaway,2026-08-16T00:00:00.000000,1,0,0,0,1,745.0,1
146944,hostaway,2026-08-17T00:00:00.000000,1,0,0,0,1,570.0,1
146944,hostaway,2026-08-18T00:00:00.000000,1,0,0,0,1,570.0,1
146944,hostaway,2026-08-19T00:00:00.000000,1,0,0,0,1,570.0,1
146944,hostaway,2026-08-20T00:00:00.000000,1,0,0,0,1,745.0,1
146944,hostaway,2026-08-21T00:00:00.000000,1,0,0,0,1,1060.0,1
146944,hostaway,2026-08-22T00:00:00.000000,1,0,0,0,1,1060.0,1
146944,hostaway,2026-08-23T00:00:00.000000,1,0,0,0,1,745.0,1
146944,hostaway,2026-08-24T00:00:00.000000,1,0,0,0,1,570.0,1
146944,hostaway,2026-08-25T00:00:00.000000,1,0,0,0,1,570.0,1
146944,hostaway,2026-08-26T00:00:00.000000,1,0,0,0,1,570.0,1
146944,hostaway,2026-08-27T00:00:00.000000,1,0,0,0,1,745.0,1
146944,hostaway,2026-08-28T00:00:00.000000,1,0,0,0,1,1060.0,1
146944,hostaway,2026-08-29T00:00:00.000000,1,0,0,0,1,1060.0,1
146944,hostaway,2026-08-30T00:00:00.000000,1,0,0,0,1,745.0,1
146944,hostaway,2026-08-31T00:00:00.000000,1,0,0,0,1,570.0,1
146944,hostaway,2026-09-01T00:00:00.000000,1,0,0,0,1,513.0,1
146944,hostaway,2026-09-02T00:00:00.000000,1,0,0,0,1,513.0,1
146944,hostaway,2026-09-03T00:00:00.000000,1,0,0,0,1,670.0,1
146944,hostaway,2026-09-04T00:00:00.000000,1,0,0,0,1,1145.0,1
146944,hostaway,2026-09-05T00:00:00.000000,1,0,0,0,1,1145.0,1
146944,hostaway,2026-09-06T00:00:00.000000,1,0,0,0,1,805.0,1
146944,hostaway,2026-09-07T00:00:00.000000,1,0,0,0,1,616.0,1
146944,hostaway,2026-09-08T00:00:00.000000,1,0,0,0,1,513.0,1
146944,hostaway,2026-09-09T00:00:00.000000,1,0,0,0,1,513.0,1
146944,hostaway,2026-09-10T00:00:00.000000,1,0,0,0,1,670.0,1
146944,hostaway,2026-09-11T00:00:00.000000,1,0,0,0,1,954.0,1
146944,hostaway,2026-09-12T00:00:00.000000,1,0,0,0,1,954.0,1
146944,hostaway,2026-09-13T00:00:00.000000,1,0,0,0,1,670.0,1
146944,hostaway,2026-09-14T00:00:00.000000,1,0,0,0,1,513.0,1
146944,hostaway,2026-09-15T00:00:00.000000,1,0,0,0,1,513.0,1
146944,hostaway,2026-09-16T00:00:00.000000,1,0,0,0,1,513.0,1
146944,hostaway,2026-09-17T00:00:00.000000,1,0,0,0,1,670.0,1
146944,hostaway,2026-09-18T00:00:00.000000,1,0,0,0,1,954.0,1
146944,hostaway,2026-09-19T00:00:00.000000,1,0,0,0,1,954.0,1
146944,hostaway,2026-09-20T00:00:00.000000,1,0,0,0,1,670.0,1
146944,hostaway,2026-09-21T00:00:00.000000,1,0,0,0,1,513.0,1
146944,hostaway,2026-09-22T00:00:00.000000,1,0,0,0,1,513.0,1
146944,hostaway,2026-09-23T00:00:00.000000,1,0,0,0,1,513.0,1
146944,hostaway,2026-09-24T00:00:00.000000,1,0,0,0,1,670.0,1
146944,hostaway,2026-09-25T00:00:00.000000,1,0,0,0,1,954.0,1
146944,hostaway,2026-09-26T00:00:00.000000,1,0,0,0,1,954.0,1
146944,hostaway,2026-09-27T00:00:00.000000,1,0,0,0,1,670.0,1
146944,hostaway,2026-09-28T00:00:00.000000,1,0,0,0,1,513.0,1
146944,hostaway,2026-09-29T00:00:00.000000,1,0,0,0,1,513.0,1
146944,hostaway,2026-09-30T00:00:00.000000,1,0,0,0,1,513.0,1
146944,hostaway,2026-10-01T00:00:00.000000,1,0,0,0,1,603.0,1
146944,hostaway,2026-10-02T00:00:00.000000,1,0,0,0,1,858.0,1
146944,hostaway,2026-10-03T00:00:00.000000,1,0,0,0,1,858.0,1
146944,hostaway,2026-10-04T00:00:00.000000,1,0,0,0,1,603.0,1
146944,hostaway,2026-10-05T00:00:00.000000,1,0,0,0,1,462.0,1
146944,hostaway,2026-10-06T00:00:00.000000,1,0,0,0,1,462.0,1
146944,hostaway,2026-10-07T00:00:00.000000,1,1,0,0,1,462.0,0
146944,hostaway,2026-10-08T00:00:00.000000,1,1,0,0,1,603.0,0
146944,hostaway,2026-10-09T00:00:00.000000,1,0,0,0,1,858.0,1
146944,hostaway,2026-10-10T00:00:00.000000,1,0,0,0,1,858.0,1
146944,hostaway,2026-10-11T00:00:00.000000,1,0,0,0,1,603.0,1
146944,hostaway,2026-10-12T00:00:00.000000,1,0,0,0,1,462.0,1
146944,hostaway,2026-10-13T00:00:00.000000,1,0,0,0,1,462.0,1
146944,hostaway,2026-10-14T00:00:00.000000,1,0,0,0,1,462.0,1
146944,hostaway,2026-10-15T00:00:00.000000,1,0,0,0,1,603.0,1
146944,hostaway,2026-10-16T00:00:00.000000,1,0,0,0,1,858.0,1
146944,hostaway,2026-10-17T00:00:00.000000,1,0,0,0,1,858.0,1
146944,hostaway,2026-10-18T00:00:00.000000,1,0,0,0,1,603.0,1
146944,hostaway,2026-10-19T00:00:00.000000,1,0,0,0,1,462.0,1
146944,hostaway,2026-10-20T00:00:00.000000,1,0,0,0,1,462.0,1
146944,hostaway,2026-10-21T00:00:00.000000,1,0,0,0,1,462.0,1
146944,hostaway,2026-10-22T00:00:00.000000,1,0,0,0,1,603.0,1
146944,hostaway,2026-10-23T00:00:00.000000,1,0,0,0,1,858.0,1
146944,hostaway,2026-10-24T00:00:00.000000,1,0,0,0,1,858.0,1
146944,hostaway,2026-10-25T00:00:00.000000,1,0,0,0,1,603.0,1
146944,hostaway,2026-10-26T00:00:00.000000,1,0,0,0,1,462.0,1
146944,hostaway,2026-10-27T00:00:00.000000,1,0,0,0,1,462.0,1
146944,hostaway,2026-10-28T00:00:00.000000,1,0,0,0,1,462.0,1
146944,hostaway,2026-10-29T00:00:00.000000,1,0,0,0,1,603.0,1
146944,hostaway,2026-10-30T00:00:00.000000,1,0,0,0,1,858.0,1
146944,hostaway,2026-10-31T00:00:00.000000,1,0,0,0,1,858.0,1
146944,hostaway,2026-11-01T00:00:00.000000,1,0,0,0,1,543.0,1
146944,hostaway,2026-11-02T00:00:00.000000,1,0,0,0,1,416.0,1
146944,hostaway,2026-11-03T00:00:00.000000,1,0,0,0,1,416.0,1
146944,hostaway,2026-11-04T00:00:00.000000,1,0,0,0,1,416.0,1
146944,hostaway,2026-11-05T00:00:00.000000,1,0,0,0,1,543.0,1
146944,hostaway,2026-11-06T00:00:00.000000,1,0,0,0,1,773.0,1
146944,hostaway,2026-11-07T00:00:00.000000,1,0,0,0,1,773.0,1
146944,hostaway,2026-11-08T00:00:00.000000,1,0,0,0,1,543.0,1
146944,hostaway,2026-11-09T00:00:00.000000,1,0,0,0,1,416.0,1
146944,hostaway,2026-11-10T00:00:00.000000,1,0,0,0,1,416.0,1
146944,hostaway,2026-11-11T00:00:00.000000,1,0,0,0,1,416.0,1
146944,hostaway,2026-11-12T00:00:00.000000,1,0,0,0,1,543.0,1
146944,hostaway,2026-11-13T00:00:00.000000,1,0,0,0,1,773.0,1
146944,hostaway,2026-11-14T00:00:00.000000,1,0,0,0,1,773.0,1
146944,hostaway,2026-11-15T00:00:00.000000,1,0,0,0,1,543.0,1
146944,hostaway,2026-11-16T00:00:00.000000,1,0,0,0,1,416.0,1
146944,hostaway,2026-11-17T00:00:00.000000,1,0,0,0,1,416.0,1
146944,hostaway,2026-11-18T00:00:00.000000,1,0,0,0,1,416.0,1
146944,hostaway,2026-11-19T00:00:00.000000,1,0,0,0,1,543.0,1
146944,hostaway,2026-11-20T00:00:00.000000,1,0,0,0,1,773.0,1
146944,hostaway,2026-11-21T00:00:00.000000,1,0,0,0,1,773.0,1
146944,hostaway,2026-11-22T00:00:00.000000,1,0,0,0,1,543.0,1
146944,hostaway,2026-11-23T00:00:00.000000,1,0,0,0,1,416.0,1
146944,hostaway,2026-11-24T00:00:00.000000,1,0,0,0,1,416.0,1
146944,hostaway,2026-11-25T00:00:00.000000,1,0,0,0,1,416.0,1
146944,hostaway,2026-11-26T00:00:00.000000,1,0,0,0,1,760.0,1
146944,hostaway,2026-11-27T00:00:00.000000,1,0,0,0,1,773.0,1
146944,hostaway,2026-11-28T00:00:00.000000,1,0,0,0,1,773.0,1
146944,hostaway,2026-11-29T00:00:00.000000,1,0,0,0,1,543.0,1
146944,hostaway,2026-11-30T00:00:00.000000,1,0,0,0,1,416.0,1
146944,hostaway,2026-12-01T00:00:00.000000,1,0,0,0,1,374.0,1
146944,hostaway,2026-12-02T00:00:00.000000,1,0,0,0,1,374.0,1
146944,hostaway,2026-12-03T00:00:00.000000,1,0,0,0,1,489.0,1
146944,hostaway,2026-12-04T00:00:00.000000,1,0,0,0,1,695.0,1
146944,hostaway,2026-12-05T00:00:00.000000,1,0,0,0,1,695.0,1
146944,hostaway,2026-12-06T00:00:00.000000,1,0,0,0,1,489.0,1
146944,hostaway,2026-12-07T00:00:00.000000,1,0,0,0,1,374.0,1
146944,hostaway,2026-12-08T00:00:00.000000,1,0,0,0,1,374.0,1
146944,hostaway,2026-12-09T00:00:00.000000,1,0,0,0,1,374.0,1
146944,hostaway,2026-12-10T00:00:00.000000,1,0,0,0,1,489.0,1
146944,hostaway,2026-12-11T00:00:00.000000,1,0,0,0,1,695.0,1
146944,hostaway,2026-12-12T00:00:00.000000,1,0,0,0,1,695.0,1
146944,hostaway,2026-12-13T00:00:00.000000,1,0,0,0,1,489.0,1
146944,hostaway,2026-12-14T00:00:00.000000,1,0,0,0,1,374.0,1
146944,hostaway,2026-12-15T00:00:00.000000,1,0,0,0,1,374.0,1
146944,hostaway,2026-12-16T00:00:00.000000,1,0,0,0,1,374.0,1
146944,hostaway,2026-12-17T00:00:00.000000,1,0,0,0,1,587.0,1
146944,hostaway,2026-12-18T00:00:00.000000,1,0,0,0,1,834.0,1
146944,hostaway,2026-12-19T00:00:00.000000,1,0,0,0,1,834.0,1
146944,hostaway,2026-12-20T00:00:00.000000,1,0,0,0,1,587.0,1
146944,hostaway,2026-12-21T00:00:00.000000,1,0,0,0,1,449.0,1
146944,hostaway,2026-12-22T00:00:00.000000,1,0,0,0,1,449.0,1
146944,hostaway,2026-12-23T00:00:00.000000,1,0,0,0,1,449.0,1
146944,hostaway,2026-12-24T00:00:00.000000,1,0,0,0,1,684.0,1
146944,hostaway,2026-12-25T00:00:00.000000,1,0,0,0,1,1252.0,1
146944,hostaway,2026-12-26T00:00:00.000000,1,0,0,0,1,1252.0,1
146944,hostaway,2026-12-27T00:00:00.000000,1,0,0,0,1,489.0,1
146944,hostaway,2026-12-28T00:00:00.000000,1,0,0,0,1,374.0,1
146944,hostaway,2026-12-29T00:00:00.000000,1,0,0,0,1,374.0,1
146944,hostaway,2026-12-30T00:00:00.000000,1,0,0,0,1,1496.0,1
146944,hostaway,2026-12-31T00:00:00.000000,1,0,0,0,1,1496.0,1
146944,hostaway,2027-01-01T00:00:00.000000,1,0,0,0,1,556.0,1
146944,hostaway,2027-01-02T00:00:00.000000,1,0,0,0,1,556.0,1
146944,hostaway,2027-01-03T00:00:00.000000,1,0,0,0,1,464.0,1
260001,hostaway,2026-02-02T00:00:00.000000,1,0,0,0,1,275.0,1
260001,hostaway,2026-02-03T00:00:00.000000,1,0,0,0,1,275.0,1
260001,hostaway,2026-02-04T00:00:00.000000,1,0,0,0,1,275.0,1
260001,hostaway,2026-02-05T00:00:00.000000,1,1,0,0,1,302.0,0
260001,hostaway,2026-02-06T00:00:00.000000,1,1,0,0,1,428.0,0
260001,hostaway,2026-02-07T00:00:00.000000,1,1,0,0,1,475.0,0
260001,hostaway,2026-02-08T00:00:00.000000,1,1,0,0,1,400.0,0
260001,hostaway,2026-02-09T00:00:00.000000,1,0,0,0,1,275.0,1
260001,hostaway,2026-02-10T00:00:00.000000,1,0,0,0,1,275.0,1
260001,hostaway,2026-02-11T00:00:00.000000,1,1,0,0,1,352.0,0
260001,hostaway,2026-02-12T00:00:00.000000,1,1,0,0,1,400.0,0
260001,hostaway,2026-02-13T00:00:00.000000,1,1,0,0,1,546.0,0
260001,hostaway,2026-02-14T00:00:00.000000,1,1,0,0,1,546.0,0
260001,hostaway,2026-02-15T00:00:00.000000,1,0,0,0,1,460.0,1
260001,hostaway,2026-02-16T00:00:00.000000,1,1,0,0,1,405.0,0
260001,hostaway,2026-02-17T00:00:00.000000,1,0,0,0,1,405.0,1
260001,hostaway,2026-02-18T00:00:00.000000,1,0,0,0,1,352.0,1
260001,hostaway,2026-02-19T00:00:00.000000,1,0,0,0,1,387.0,1
260001,hostaway,2026-02-20T00:00:00.000000,1,1,0,0,1,475.0,0
260001,hostaway,2026-02-21T00:00:00.000000,1,1,0,0,1,475.0,0
260001,hostaway,2026-02-22T00:00:00.000000,1,0,0,0,1,400.0,1
260001,hostaway,2026-02-23T00:00:00.000000,1,0,0,0,1,352.0,1
260001,hostaway,2026-02-24T00:00:00.000000,1,0,0,0,1,352.0,1
260001,hostaway,2026-02-25T00:00:00.000000,1,0,0,0,1,352.0,1
260001,hostaway,2026-02-26T00:00:00.000000,1,0,0,0,1,400.0,1
260001,hostaway,2026-02-27T00:00:00.000000,1,0,0,0,1,475.0,1
260001,hostaway,2026-02-28T00:00:00.000000,1,0,0,0,1,475.0,1
260001,hostaway,2026-03-01T00:00:00.000000,1,0,0,0,1,465.0,1
260001,hostaway,2026-03-02T00:00:00.000000,1,0,0,0,1,398.0,1
260001,hostaway,2026-03-03T00:00:00.000000,1,0,0,0,1,398.0,1
260001,hostaway,2026-03-04T00:00:00.000000,1,0,0,0,1,398.0,1
260001,hostaway,2026-03-05T00:00:00.000000,1,0,0,0,1,535.0,1
260001,hostaway,2026-03-06T00:00:00.000000,1,0,0,0,1,674.0,1
260001,hostaway,2026-03-07T00:00:00.000000,1,1,0,0,1,533.0,0
260001,hostaway,2026-03-08T00:00:00.000000,1,1,0,0,1,465.0,0
260001,hostaway,2026-03-09T00:00:00.000000,1,0,0,0,1,398.0,1
260001,hostaway,2026-03-10T00:00:00.000000,1,0,0,0,1,398.0,1
260001,hostaway,2026-03-11T00:00:00.000000,1,0,0,0,1,398.0,1
260001,hostaway,2026-03-12T00:00:00.000000,1,0,0,0,1,437.0,1
260001,hostaway,2026-03-13T00:00:00.000000,1,1,0,0,1,640.0,0
260001,hostaway,2026-03-14T00:00:00.000000,1,1,0,0,1,640.0,0
260001,hostaway,2026-03-15T00:00:00.000000,1,0,0,0,1,573.0,1
260001,hostaway,2026-03-16T00:00:00.000000,1,0,0,0,1,478.0,1
260001,hostaway,2026-03-17T00:00:00.000000,1,0,0,0,1,478.0,1
260001,hostaway,2026-03-18T00:00:00.000000,1,0,0,0,1,478.0,1
260001,hostaway,2026-03-19T00:00:00.000000,1,0,0,0,1,525.0,1
260001,hostaway,2026-03-20T00:00:00.000000,1,1,0,0,1,640.0,0
260001,hostaway,2026-03-21T00:00:00.000000,1,1,0,0,1,558.0,0
260001,hostaway,2026-03-22T00:00:00.000000,1,0,0,0,1,477.0,1
260001,hostaway,2026-03-23T00:00:00.000000,1,0,0,0,1,398.0,1
260001,hostaway,2026-03-24T00:00:00.000000,1,0,0,0,1,398.0,1
260001,hostaway,2026-03-25T00:00:00.000000,1,0,0,0,1,398.0,1
260001,hostaway,2026-03-26T00:00:00.000000,1,0,0,0,1,437.0,1
260001,hostaway,2026-03-27T00:00:00.000000,1,1,0,0,1,533.0,0
260001,hostaway,2026-03-28T00:00:00.000000,1,1,0,0,1,533.0,0
260001,hostaway,2026-03-29T00:00:00.000000,1,0,0,0,1,477.0,1
260001,hostaway,2026-03-30T00:00:00.000000,1,0,0,0,1,398.0,1
260001,hostaway,2026-03-31T00:00:00.000000,1,0,0,0,1,398.0,1
260001,hostaway,2026-04-01T00:00:00.000000,1,0,0,0,1,427.0,1
260001,hostaway,2026-04-02T00:00:00.000000,1,0,0,0,1,515.0,1
260001,hostaway,2026-04-03T00:00:00.000000,1,0,0,0,1,601.0,1
260001,hostaway,2026-04-04T00:00:00.000000,1,0,0,0,1,601.0,1
260001,hostaway,2026-04-05T00:00:00.000000,1,0,0,0,1,515.0,1
260001,hostaway,2026-04-06T00:00:00.000000,1,0,0,0,1,427.0,1
260001,hostaway,2026-04-07T00:00:00.000000,1,0,0,0,1,427.0,1
260001,hostaway,2026-04-08T00:00:00.000000,1,0,0,0,1,427.0,1
260001,hostaway,2026-04-09T00:00:00.000000,1,0,0,0,1,515.0,1
260001,hostaway,2026-04-10T00:00:00.000000,1,0,0,0,1,601.0,1
260001,hostaway,2026-04-11T00:00:00.000000,1,1,0,0,1,601.0,0
260001,hostaway,2026-04-12T00:00:00.000000,1,1,0,0,1,515.0,0
260001,hostaway,2026-04-13T00:00:00.000000,1,0,0,0,1,427.0,1
260001,hostaway,2026-04-14T00:00:00.000000,1,0,0,0,1,427.0,1
260001,hostaway,2026-04-15T00:00:00.000000,1,0,0,0,1,427.0,1
260001,hostaway,2026-04-16T00:00:00.000000,1,0,0,0,1,515.0,1
260001,hostaway,2026-04-17T00:00:00.000000,1,0,0,0,1,601.0,1
260001,hostaway,2026-04-18T00:00:00.000000,1,0,0,0,1,601.0,1
260001,hostaway,2026-04-19T00:00:00.000000,1,0,0,0,1,515.0,1
260001,hostaway,2026-04-20T00:00:00.000000,1,1,0,0,1,427.0,0
260001,hostaway,2026-04-21T00:00:00.000000,1,1,0,0,1,427.0,0
260001,hostaway,2026-04-22T00:00:00.000000,1,0,0,0,1,427.0,1
260001,hostaway,2026-04-23T00:00:00.000000,1,0,0,0,1,515.0,1
260001,hostaway,2026-04-24T00:00:00.000000,1,0,0,0,1,601.0,1
260001,hostaway,2026-04-25T00:00:00.000000,1,0,0,0,1,601.0,1
260001,hostaway,2026-04-26T00:00:00.000000,1,0,0,0,1,515.0,1
260001,hostaway,2026-04-27T00:00:00.000000,1,0,0,0,1,427.0,1
260001,hostaway,2026-04-28T00:00:00.000000,1,0,0,0,1,427.0,1
260001,hostaway,2026-04-29T00:00:00.000000,1,0,0,0,1,427.0,1
260001,hostaway,2026-04-30T00:00:00.000000,1,0,0,0,1,515.0,1
260001,hostaway,2026-05-01T00:00:00.000000,1,0,0,0,1,647.0,1
260001,hostaway,2026-05-02T00:00:00.000000,1,0,0,0,1,647.0,1
260001,hostaway,2026-05-03T00:00:00.000000,1,0,0,0,1,541.0,1
260001,hostaway,2026-05-04T00:00:00.000000,1,0,0,0,1,459.0,1
260001,hostaway,2026-05-05T00:00:00.000000,1,0,0,0,1,459.0,1
260001,hostaway,2026-05-06T00:00:00.000000,1,0,0,0,1,459.0,1
260001,hostaway,2026-05-07T00:00:00.000000,1,0,0,0,1,541.0,1
260001,hostaway,2026-05-08T00:00:00.000000,1,0,0,0,1,647.0,1
260001,hostaway,2026-05-09T00:00:00.000000,1,0,0,0,1,647.0,1
260001,hostaway,2026-05-10T00:00:00.000000,1,0,0,0,1,541.0,1
260001,hostaway,2026-05-11T00:00:00.000000,1,0,0,0,1,459.0,1
260001,hostaway,2026-05-12T00:00:00.000000,1,0,0,0,1,459.0,1
260001,hostaway,2026-05-13T00:00:00.000000,1,0,0,0,1,459.0,1
260001,hostaway,2026-05-14T00:00:00.000000,1,0,0,0,1,622.0,1
260001,hostaway,2026-05-15T00:00:00.000000,1,0,0,0,1,744.0,1
260001,hostaway,2026-05-16T00:00:00.000000,1,0,0,0,1,744.0,1
260001,hostaway,2026-05-17T00:00:00.000000,1,0,0,0,1,622.0,1
260001,hostaway,2026-05-18T00:00:00.000000,1,1,0,0,1,459.0,0
260001,hostaway,2026-05-19T00:00:00.000000,1,1,0,0,1,459.0,0
260001,hostaway,2026-05-20T00:00:00.000000,1,1,0,0,1,459.0,0
260001,hostaway,2026-05-21T00:00:00.000000,1,0,0,0,1,622.0,1
260001,hostaway,2026-05-22T00:00:00.000000,1,0,0,0,1,930.0,1
260001,hostaway,2026-05-23T00:00:00.000000,1,0,0,0,1,1024.0,1
260001,hostaway,2026-05-24T00:00:00.000000,1,0,0,0,1,777.0,1
260001,hostaway,2026-05-25T00:00:00.000000,1,0,0,0,1,574.0,1
260001,hostaway,2026-05-26T00:00:00.000000,1,0,0,0,1,459.0,1
260001,hostaway,2026-05-27T00:00:00.000000,1,0,0,0,1,459.0,1
260001,hostaway,2026-05-28T00:00:00.000000,1,0,0,0,1,541.0,1
260001,hostaway,2026-05-29T00:00:00.000000,1,0,0,0,1,647.0,1
260001,hostaway,2026-05-30T00:00:00.000000,1,0,0,0,1,647.0,1
260001,hostaway,2026-05-31T00:00:00.000000,1,1,0,0,1,541.0,0
260001,hostaway,2026-06-01T00:00:00.000000,1,1,0,0,1,488.0,0
260001,hostaway,2026-06-02T00:00:00.000000,1,1,0,0,1,488.0,0
260001,hostaway,2026-06-03T00:00:00.000000,1,0,0,0,1,488.0,1
260001,hostaway,2026-06-04T00:00:00.000000,1,0,0,0,1,579.0,1
260001,hostaway,2026-06-05T00:00:00.000000,1,0,0,0,1,668.0,1
260001,hostaway,2026-06-06T00:00:00.000000,1,0,0,0,1,668.0,1
260001,hostaway,2026-06-07T00:00:00.000000,1,0,0,0,1,579.0,1
260001,hostaway,2026-06-08T00:00:00.000000,1,0,0,0,1,488.0,1
260001,hostaway,2026-06-09T00:00:00.000000,1,0,0,0,1,488.0,1
260001,hostaway,2026-06-10T00:00:00.000000,1,0,0,0,1,488.0,1
260001,hostaway,2026-06-11T00:00:00.000000,1,0,0,0,1,579.0,1
260001,hostaway,2026-06-12T00:00:00.000000,1,0,0,0,1,668.0,1
260001,hostaway,2026-06-13T00:00:00.000000,1,0,0,0,1,668.0,1
260001,hostaway,2026-06-14T00:00:00.000000,1,0,0,0,1,579.0,1
260001,hostaway,2026-06-15T00:00:00.000000,1,0,0,0,1,488.0,1
260001,hostaway,2026-06-16T00:00:00.000000,1,0,0,0,1,488.0,1
260001,hostaway,2026-06-17T00:00:00.000000,1,0,0,0,1,488.0,1
260001,hostaway,2026-06-18T00:00:00.000000,1,0,0,0,1,579.0,1
260001,hostaway,2026-06-19T00:00:00.000000,1,0,0,0,1,768.0,1
260001,hostaway,2026-06-20T00:00:00.000000,1,0,0,0,1,845.0,1
260001,hostaway,2026-06-21T00:00:00.000000,1,0,0,0,1,828.0,1
260001,hostaway,2026-06-22T00:00:00.000000,1,0,0,0,1,748.0,1
260001,hostaway,2026-06-23T00:00:00.000000,1,0,0,0,1,748.0,1
260001,hostaway,2026-06-24T00:00:00.000000,1,0,0,0,1,748.0,1
260001,hostaway,2026-06-25T00:00:00.000000,1,0,0,0,1,980.0,1
260001,hostaway,2026-06-26T00:00:00.000000,1,0,0,0,1,1683.0,1
260001,hostaway,2026-06-27T00:00:00.000000,1,0,0,0,1,1683.0,1
260001,hostaway,2026-06-28T00:00:00.000000,1,0,0,0,1,980.0,1
260001,hostaway,2026-06-29T00:00:00.000000,1,0,0,0,1,748.0,1
260001,hostaway,2026-06-30T00:00:00.000000,1,0,0,0,1,748.0,1
260001,hostaway,2026-07-01T00:00:00.000000,1,0,0,0,1,748.0,1
260001,hostaway,2026-07-02T00:00:00.000000,1,0,0,0,1,900.0,1
260001,hostaway,2026-07-03T00:00:00.000000,1,0,0,0,1,1683.0,1
260001,hostaway,2026-07-04T00:00:00.000000,1,0,0,0,1,1683.0,1
260001,hostaway,2026-07-05T00:00:00.000000,1,0,0,0,1,900.0,1
260001,hostaway,2026-07-06T00:00:00.000000,1,0,0,0,1,623.0,1
260001,hostaway,2026-07-07T00:00:00.000000,1,0,0,0,1,623.0,1
260001,hostaway,2026-07-08T00:00:00.000000,1,0,0,0,1,623.0,1
260001,hostaway,2026-07-09T00:00:00.000000,1,0,0,0,1,817.0,1
260001,hostaway,2026-07-10T00:00:00.000000,1,0,0,0,1,1530.0,1
260001,hostaway,2026-07-11T00:00:00.000000,1,0,0,0,1,1530.0,1
260001,hostaway,2026-07-12T00:00:00.000000,1,0,0,0,1,817.0,1
260001,hostaway,2026-07-13T00:00:00.000000,1,0,0,0,1,623.0,1
260001,hostaway,2026-07-14T00:00:00.000000,1,0,0,0,1,623.0,1
260001,hostaway,2026-07-15T00:00:00.000000,1,0,0,0,1,623.0,1
260001,hostaway,2026-07-16T00:00:00.000000,1,0,0,0,1,817.0,1
260001,hostaway,2026-07-17T00:00:00.000000,1,0,0,0,1,1530.0,1
260001,hostaway,2026-07-18T00:00:00.000000,1,0,0,0,1,1530.0,1
260001,hostaway,2026-07-19T00:00:00.000000,1,0,0,0,1,817.0,1
260001,hostaway,2026-07-20T00:00:00.000000,1,0,0,0,1,623.0,1
260001,hostaway,2026-07-21T00:00:00.000000,1,0,0,0,1,623.0,1
260001,hostaway,2026-07-22T00:00:00.000000,1,0,0,0,1,623.0,1
260001,hostaway,2026-07-23T00:00:00.000000,1,0,0,0,1,817.0,1
260001,hostaway,2026-07-24T00:00:00.000000,1,0,0,0,1,1530.0,1
260001,hostaway,2026-07-25T00:00:00.000000,1,0,0,0,1,1530.0,1
260001,hostaway,2026-07-26T00:00:00.000000,1,0,0,0,1,817.0,1
260001,hostaway,2026-07-27T00:00:00.000000,1,0,0,0,1,623.0,1
260001,hostaway,2026-07-28T00:00:00.000000,1,0,0,0,1,623.0,1
260001,hostaway,2026-07-29T00:00:00.000000,1,0,0,0,1,623.0,1
260001,hostaway,2026-07-30T00:00:00.000000,1,0,0,0,1,817.0,1
260001,hostaway,2026-07-31T00:00:00.000000,1,0,0,0,1,1530.0,1
260001,hostaway,2026-08-01T00:00:00.000000,1,0,0,0,1,1530.0,1
260001,hostaway,2026-08-02T00:00:00.000000,1,0,0,0,1,817.0,1
260001,hostaway,2026-08-03T00:00:00.000000,1,0,0,0,1,542.0,1
260001,hostaway,2026-08-04T00:00:00.000000,1,0,0,0,1,542.0,1
260001,hostaway,2026-08-05T00:00:00.000000,1,0,0,0,1,542.0,1
260001,hostaway,2026-08-06T00:00:00.000000,1,0,0,0,1,708.0,1
260001,hostaway,2026-08-07T00:00:00.000000,1,0,0,0,1,1007.0,1
260001,hostaway,2026-08-08T00:00:00.000000,1,0,0,0,1,1007.0,1
260001,hostaway,2026-08-09T00:00:00.000000,1,0,0,0,1,708.0,1
260001,hostaway,2026-08-10T00:00:00.000000,1,0,0,0,1,542.0,1
260001,hostaway,2026-08-11T00:00:00.000000,1,0,0,0,1,542.0,1
260001,hostaway,2026-08-12T00:00:00.000000,1,0,0,0,1,542.0,1
260001,hostaway,2026-08-13T00:00:00.000000,1,0,0,0,1,708.0,1
260001,hostaway,2026-08-14T00:00:00.000000,1,0,0,0,1,1007.0,1
260001,hostaway,2026-08-15T00:00:00.000000,1,0,0,0,1,1007.0,1
260001,hostaway,2026-08-16T00:00:00.000000,1,0,0,0,1,708.0,1
260001,hostaway,2026-08-17T00:00:00.000000,1,0,0,0,1,542.0,1
260001,hostaway,2026-08-18T00:00:00.000000,1,0,0,0,1,542.0,1
260001,hostaway,2026-08-19T00:00:00.000000,1,0,0,0,1,542.0,1
260001,hostaway,2026-08-20T00:00:00.000000,1,0,0,0,1,708.0,1
260001,hostaway,2026-08-21T00:00:00.000000,1,0,0,0,1,1007.0,1
260001,hostaway,2026-08-22T00:00:00.000000,1,0,0,0,1,1007.0,1
260001,hostaway,2026-08-23T00:00:00.000000,1,0,0,0,1,708.0,1
260001,hostaway,2026-08-24T00:00:00.000000,1,0,0,0,1,542.0,1
260001,hostaway,2026-08-25T00:00:00.000000,1,0,0,0,1,542.0,1
260001,hostaway,2026-08-26T00:00:00.000000,1,0,0,0,1,542.0,1
260001,hostaway,2026-08-27T00:00:00.000000,1,0,0,0,1,708.0,1
260001,hostaway,2026-08-28T00:00:00.000000,1,0,0,0,1,1007.0,1
260001,hostaway,2026-08-29T00:00:00.000000,1,0,0,0,1,1007.0,1
260001,hostaway,2026-08-30T00:00:00.000000,1,0,0,0,1,708.0,1
260001,hostaway,2026-08-31T00:00:00.000000,1,0,0,0,1,542.0,1
260001,hostaway,2026-09-01T00:00:00.000000,1,0,0,0,1,487.0,1
260001,hostaway,2026-09-02T00:00:00.000000,1,0,0,0,1,487.0,1
260001,hostaway,2026-09-03T00:00:00.000000,1,0,0,0,1,637.0,1
260001,hostaway,2026-09-04T00:00:00.000000,1,0,0,0,1,1087.0,1
260001,hostaway,2026-09-05T00:00:00.000000,1,0,0,0,1,1087.0,1
260001,hostaway,2026-09-06T00:00:00.000000,1,0,0,0,1,764.0,1
260001,hostaway,2026-09-07T00:00:00.000000,1,0,0,0,1,585.0,1
260001,hostaway,2026-09-08T00:00:00.000000,1,0,0,0,1,487.0,1
260001,hostaway,2026-09-09T00:00:00.000000,1,0,0,0,1,487.0,1
260001,hostaway,2026-09-10T00:00:00.000000,1,0,0,0,1,637.0,1
260001,hostaway,2026-09-11T00:00:00.000000,1,0,0,0,1,906.0,1
260001,hostaway,2026-09-12T00:00:00.000000,1,0,0,0,1,906.0,1
260001,hostaway,2026-09-13T00:00:00.000000,1,0,0,0,1,637.0,1
260001,hostaway,2026-09-14T00:00:00.000000,1,0,0,0,1,487.0,1
260001,hostaway,2026-09-15T00:00:00.000000,1,0,0,0,1,487.0,1
260001,hostaway,2026-09-16T00:00:00.000000,1,0,0,0,1,487.0,1
260001,hostaway,2026-09-17T00:00:00.000000,1,0,0,0,1,637.0,1
260001,hostaway,2026-09-18T00:00:00.000000,1,0,0,0,1,906.0,1
260001,hostaway,2026-09-19T00:00:00.000000,1,0,0,0,1,906.0,1
260001,hostaway,2026-09-20T00:00:00.000000,1,0,0,0,1,637.0,1
260001,hostaway,2026-09-21T00:00:00.000000,1,0,0,0,1,487.0,1
260001,hostaway,2026-09-22T00:00:00.000000,1,0,0,0,1,487.0,1
260001,hostaway,2026-09-23T00:00:00.000000,1,0,0,0,1,487.0,1
260001,hostaway,2026-09-24T00:00:00.000000,1,0,0,0,1,637.0,1
260001,hostaway,2026-09-25T00:00:00.000000,1,0,0,0,1,906.0,1
260001,hostaway,2026-09-26T00:00:00.000000,1,0,0,0,1,906.0,1
260001,hostaway,2026-09-27T00:00:00.000000,1,0,0,0,1,637.0,1
260001,hostaway,2026-09-28T00:00:00.000000,1,0,0,0,1,487.0,1
260001,hostaway,2026-09-29T00:00:00.000000,1,0,0,0,1,487.0,1
260001,hostaway,2026-09-30T00:00:00.000000,1,0,0,0,1,487.0,1
260001,hostaway,2026-10-01T00:00:00.000000,1,0,0,0,1,573.0,1
260001,hostaway,2026-10-02T00:00:00.000000,1,0,0,0,1,816.0,1
260001,hostaway,2026-10-03T00:00:00.000000,1,0,0,0,1,816.0,1
260001,hostaway,2026-10-04T00:00:00.000000,1,0,0,0,1,573.0,1
260001,hostaway,2026-10-05T00:00:00.000000,1,0,0,0,1,439.0,1
260001,hostaway,2026-10-06T00:00:00.000000,1,0,0,0,1,439.0,1
260001,hostaway,2026-10-07T00:00:00.000000,1,0,0,0,1,439.0,1
260001,hostaway,2026-10-08T00:00:00.000000,1,0,0,0,1,573.0,1
260001,hostaway,2026-10-09T00:00:00.000000,1,0,0,0,1,816.0,1
260001,hostaway,2026-10-10T00:00:00.000000,1,0,0,0,1,816.0,1
260001,hostaway,2026-10-11T00:00:00.000000,1,0,0,0,1,573.0,1
260001,hostaway,2026-10-12T00:00:00.000000,1,0,0,0,1,439.0,1
260001,hostaway,2026-10-13T00:00:00.000000,1,0,0,0,1,439.0,1
260001,hostaway,2026-10-14T00:00:00.000000,1,0,0,0,1,439.0,1
260001,hostaway,2026-10-15T00:00:00.000000,1,0,0,0,1,573.0,1
260001,hostaway,2026-10-16T00:00:00.000000,1,0,0,0,1,816.0,1
260001,hostaway,2026-10-17T00:00:00.000000,1,0,0,0,1,816.0,1
260001,hostaway,2026-10-18T00:00:00.000000,1,0,0,0,1,573.0,1
260001,hostaway,2026-10-19T00:00:00.000000,1,0,0,0,1,439.0,1
260001,hostaway,2026-10-20T00:00:00.000000,1,0,0,0,1,439.0,1
260001,hostaway,2026-10-21T00:00:00.000000,1,0,0,0,1,439.0,1
260001,hostaway,2026-10-22T00:00:00.000000,1,0,0,0,1,573.0,1
260001,hostaway,2026-10-23T00:00:00.000000,1,0,0,0,1,816.0,1
260001,hostaway,2026-10-24T00:00:00.000000,1,0,0,0,1,816.0,1
260001,hostaway,2026-10-25T00:00:00.000000,1,0,0,0,1,573.0,1
260001,hostaway,2026-10-26T00:00:00.000000,1,0,0,0,1,439.0,1
260001,hostaway,2026-10-27T00:00:00.000000,1,0,0,0,1,439.0,1
260001,hostaway,2026-10-28T00:00:00.000000,1,0,0,0,1,439.0,1
260001,hostaway,2026-10-29T00:00:00.000000,1,0,0,0,1,573.0,1
260001,hostaway,2026-10-30T00:00:00.000000,1,0,0,0,1,816.0,1
260001,hostaway,2026-10-31T00:00:00.000000,1,0,0,0,1,816.0,1
260001,hostaway,2026-11-01T00:00:00.000000,1,0,0,0,1,516.0,1
260001,hostaway,2026-11-02T00:00:00.000000,1,0,0,0,1,395.0,1
260001,hostaway,2026-11-03T00:00:00.000000,1,0,0,0,1,395.0,1
260001,hostaway,2026-11-04T00:00:00.000000,1,0,0,0,1,395.0,1
260001,hostaway,2026-11-05T00:00:00.000000,1,0,0,0,1,516.0,1
260001,hostaway,2026-11-06T00:00:00.000000,1,0,0,0,1,734.0,1
260001,hostaway,2026-11-07T00:00:00.000000,1,0,0,0,1,734.0,1
260001,hostaway,2026-11-08T00:00:00.000000,1,0,0,0,1,516.0,1
260001,hostaway,2026-11-09T00:00:00.000000,1,0,0,0,1,395.0,1
260001,hostaway,2026-11-10T00:00:00.000000,1,0,0,0,1,395.0,1
260001,hostaway,2026-11-11T00:00:00.000000,1,0,0,0,1,395.0,1
260001,hostaway,2026-11-12T00:00:00.000000,1,0,0,0,1,516.0,1
260001,hostaway,2026-11-13T00:00:00.000000,1,0,0,0,1,734.0,1
260001,hostaway,2026-11-14T00:00:00.000000,1,0,0,0,1,734.0,1
260001,hostaway,2026-11-15T00:00:00.000000,1,0,0,0,1,516.0,1
260001,hostaway,2026-11-16T00:00:00.000000,1,0,0,0,1,395.0,1
260001,hostaway,2026-11-17T00:00:00.000000,1,0,0,0,1,395.0,1
260001,hostaway,2026-11-18T00:00:00.000000,1,0,0,0,1,395.0,1
260001,hostaway,2026-11-19T00:00:00.000000,1,0,0,0,1,516.0,1
260001,hostaway,2026-11-20T00:00:00.000000,1,0,0,0,1,734.0,1
260001,hostaway,2026-11-21T00:00:00.000000,1,0,0,0,1,734.0,1
260001,hostaway,2026-11-22T00:00:00.000000,1,0,0,0,1,516.0,1
260001,hostaway,2026-11-23T00:00:00.000000,1,0,0,0,1,395.0,1
260001,hostaway,2026-11-24T00:00:00.000000,1,0,0,0,1,395.0,1
260001,hostaway,2026-11-25T00:00:00.000000,1,0,0,0,1,395.0,1
260001,hostaway,2026-11-26T00:00:00.000000,1,0,0,0,1,722.0,1
260001,hostaway,2026-11-27T00:00:00.000000,1,0,0,0,1,734.0,1
260001,hostaway,2026-11-28T00:00:00.000000,1,0,0,0,1,734.0,1
260001,hostaway,2026-11-29T00:00:00.000000,1,0,0,0,1,516.0,1
260001,hostaway,2026-11-30T00:00:00.000000,1,0,0,0,1,395.0,1
260001,hostaway,2026-12-01T00:00:00.000000,1,0,0,0,1,355.0,1
260001,hostaway,2026-12-02T00:00:00.000000,1,0,0,0,1,355.0,1
260001,hostaway,2026-12-03T00:00:00.000000,1,0,0,0,1,464.0,1
260001,hostaway,2026-12-04T00:00:00.000000,1,0,0,0,1,661.0,1
260001,hostaway,2026-12-05T00:00:00.000000,1,0,0,0,1,661.0,1
260001,hostaway,2026-12-06T00:00:00.000000,1,0,0,0,1,464.0,1
260001,hostaway,2026-12-07T00:00:00.000000,1,0,0,0,1,355.0,1
260001,hostaway,2026-12-08T00:00:00.000000,1,0,0,0,1,355.0,1
260001,hostaway,2026-12-09T00:00:00.000000,1,0,0,0,1,355.0,1
260001,hostaway,2026-12-10T00:00:00.000000,1,0,0,0,1,464.0,1
260001,hostaway,2026-12-11T00:00:00.000000,1,0,0,0,1,661.0,1
260001,hostaway,2026-12-12T00:00:00.000000,1,0,0,0,1,661.0,1
260001,hostaway,2026-12-13T00:00:00.000000,1,0,0,0,1,464.0,1
260001,hostaway,2026-12-14T00:00:00.000000,1,0,0,0,1,355.0,1
260001,hostaway,2026-12-15T00:00:00.000000,1,0,0,0,1,355.0,1
260001,hostaway,2026-12-16T00:00:00.000000,1,0,0,0,1,355.0,1
260001,hostaway,2026-12-17T00:00:00.000000,1,0,0,0,1,557.0,1
260001,hostaway,2026-12-18T00:00:00.000000,1,0,0,0,1,793.0,1
260001,hostaway,2026-12-19T00:00:00.000000,1,0,0,0,1,793.0,1
260001,hostaway,2026-12-20T00:00:00.000000,1,0,0,0,1,557.0,1
260001,hostaway,2026-12-21T00:00:00.000000,1,0,0,0,1,426.0,1
260001,hostaway,2026-12-22T00:00:00.000000,1,0,0,0,1,426.0,1
260001,hostaway,2026-12-23T00:00:00.000000,1,0,0,0,1,426.0,1
260001,hostaway,2026-12-24T00:00:00.000000,1,0,0,0,1,650.0,1
260001,hostaway,2026-12-25T00:00:00.000000,1,0,0,0,1,1189.0,1
260001,hostaway,2026-12-26T00:00:00.000000,1,0,0,0,1,1189.0,1
260001,hostaway,2026-12-27T00:00:00.000000,1,0,0,0,1,464.0,1
260001,hostaway,2026-12-28T00:00:00.000000,1,0,0,0,1,355.0,1
260001,hostaway,2026-12-29T00:00:00.000000,1,0,0,0,1,355.0,1
260001,hostaway,2026-12-30T00:00:00.000000,1,0,0,0,1,1421.0,1
260001,hostaway,2026-12-31T00:00:00.000000,1,0,0,0,1,1421.0,1
260001,hostaway,2027-01-01T00:00:00.000000,1,0,0,0,1,528.0,1
260001,hostaway,2027-01-02T00:00:00.000000,1,0,0,0,1,528.0,1
260001,hostaway,2027-01-03T00:00:00.000000,1,0,0,0,1,441.0,1
278502,hostaway,2026-02-02T00:00:00.000000,1,1,0,0,1,200.0,0
278502,hostaway,2026-02-03T00:00:00.000000,1,1,0,0,1,200.0,0
278502,hostaway,2026-02-04T00:00:00.000000,1,0,0,0,1,200.0,1
278502,hostaway,2026-02-05T00:00:00.000000,1,0,0,0,1,259.0,1
278502,hostaway,2026-02-06T00:00:00.000000,1,0,0,0,1,341.0,1
278502,hostaway,2026-02-07T00:00:00.000000,1,0,0,0,1,379.0,1
278502,hostaway,2026-02-08T00:00:00.000000,1,0,0,0,1,259.0,1
278502,hostaway,2026-02-09T00:00:00.000000,1,0,0,0,1,200.0,1
278502,hostaway,2026-02-10T00:00:00.000000,1,0,0,0,1,200.0,1
278502,hostaway,2026-02-11T00:00:00.000000,1,0,0,0,1,230.0,1
278502,hostaway,2026-02-12T00:00:00.000000,1,0,0,0,1,253.0,1
278502,hostaway,2026-02-13T00:00:00.000000,1,1,0,0,1,480.0,0
278502,hostaway,2026-02-14T00:00:00.000000,1,1,0,0,1,554.0,0
278502,hostaway,2026-02-15T00:00:00.000000,1,0,0,0,1,373.0,1
278502,hostaway,2026-02-16T00:00:00.000000,1,0,0,0,1,327.0,1
278502,hostaway,2026-02-17T00:00:00.000000,1,0,0,0,1,327.0,1
278502,hostaway,2026-02-18T00:00:00.000000,1,0,0,0,1,284.0,1
278502,hostaway,2026-02-19T00:00:00.000000,1,1,0,0,1,312.0,0
278502,hostaway,2026-02-20T00:00:00.000000,1,1,0,0,1,379.0,0
278502,hostaway,2026-02-21T00:00:00.000000,1,1,0,0,1,379.0,0
278502,hostaway,2026-02-22T00:00:00.000000,1,1,0,0,1,324.0,0
278502,hostaway,2026-02-23T00:00:00.000000,1,1,0,0,1,284.0,0
278502,hostaway,2026-02-24T00:00:00.000000,1,0,0,0,1,284.0,1
278502,hostaway,2026-02-25T00:00:00.000000,1,0,0,0,1,284.0,1
278502,hostaway,2026-02-26T00:00:00.000000,1,0,0,0,1,324.0,1
278502,hostaway,2026-02-27T00:00:00.000000,1,0,0,0,1,379.0,1
278502,hostaway,2026-02-28T00:00:00.000000,1,0,0,0,1,379.0,1
278502,hostaway,2026-03-01T00:00:00.000000,1,0,0,0,1,369.0,1
278502,hostaway,2026-03-02T00:00:00.000000,1,0,0,0,1,314.0,1
278502,hostaway,2026-03-03T00:00:00.000000,1,0,0,0,1,314.0,1
278502,hostaway,2026-03-04T00:00:00.000000,1,1,0,0,1,314.0,0
278502,hostaway,2026-03-05T00:00:00.000000,1,1,0,0,1,369.0,0
278502,hostaway,2026-03-06T00:00:00.000000,1,1,0,0,1,429.0,0
278502,hostaway,2026-03-07T00:00:00.000000,1,1,0,0,1,429.0,0
278502,hostaway,2026-03-08T00:00:00.000000,1,0,0,0,1,376.0,1
278502,hostaway,2026-03-09T00:00:00.000000,1,0,0,0,1,314.0,1
278502,hostaway,2026-03-10T00:00:00.000000,1,0,0,0,1,314.0,1
278502,hostaway,2026-03-11T00:00:00.000000,1,0,0,0,1,314.0,1
278502,hostaway,2026-03-12T00:00:00.000000,1,1,0,0,1,369.0,0
278502,hostaway,2026-03-13T00:00:00.000000,1,1,0,0,1,515.0,0
278502,hostaway,2026-03-14T00:00:00.000000,1,0,0,0,1,567.0,1
278502,hostaway,2026-03-15T00:00:00.000000,1,0,0,0,1,487.0,1
278502,hostaway,2026-03-16T00:00:00.000000,1,0,0,0,1,377.0,1
278502,hostaway,2026-03-17T00:00:00.000000,1,0,0,0,1,377.0,1
278502,hostaway,2026-03-18T00:00:00.000000,1,0,0,0,1,377.0,1
278502,hostaway,2026-03-19T00:00:00.000000,1,0,0,0,1,515.0,1
278502,hostaway,2026-03-20T00:00:00.000000,1,0,0,0,1,515.0,1
278502,hostaway,2026-03-21T00:00:00.000000,1,0,0,0,1,443.0,1
278502,hostaway,2026-03-22T00:00:00.000000,1,0,0,0,1,377.0,1
278502,hostaway,2026-03-23T00:00:00.000000,1,0,0,0,1,314.0,1
278502,hostaway,2026-03-24T00:00:00.000000,1,0,0,0,1,314.0,1
278502,hostaway,2026-03-25T00:00:00.000000,1,0,0,0,1,314.0,1
278502,hostaway,2026-03-26T00:00:00.000000,1,0,0,0,1,369.0,1
278502,hostaway,2026-03-27T00:00:00.000000,1,0,0,0,1,592.0,1
278502,hostaway,2026-03-28T00:00:00.000000,1,0,0,0,1,493.0,1
278502,hostaway,2026-03-29T00:00:00.000000,1,0,0,0,1,443.0,1
278502,hostaway,2026-03-30T00:00:00.000000,1,0,0,0,1,314.0,1
278502,hostaway,2026-03-31T00:00:00.000000,1,0,0,0,1,314.0,1
278502,hostaway,2026-04-01T00:00:00.000000,1,0,0,0,1,339.0,1
278502,hostaway,2026-04-02T00:00:00.000000,1,0,0,0,1,419.0,1
278502,hostaway,2026-04-03T00:00:00.000000,1,0,0,0,1,489.0,1
278502,hostaway,2026-04-04T00:00:00.000000,1,0,0,0,1,489.0,1
278502,hostaway,2026-04-05T00:00:00.000000,1,0,0,0,1,419.0,1
278502,hostaway,2026-04-06T00:00:00.000000,1,0,0,0,1,339.0,1
278502,hostaway,2026-04-07T00:00:00.000000,1,0,0,0,1,339.0,1
278502,hostaway,2026-04-08T00:00:00.000000,1,0,0,0,1,339.0,1
278502,hostaway,2026-04-09T00:00:00.000000,1,0,0,0,1,419.0,1
278502,hostaway,2026-04-10T00:00:00.000000,1,0,0,0,1,489.0,1
278502,hostaway,2026-04-11T00:00:00.000000,1,0,0,0,1,489.0,1
278502,hostaway,2026-04-12T00:00:00.000000,1,0,0,0,1,419.0,1
278502,hostaway,2026-04-13T00:00:00.000000,1,0,0,0,1,339.0,1
278502,hostaway,2026-04-14T00:00:00.000000,1,0,0,0,1,339.0,1
278502,hostaway,2026-04-15T00:00:00.000000,1,0,0,0,1,339.0,1
278502,hostaway,2026-04-16T00:00:00.000000,1,0,0,0,1,419.0,1
278502,hostaway,2026-04-17T00:00:00.000000,1,0,0,0,1,489.0,1
278502,hostaway,2026-04-18T00:00:00.000000,1,0,0,0,1,489.0,1
278502,hostaway,2026-04-19T00:00:00.000000,1,0,0,0,1,419.0,1
278502,hostaway,2026-04-20T00:00:00.000000,1,0,0,0,1,339.0,1
278502,hostaway,2026-04-21T00:00:00.000000,1,0,0,0,1,339.0,1
278502,hostaway,2026-04-22T00:00:00.000000,1,0,0,0,1,339.0,1
278502,hostaway,2026-04-23T00:00:00.000000,1,0,0,0,1,419.0,1
278502,hostaway,2026-04-24T00:00:00.000000,1,0,0,0,1,489.0,1
278502,hostaway,2026-04-25T00:00:00.000000,1,0,0,0,1,489.0,1
278502,hostaway,2026-04-26T00:00:00.000000,1,0,0,0,1,419.0,1
278502,hostaway,2026-04-27T00:00:00.000000,1,0,0,0,1,339.0,1
278502,hostaway,2026-04-28T00:00:00.000000,1,0,0,0,1,339.0,1
278502,hostaway,2026-04-29T00:00:00.000000,1,0,0,0,1,339.0,1
278502,hostaway,2026-04-30T00:00:00.000000,1,0,0,0,1,419.0,1
278502,hostaway,2026-05-01T00:00:00.000000,1,0,0,0,1,559.0,1
278502,hostaway,2026-05-02T00:00:00.000000,1,0,0,0,1,559.0,1
278502,hostaway,2026-05-03T00:00:00.000000,1,0,0,0,1,469.0,1
278502,hostaway,2026-05-04T00:00:00.000000,1,0,0,0,1,379.0,1
278502,hostaway,2026-05-05T00:00:00.000000,1,0,0,0,1,379.0,1
278502,hostaway,2026-05-06T00:00:00.000000,1,0,0,0,1,379.0,1
278502,hostaway,2026-05-07T00:00:00.000000,1,0,0,0,1,469.0,1
278502,hostaway,2026-05-08T00:00:00.000000,1,0,0,0,1,559.0,1
278502,hostaway,2026-05-09T00:00:00.000000,1,0,0,0,1,559.0,1
278502,hostaway,2026-05-10T00:00:00.000000,1,0,0,0,1,469.0,1
278502,hostaway,2026-05-11T00:00:00.000000,1,0,0,0,1,379.0,1
278502,hostaway,2026-05-12T00:00:00.000000,1,0,0,0,1,379.0,1
278502,hostaway,2026-05-13T00:00:00.000000,1,0,0,0,1,379.0,1
278502,hostaway,2026-05-14T00:00:00.000000,1,0,0,0,1,539.0,1
278502,hostaway,2026-05-15T00:00:00.000000,1,0,0,0,1,643.0,1
278502,hostaway,2026-05-16T00:00:00.000000,1,0,0,0,1,643.0,1
278502,hostaway,2026-05-17T00:00:00.000000,1,1,0,0,1,469.0,0
278502,hostaway,2026-05-18T00:00:00.000000,1,1,0,0,1,379.0,0
278502,hostaway,2026-05-19T00:00:00.000000,1,1,0,0,1,379.0,0
278502,hostaway,2026-05-20T00:00:00.000000,1,1,0,0,1,379.0,0
278502,hostaway,2026-05-21T00:00:00.000000,1,1,0,0,1,469.0,0
278502,hostaway,2026-05-22T00:00:00.000000,1,0,0,0,1,804.0,1
278502,hostaway,2026-05-23T00:00:00.000000,1,0,0,0,1,884.0,1
278502,hostaway,2026-05-24T00:00:00.000000,1,0,0,0,1,674.0,1
278502,hostaway,2026-05-25T00:00:00.000000,1,0,0,0,1,474.0,1
278502,hostaway,2026-05-26T00:00:00.000000,1,0,0,0,1,379.0,1
278502,hostaway,2026-05-27T00:00:00.000000,1,0,0,0,1,379.0,1
278502,hostaway,2026-05-28T00:00:00.000000,1,0,0,0,1,469.0,1
278502,hostaway,2026-05-29T00:00:00.000000,1,1,0,0,1,559.0,0
278502,hostaway,2026-05-30T00:00:00.000000,1,1,0,0,1,559.0,0
278502,hostaway,2026-05-31T00:00:00.000000,1,0,0,0,1,469.0,1
278502,hostaway,2026-06-01T00:00:00.000000,1,0,0,0,1,444.0,1
278502,hostaway,2026-06-02T00:00:00.000000,1,0,0,0,1,444.0,1
278502,hostaway,2026-06-03T00:00:00.000000,1,0,0,0,1,404.0,1
278502,hostaway,2026-06-04T00:00:00.000000,1,0,0,0,1,499.0,1
278502,hostaway,2026-06-05T00:00:00.000000,1,0,0,0,1,584.0,1
278502,hostaway,2026-06-06T00:00:00.000000,1,0,0,0,1,584.0,1
278502,hostaway,2026-06-07T00:00:00.000000,1,0,0,0,1,499.0,1
278502,hostaway,2026-06-08T00:00:00.000000,1,0,0,0,1,404.0,1
278502,hostaway,2026-06-09T00:00:00.000000,1,0,0,0,1,404.0,1
278502,hostaway,2026-06-10T00:00:00.000000,1,0,0,0,1,404.0,1
278502,hostaway,2026-06-11T00:00:00.000000,1,0,0,0,1,499.0,1
278502,hostaway,2026-06-12T00:00:00.000000,1,0,0,0,1,584.0,1
278502,hostaway,2026-06-13T00:00:00.000000,1,0,0,0,1,584.0,1
278502,hostaway,2026-06-14T00:00:00.000000,1,0,0,0,1,499.0,1
278502,hostaway,2026-06-15T00:00:00.000000,1,0,0,0,1,404.0,1
278502,hostaway,2026-06-16T00:00:00.000000,1,0,0,0,1,404.0,1
278502,hostaway,2026-06-17T00:00:00.000000,1,0,0,0,1,404.0,1
278502,hostaway,2026-06-18T00:00:00.000000,1,0,0,0,1,649.0,1
278502,hostaway,2026-06-19T00:00:00.000000,1,0,0,0,1,759.0,1
278502,hostaway,2026-06-20T00:00:00.000000,1,0,0,0,1,959.0,1
278502,hostaway,2026-06-21T00:00:00.000000,1,0,0,0,1,714.0,1
278502,hostaway,2026-06-22T00:00:00.000000,1,0,0,0,1,570.0,1
278502,hostaway,2026-06-23T00:00:00.000000,1,0,0,0,1,570.0,1
278502,hostaway,2026-06-24T00:00:00.000000,1,0,0,0,1,570.0,1
278502,hostaway,2026-06-25T00:00:00.000000,1,0,0,0,1,726.0,1
278502,hostaway,2026-06-26T00:00:00.000000,1,0,0,0,1,1371.0,1
278502,hostaway,2026-06-27T00:00:00.000000,1,0,0,0,1,1371.0,1
278502,hostaway,2026-06-28T00:00:00.000000,1,0,0,0,1,726.0,1
278502,hostaway,2026-06-29T00:00:00.000000,1,0,0,0,1,570.0,1
278502,hostaway,2026-06-30T00:00:00.000000,1,0,0,0,1,570.0,1
278502,hostaway,2026-07-01T00:00:00.000000,1,0,0,0,1,570.0,1
278502,hostaway,2026-07-02T00:00:00.000000,1,0,0,0,1,665.0,1
278502,hostaway,2026-07-03T00:00:00.000000,1,0,0,0,1,1370.0,1
278502,hostaway,2026-07-04T00:00:00.000000,1,0,0,0,1,1370.0,1
278502,hostaway,2026-07-05T00:00:00.000000,1,0,0,0,1,665.0,1
278502,hostaway,2026-07-06T00:00:00.000000,1,0,0,0,1,523.0,1
278502,hostaway,2026-07-07T00:00:00.000000,1,0,0,0,1,523.0,1
278502,hostaway,2026-07-08T00:00:00.000000,1,0,0,0,1,523.0,1
278502,hostaway,2026-07-09T00:00:00.000000,1,0,0,0,1,605.0,1
278502,hostaway,2026-07-10T00:00:00.000000,1,0,0,0,1,1246.0,1
278502,hostaway,2026-07-11T00:00:00.000000,1,0,0,0,1,1246.0,1
278502,hostaway,2026-07-12T00:00:00.000000,1,0,0,0,1,605.0,1
278502,hostaway,2026-07-13T00:00:00.000000,1,0,0,0,1,475.0,1
278502,hostaway,2026-07-14T00:00:00.000000,1,0,0,0,1,475.0,1
278502,hostaway,2026-07-15T00:00:00.000000,1,0,0,0,1,475.0,1
278502,hostaway,2026-07-16T00:00:00.000000,1,0,0,0,1,605.0,1
278502,hostaway,2026-07-17T00:00:00.000000,1,0,0,0,1,1246.0,1
278502,hostaway,2026-07-18T00:00:00.000000,1,0,0,0,1,1246.0,1
278502,hostaway,2026-07-19T00:00:00.000000,1,0,0,0,1,605.0,1
278502,hostaway,2026-07-20T00:00:00.000000,1,0,0,0,1,475.0,1
278502,hostaway,2026-07-21T00:00:00.000000,1,0,0,0,1,475.0,1
278502,hostaway,2026-07-22T00:00:00.000000,1,0,0,0,1,475.0,1
278502,hostaway,2026-07-23T00:00:00.000000,1,0,0,0,1,605.0,1
278502,hostaway,2026-07-24T00:00:00.000000,1,0,0,0,1,1246.0,1
278502,hostaway,2026-07-25T00:00:00.000000,1,0,0,0,1,1246.0,1
278502,hostaway,2026-07-26T00:00:00.000000,1,0,0,0,1,605.0,1
278502,hostaway,2026-07-27T00:00:00.000000,1,0,0,0,1,475.0,1
278502,hostaway,2026-07-28T00:00:00.000000,1,0,0,0,1,475.0,1
278502,hostaway,2026-07-29T00:00:00.000000,1,0,0,0,1,475.0,1
278502,hostaway,2026-07-30T00:00:00.000000,1,0,0,0,1,605.0,1
278502,hostaway,2026-07-31T00:00:00.000000,1,0,0,0,1,1246.0,1
278502,hostaway,2026-08-01T00:00:00.000000,1,0,0,0,1,1246.0,1
278502,hostaway,2026-08-02T00:00:00.000000,1,0,0,0,1,605.0,1
278502,hostaway,2026-08-03T00:00:00.000000,1,0,0,0,1,489.0,1
278502,hostaway,2026-08-04T00:00:00.000000,1,0,0,0,1,489.0,1
278502,hostaway,2026-08-05T00:00:00.000000,1,0,0,0,1,489.0,1
278502,hostaway,2026-08-06T00:00:00.000000,1,0,0,0,1,639.0,1
278502,hostaway,2026-08-07T00:00:00.000000,1,0,0,0,1,909.0,1
278502,hostaway,2026-08-08T00:00:00.000000,1,0,0,0,1,909.0,1
278502,hostaway,2026-08-09T00:00:00.000000,1,0,0,0,1,639.0,1
278502,hostaway,2026-08-10T00:00:00.000000,1,0,0,0,1,489.0,1
278502,hostaway,2026-08-11T00:00:00.000000,1,0,0,0,1,489.0,1
278502,hostaway,2026-08-12T00:00:00.000000,1,0,0,0,1,489.0,1
278502,hostaway,2026-08-13T00:00:00.000000,1,0,0,0,1,639.0,1
278502,hostaway,2026-08-14T00:00:00.000000,1,0,0,0,1,909.0,1
278502,hostaway,2026-08-15T00:00:00.000000,1,0,0,0,1,909.0,1
278502,hostaway,2026-08-16T00:00:00.000000,1,0,0,0,1,639.0,1
278502,hostaway,2026-08-17T00:00:00.000000,1,0,0,0,1,489.0,1
278502,hostaway,2026-08-18T00:00:00.000000,1,0,0,0,1,489.0,1
278502,hostaway,2026-08-19T00:00:00.000000,1,0,0,0,1,489.0,1
278502,hostaway,2026-08-20T00:00:00.000000,1,0,0,0,1,639.0,1
278502,hostaway,2026-08-21T00:00:00.000000,1,0,0,0,1,909.0,1
278502,hostaway,2026-08-22T00:00:00.000000,1,0,0,0,1,909.0,1
278502,hostaway,2026-08-23T00:00:00.000000,1,0,0,0,1,639.0,1
278502,hostaway,2026-08-24T00:00:00.000000,1,0,0,0,1,489.0,1
278502,hostaway,2026-08-25T00:00:00.000000,1,0,0,0,1,489.0,1
278502,hostaway,2026-08-26T00:00:00.000000,1,0,0,0,1,489.0,1
278502,hostaway,2026-08-27T00:00:00.000000,1,0,0,0,1,639.0,1
278502,hostaway,2026-08-28T00:00:00.000000,1,0,0,0,1,909.0,1
278502,hostaway,2026-08-29T00:00:00.000000,1,0,0,0,1,909.0,1
278502,hostaway,2026-08-30T00:00:00.000000,1,0,0,0,1,639.0,1
278502,hostaway,2026-08-31T00:00:00.000000,1,0,0,0,1,489.0,1
278502,hostaway,2026-09-01T00:00:00.000000,1,0,0,0,1,440.0,1
278502,hostaway,2026-09-02T00:00:00.000000,1,0,0,0,1,440.0,1
278502,hostaway,2026-09-03T00:00:00.000000,1,0,0,0,1,575.0,1
278502,hostaway,2026-09-04T00:00:00.000000,1,0,0,0,1,981.0,1
278502,hostaway,2026-09-05T00:00:00.000000,1,0,0,0,1,981.0,1
278502,hostaway,2026-09-06T00:00:00.000000,1,0,0,0,1,690.0,1
278502,hostaway,2026-09-07T00:00:00.000000,1,0,0,0,1,528.0,1
278502,hostaway,2026-09-08T00:00:00.000000,1,0,0,0,1,440.0,1
278502,hostaway,2026-09-09T00:00:00.000000,1,0,0,0,1,440.0,1
278502,hostaway,2026-09-10T00:00:00.000000,1,0,0,0,1,575.0,1
278502,hostaway,2026-09-11T00:00:00.000000,1,0,0,0,1,818.0,1
278502,hostaway,2026-09-12T00:00:00.000000,1,0,0,0,1,818.0,1
278502,hostaway,2026-09-13T00:00:00.000000,1,0,0,0,1,575.0,1
278502,hostaway,2026-09-14T00:00:00.000000,1,0,0,0,1,440.0,1
278502,hostaway,2026-09-15T00:00:00.000000,1,0,0,0,1,440.0,1
278502,hostaway,2026-09-16T00:00:00.000000,1,0,0,0,1,440.0,1
278502,hostaway,2026-09-17T00:00:00.000000,1,0,0,0,1,575.0,1
278502,hostaway,2026-09-18T00:00:00.000000,1,0,0,0,1,818.0,1
278502,hostaway,2026-09-19T00:00:00.000000,1,0,0,0,1,818.0,1
278502,hostaway,2026-09-20T00:00:00.000000,1,0,0,0,1,575.0,1
278502,hostaway,2026-09-21T00:00:00.000000,1,0,0,0,1,440.0,1
278502,hostaway,2026-09-22T00:00:00.000000,1,0,0,0,1,440.0,1
278502,hostaway,2026-09-23T00:00:00.000000,1,0,0,0,1,440.0,1
278502,hostaway,2026-09-24T00:00:00.000000,1,0,0,0,1,575.0,1
278502,hostaway,2026-09-25T00:00:00.000000,1,0,0,0,1,818.0,1
278502,hostaway,2026-09-26T00:00:00.000000,1,0,0,0,1,818.0,1
278502,hostaway,2026-09-27T00:00:00.000000,1,0,0,0,1,575.0,1
278502,hostaway,2026-09-28T00:00:00.000000,1,0,0,0,1,440.0,1
278502,hostaway,2026-09-29T00:00:00.000000,1,0,0,0,1,440.0,1
278502,hostaway,2026-09-30T00:00:00.000000,1,0,0,0,1,440.0,1
278502,hostaway,2026-10-01T00:00:00.000000,1,0,0,0,1,517.0,1
278502,hostaway,2026-10-02T00:00:00.000000,1,0,0,0,1,736.0,1
278502,hostaway,2026-10-03T00:00:00.000000,1,0,0,0,1,736.0,1
278502,hostaway,2026-10-04T00:00:00.000000,1,0,0,0,1,517.0,1
278502,hostaway,2026-10-05T00:00:00.000000,1,0,0,0,1,396.0,1
278502,hostaway,2026-10-06T00:00:00.000000,1,0,0,0,1,396.0,1
278502,hostaway,2026-10-07T00:00:00.000000,1,0,0,0,1,396.0,1
278502,hostaway,2026-10-08T00:00:00.000000,1,0,0,0,1,517.0,1
278502,hostaway,2026-10-09T00:00:00.000000,1,0,0,0,1,736.0,1
278502,hostaway,2026-10-10T00:00:00.000000,1,0,0,0,1,736.0,1
278502,hostaway,2026-10-11T00:00:00.000000,1,0,0,0,1,517.0,1
278502,hostaway,2026-10-12T00:00:00.000000,1,0,0,0,1,396.0,1
278502,hostaway,2026-10-13T00:00:00.000000,1,0,0,0,1,396.0,1
278502,hostaway,2026-10-14T00:00:00.000000,1,0,0,0,1,396.0,1
278502,hostaway,2026-10-15T00:00:00.000000,1,0,0,0,1,517.0,1
278502,hostaway,2026-10-16T00:00:00.000000,1,0,0,0,1,736.0,1
278502,hostaway,2026-10-17T00:00:00.000000,1,0,0,0,1,736.0,1
278502,hostaway,2026-10-18T00:00:00.000000,1,0,0,0,1,517.0,1
278502,hostaway,2026-10-19T00:00:00.000000,1,0,0,0,1,396.0,1
278502,hostaway,2026-10-20T00:00:00.000000,1,0,0,0,1,396.0,1
278502,hostaway,2026-10-21T00:00:00.000000,1,0,0,0,1,396.0,1
278502,hostaway,2026-10-22T00:00:00.000000,1,0,0,0,1,517.0,1
278502,hostaway,2026-10-23T00:00:00.000000,1,0,0,0,1,736.0,1
278502,hostaway,2026-10-24T00:00:00.000000,1,0,0,0,1,736.0,1
278502,hostaway,2026-10-25T00:00:00.000000,1,0,0,0,1,517.0,1
278502,hostaway,2026-10-26T00:00:00.000000,1,0,0,0,1,396.0,1
278502,hostaway,2026-10-27T00:00:00.000000,1,0,0,0,1,396.0,1
278502,hostaway,2026-10-28T00:00:00.000000,1,0,0,0,1,396.0,1
278502,hostaway,2026-10-29T00:00:00.000000,1,0,0,0,1,517.0,1
278502,hostaway,2026-10-30T00:00:00.000000,1,0,0,0,1,736.0,1
278502,hostaway,2026-10-31T00:00:00.000000,1,0,0,0,1,736.0,1
278502,hostaway,2026-11-01T00:00:00.000000,1,0,0,0,1,466.0,1
278502,hostaway,2026-11-02T00:00:00.000000,1,0,0,0,1,356.0,1
278502,hostaway,2026-11-03T00:00:00.000000,1,0,0,0,1,356.0,1
278502,hostaway,2026-11-04T00:00:00.000000,1,0,0,0,1,356.0,1
278502,hostaway,2026-11-05T00:00:00.000000,1,0,0,0,1,466.0,1
278502,hostaway,2026-11-06T00:00:00.000000,1,0,0,0,1,662.0,1
278502,hostaway,2026-11-07T00:00:00.000000,1,0,0,0,1,662.0,1
278502,hostaway,2026-11-08T00:00:00.000000,1,0,0,0,1,466.0,1
278502,hostaway,2026-11-09T00:00:00.000000,1,0,0,0,1,356.0,1
278502,hostaway,2026-11-10T00:00:00.000000,1,0,0,0,1,356.0,1
278502,hostaway,2026-11-11T00:00:00.000000,1,0,0,0,1,356.0,1
278502,hostaway,2026-11-12T00:00:00.000000,1,0,0,0,1,466.0,1
278502,hostaway,2026-11-13T00:00:00.000000,1,0,0,0,1,662.0,1
278502,hostaway,2026-11-14T00:00:00.000000,1,0,0,0,1,662.0,1
278502,hostaway,2026-11-15T00:00:00.000000,1,0,0,0,1,466.0,1
278502,hostaway,2026-11-16T00:00:00.000000,1,0,0,0,1,356.0,1
278502,hostaway,2026-11-17T00:00:00.000000,1,0,0,0,1,356.0,1
278502,hostaway,2026-11-18T00:00:00.000000,1,0,0,0,1,356.0,1
278502,hostaway,2026-11-19T00:00:00.000000,1,0,0,0,1,466.0,1
278502,hostaway,2026-11-20T00:00:00.000000,1,0,0,0,1,662.0,1
278502,hostaway,2026-11-21T00:00:00.000000,1,0,0,0,1,662.0,1
278502,hostaway,2026-11-22T00:00:00.000000,1,0,0,0,1,466.0,1
278502,hostaway,2026-11-23T00:00:00.000000,1,0,0,0,1,356.0,1
278502,hostaway,2026-11-24T00:00:00.000000,1,0,0,0,1,356.0,1
278502,hostaway,2026-11-25T00:00:00.000000,1,0,0,0,1,356.0,1
278502,hostaway,2026-11-26T00:00:00.000000,1,0,0,0,1,652.0,1
278502,hostaway,2026-11-27T00:00:00.000000,1,0,0,0,1,662.0,1
278502,hostaway,2026-11-28T00:00:00.000000,1,0,0,0,1,662.0,1
278502,hostaway,2026-11-29T00:00:00.000000,1,0,0,0,1,466.0,1
278502,hostaway,2026-11-30T00:00:00.000000,1,0,0,0,1,356.0,1
278502,hostaway,2026-12-01T00:00:00.000000,1,0,0,0,1,321.0,1
278502,hostaway,2026-12-02T00:00:00.000000,1,0,0,0,1,321.0,1
278502,hostaway,2026-12-03T00:00:00.000000,1,0,0,0,1,419.0,1
278502,hostaway,2026-12-04T00:00:00.000000,1,0,0,0,1,596.0,1
278502,hostaway,2026-12-05T00:00:00.000000,1,0,0,0,1,596.0,1
278502,hostaway,2026-12-06T00:00:00.000000,1,0,0,0,1,419.0,1
278502,hostaway,2026-12-07T00:00:00.000000,1,0,0,0,1,321.0,1
278502,hostaway,2026-12-08T00:00:00.000000,1,0,0,0,1,321.0,1
278502,hostaway,2026-12-09T00:00:00.000000,1,0,0,0,1,321.0,1
278502,hostaway,2026-12-10T00:00:00.000000,1,0,0,0,1,419.0,1
278502,hostaway,2026-12-11T00:00:00.000000,1,0,0,0,1,596.0,1
278502,hostaway,2026-12-12T00:00:00.000000,1,0,0,0,1,596.0,1
278502,hostaway,2026-12-13T00:00:00.000000,1,0,0,0,1,419.0,1
278502,hostaway,2026-12-14T00:00:00.000000,1,0,0,0,1,321.0,1
278502,hostaway,2026-12-15T00:00:00.000000,1,0,0,0,1,321.0,1
278502,hostaway,2026-12-16T00:00:00.000000,1,0,0,0,1,321.0,1
278502,hostaway,2026-12-17T00:00:00.000000,1,0,0,0,1,503.0,1
278502,hostaway,2026-12-18T00:00:00.000000,1,0,0,0,1,715.0,1
278502,hostaway,2026-12-19T00:00:00.000000,1,0,0,0,1,715.0,1
278502,hostaway,2026-12-20T00:00:00.000000,1,0,0,0,1,503.0,1
278502,hostaway,2026-12-21T00:00:00.000000,1,0,0,0,1,385.0,1
278502,hostaway,2026-12-22T00:00:00.000000,1,0,0,0,1,385.0,1
278502,hostaway,2026-12-23T00:00:00.000000,1,0,0,0,1,385.0,1
278502,hostaway,2026-12-24T00:00:00.000000,1,0,0,0,1,587.0,1
278502,hostaway,2026-12-25T00:00:00.000000,1,0,0,0,1,1073.0,1
278502,hostaway,2026-12-26T00:00:00.000000,1,0,0,0,1,1073.0,1
278502,hostaway,2026-12-27T00:00:00.000000,1,0,0,0,1,419.0,1
278502,hostaway,2026-12-28T00:00:00.000000,1,0,0,0,1,321.0,1
278502,hostaway,2026-12-29T00:00:00.000000,1,0,0,0,1,321.0,1
278502,hostaway,2026-12-30T00:00:00.000000,1,0,0,0,1,1283.0,1
278502,hostaway,2026-12-31T00:00:00.000000,1,0,0,0,1,1283.0,1
278502,hostaway,2027-01-01T00:00:00.000000,1,0,0,0,1,477.0,1
278502,hostaway,2027-01-02T00:00:00.000000,1,0,0,0,1,477.0,1
278502,hostaway,2027-01-03T00:00:00.000000,1,0,0,0,1,398.0,1
345316,hostaway,2026-02-02T00:00:00.000000,1,0,0,0,1,352.0,1
345316,hostaway,2026-02-03T00:00:00.000000,1,1,0,0,1,300.0,0
345316,hostaway,2026-02-04T00:00:00.000000,1,0,0,0,1,300.0,1
345316,hostaway,2026-02-05T00:00:00.000000,1,0,0,0,1,320.0,1
345316,hostaway,2026-02-06T00:00:00.000000,1,0,0,0,1,428.0,1
345316,hostaway,2026-02-07T00:00:00.000000,1,0,0,0,1,475.0,1
345316,hostaway,2026-02-08T00:00:00.000000,1,0,0,0,1,320.0,1
345316,hostaway,2026-02-09T00:00:00.000000,1,0,0,0,1,300.0,1
345316,hostaway,2026-02-10T00:00:00.000000,1,0,0,0,1,300.0,1
345316,hostaway,2026-02-11T00:00:00.000000,1,0,0,0,1,330.0,1
345316,hostaway,2026-02-12T00:00:00.000000,1,1,0,0,1,400.0,0
345316,hostaway,2026-02-13T00:00:00.000000,1,1,0,0,1,546.0,0
345316,hostaway,2026-02-14T00:00:00.000000,1,1,0,0,1,546.0,0
345316,hostaway,2026-02-15T00:00:00.000000,1,1,0,0,1,460.0,0
345316,hostaway,2026-02-16T00:00:00.000000,1,1,0,0,1,405.0,0
345316,hostaway,2026-02-17T00:00:00.000000,1,0,0,0,1,405.0,1
345316,hostaway,2026-02-18T00:00:00.000000,1,0,0,0,1,352.0,1
345316,hostaway,2026-02-19T00:00:00.000000,1,0,0,0,1,387.0,1
345316,hostaway,2026-02-20T00:00:00.000000,1,1,0,0,1,475.0,0
345316,hostaway,2026-02-21T00:00:00.000000,1,1,0,0,1,475.0,0
345316,hostaway,2026-02-22T00:00:00.000000,1,0,0,0,1,400.0,1
345316,hostaway,2026-02-23T00:00:00.000000,1,0,0,0,1,352.0,1
345316,hostaway,2026-02-24T00:00:00.000000,1,0,0,0,1,352.0,1
345316,hostaway,2026-02-25T00:00:00.000000,1,0,0,0,1,352.0,1
345316,hostaway,2026-02-26T00:00:00.000000,1,0,0,0,1,400.0,1
345316,hostaway,2026-02-27T00:00:00.000000,1,0,0,0,1,475.0,1
345316,hostaway,2026-02-28T00:00:00.000000,1,0,0,0,1,475.0,1
345316,hostaway,2026-03-01T00:00:00.000000,1,0,0,0,1,465.0,1
345316,hostaway,2026-03-02T00:00:00.000000,1,0,0,0,1,398.0,1
345316,hostaway,2026-03-03T00:00:00.000000,1,0,0,0,1,398.0,1
345316,hostaway,2026-03-04T00:00:00.000000,1,0,0,0,1,398.0,1
345316,hostaway,2026-03-05T00:00:00.000000,1,0,0,0,1,437.0,1
345316,hostaway,2026-03-06T00:00:00.000000,1,1,0,0,1,613.0,0
345316,hostaway,2026-03-07T00:00:00.000000,1,1,0,0,1,613.0,0
345316,hostaway,2026-03-08T00:00:00.000000,1,1,0,0,1,535.0,0
345316,hostaway,2026-03-09T00:00:00.000000,1,0,0,0,1,398.0,1
345316,hostaway,2026-03-10T00:00:00.000000,1,0,0,0,1,398.0,1
345316,hostaway,2026-03-11T00:00:00.000000,1,0,0,0,1,398.0,1
345316,hostaway,2026-03-12T00:00:00.000000,1,0,0,0,1,437.0,1
345316,hostaway,2026-03-13T00:00:00.000000,1,1,0,0,1,640.0,0
345316,hostaway,2026-03-14T00:00:00.000000,1,1,0,0,1,640.0,0
345316,hostaway,2026-03-15T00:00:00.000000,1,1,0,0,1,558.0,0
345316,hostaway,2026-03-16T00:00:00.000000,1,1,0,0,1,478.0,0
345316,hostaway,2026-03-17T00:00:00.000000,1,1,0,0,1,478.0,0
345316,hostaway,2026-03-18T00:00:00.000000,1,1,0,0,1,478.0,0
345316,hostaway,2026-03-19T00:00:00.000000,1,1,0,0,1,640.0,0
345316,hostaway,2026-03-20T00:00:00.000000,1,1,0,0,1,640.0,0
345316,hostaway,2026-03-21T00:00:00.000000,1,1,0,0,1,640.0,0
345316,hostaway,2026-03-22T00:00:00.000000,1,1,0,0,1,478.0,0
345316,hostaway,2026-03-23T00:00:00.000000,1,0,0,0,1,398.0,1
345316,hostaway,2026-03-24T00:00:00.000000,1,0,0,0,1,398.0,1
345316,hostaway,2026-03-25T00:00:00.000000,1,0,0,0,1,398.0,1
345316,hostaway,2026-03-26T00:00:00.000000,1,0,0,0,1,437.0,1
345316,hostaway,2026-03-27T00:00:00.000000,1,1,0,0,1,533.0,0
345316,hostaway,2026-03-28T00:00:00.000000,1,1,0,0,1,533.0,0
345316,hostaway,2026-03-29T00:00:00.000000,1,0,0,0,1,477.0,1
345316,hostaway,2026-03-30T00:00:00.000000,1,1,0,0,1,398.0,0
345316,hostaway,2026-03-31T00:00:00.000000,1,1,0,0,1,398.0,0
345316,hostaway,2026-04-01T00:00:00.000000,1,1,0,0,1,427.0,0
345316,hostaway,2026-04-02T00:00:00.000000,1,1,0,0,1,515.0,0
345316,hostaway,2026-04-03T00:00:00.000000,1,1,0,0,1,601.0,0
345316,hostaway,2026-04-04T00:00:00.000000,1,1,0,0,1,601.0,0
345316,hostaway,2026-04-05T00:00:00.000000,1,0,0,0,1,512.0,1
345316,hostaway,2026-04-06T00:00:00.000000,1,0,0,0,1,427.0,1
345316,hostaway,2026-04-07T00:00:00.000000,1,0,0,0,1,427.0,1
345316,hostaway,2026-04-08T00:00:00.000000,1,1,0,0,1,427.0,0
345316,hostaway,2026-04-09T00:00:00.000000,1,1,0,0,1,515.0,0
345316,hostaway,2026-04-10T00:00:00.000000,1,0,0,0,1,601.0,1
345316,hostaway,2026-04-11T00:00:00.000000,1,0,0,0,1,601.0,1
345316,hostaway,2026-04-12T00:00:00.000000,1,0,0,0,1,515.0,1
345316,hostaway,2026-04-13T00:00:00.000000,1,0,0,0,1,427.0,1
345316,hostaway,2026-04-14T00:00:00.000000,1,0,0,0,1,427.0,1
345316,hostaway,2026-04-15T00:00:00.000000,1,0,0,0,1,427.0,1
345316,hostaway,2026-04-16T00:00:00.000000,1,0,0,0,1,515.0,1
345316,hostaway,2026-04-17T00:00:00.000000,1,0,0,0,1,601.0,1
345316,hostaway,2026-04-18T00:00:00.000000,1,0,0,0,1,601.0,1
345316,hostaway,2026-04-19T00:00:00.000000,1,1,0,0,1,515.0,0
345316,hostaway,2026-04-20T00:00:00.000000,1,1,0,0,1,427.0,0
345316,hostaway,2026-04-21T00:00:00.000000,1,1,0,0,1,427.0,0
345316,hostaway,2026-04-22T00:00:00.000000,1,1,0,0,1,427.0,0
345316,hostaway,2026-04-23T00:00:00.000000,1,0,0,0,1,515.0,1
345316,hostaway,2026-04-24T00:00:00.000000,1,0,0,0,1,601.0,1
345316,hostaway,2026-04-25T00:00:00.000000,1,0,0,0,1,601.0,1
345316,hostaway,2026-04-26T00:00:00.000000,1,0,0,0,1,515.0,1
345316,hostaway,2026-04-27T00:00:00.000000,1,0,0,0,1,427.0,1
345316,hostaway,2026-04-28T00:00:00.000000,1,0,0,0,1,427.0,1
345316,hostaway,2026-04-29T00:00:00.000000,1,0,0,0,1,427.0,1
345316,hostaway,2026-04-30T00:00:00.000000,1,0,0,0,1,515.0,1
345316,hostaway,2026-05-01T00:00:00.000000,1,0,0,0,1,647.0,1
345316,hostaway,2026-05-02T00:00:00.000000,1,0,0,0,1,647.0,1
345316,hostaway,2026-05-03T00:00:00.000000,1,0,0,0,1,541.0,1
345316,hostaway,2026-05-04T00:00:00.000000,1,0,0,0,1,459.0,1
345316,hostaway,2026-05-05T00:00:00.000000,1,0,0,0,1,459.0,1
345316,hostaway,2026-05-06T00:00:00.000000,1,0,0,0,1,459.0,1
345316,hostaway,2026-05-07T00:00:00.000000,1,0,0,0,1,541.0,1
345316,hostaway,2026-05-08T00:00:00.000000,1,0,0,0,1,647.0,1
345316,hostaway,2026-05-09T00:00:00.000000,1,0,0,0,1,647.0,1
345316,hostaway,2026-05-10T00:00:00.000000,1,0,0,0,1,541.0,1
345316,hostaway,2026-05-11T00:00:00.000000,1,0,0,0,1,459.0,1
345316,hostaway,2026-05-12T00:00:00.000000,1,0,0,0,1,459.0,1
345316,hostaway,2026-05-13T00:00:00.000000,1,0,0,0,1,459.0,1
345316,hostaway,2026-05-14T00:00:00.000000,1,0,0,0,1,622.0,1
345316,hostaway,2026-05-15T00:00:00.000000,1,0,0,0,1,744.0,1
345316,hostaway,2026-05-16T00:00:00.000000,1,0,0,0,1,744.0,1
345316,hostaway,2026-05-17T00:00:00.000000,1,0,0,0,1,622.0,1
345316,hostaway,2026-05-18T00:00:00.000000,1,1,0,0,1,459.0,0
345316,hostaway,2026-05-19T00:00:00.000000,1,1,0,0,1,459.0,0
345316,hostaway,2026-05-20T00:00:00.000000,1,1,0,0,1,459.0,0
345316,hostaway,2026-05-21T00:00:00.000000,1,0,0,0,1,622.0,1
345316,hostaway,2026-05-22T00:00:00.000000,1,0,0,0,1,930.0,1
345316,hostaway,2026-05-23T00:00:00.000000,1,0,0,0,1,1024.0,1
345316,hostaway,2026-05-24T00:00:00.000000,1,0,0,0,1,777.0,1
345316,hostaway,2026-05-25T00:00:00.000000,1,0,0,0,1,574.0,1
345316,hostaway,2026-05-26T00:00:00.000000,1,0,0,0,1,459.0,1
345316,hostaway,2026-05-27T00:00:00.000000,1,0,0,0,1,459.0,1
345316,hostaway,2026-05-28T00:00:00.000000,1,0,0,0,1,541.0,1
345316,hostaway,2026-05-29T00:00:00.000000,1,0,0,0,1,647.0,1
345316,hostaway,2026-05-30T00:00:00.000000,1,0,0,0,1,647.0,1
345316,hostaway,2026-05-31T00:00:00.000000,1,1,0,0,1,541.0,0
345316,hostaway,2026-06-01T00:00:00.000000,1,1,0,0,1,488.0,0
345316,hostaway,2026-06-02T00:00:00.000000,1,1,0,0,1,488.0,0
345316,hostaway,2026-06-03T00:00:00.000000,1,0,0,0,1,488.0,1
345316,hostaway,2026-06-04T00:00:00.000000,1,0,0,0,1,579.0,1
345316,hostaway,2026-06-05T00:00:00.000000,1,0,0,0,1,668.0,1
345316,hostaway,2026-06-06T00:00:00.000000,1,0,0,0,1,668.0,1
345316,hostaway,2026-06-07T00:00:00.000000,1,0,0,0,1,579.0,1
345316,hostaway,2026-06-08T00:00:00.000000,1,0,0,0,1,488.0,1
345316,hostaway,2026-06-09T00:00:00.000000,1,0,0,0,1,488.0,1
345316,hostaway,2026-06-10T00:00:00.000000,1,0,0,0,1,488.0,1
345316,hostaway,2026-06-11T00:00:00.000000,1,1,0,0,1,579.0,0
345316,hostaway,2026-06-12T00:00:00.000000,1,1,0,0,1,668.0,0
345316,hostaway,2026-06-13T00:00:00.000000,1,1,0,0,1,668.0,0
345316,hostaway,2026-06-14T00:00:00.000000,1,0,0,0,1,579.0,1
345316,hostaway,2026-06-15T00:00:00.000000,1,0,0,0,1,488.0,1
345316,hostaway,2026-06-16T00:00:00.000000,1,0,0,0,1,488.0,1
345316,hostaway,2026-06-17T00:00:00.000000,1,1,0,0,1,488.0,0
345316,hostaway,2026-06-18T00:00:00.000000,1,1,0,0,1,579.0,0
345316,hostaway,2026-06-19T00:00:00.000000,1,0,0,0,1,868.0,1
345316,hostaway,2026-06-20T00:00:00.000000,1,1,0,0,1,668.0,0
345316,hostaway,2026-06-21T00:00:00.000000,1,1,0,0,1,579.0,0
345316,hostaway,2026-06-22T00:00:00.000000,1,0,0,0,1,718.0,1
345316,hostaway,2026-06-23T00:00:00.000000,1,0,0,0,1,718.0,1
345316,hostaway,2026-06-24T00:00:00.000000,1,0,0,0,1,718.0,1
345316,hostaway,2026-06-25T00:00:00.000000,1,0,0,0,1,980.0,1
345316,hostaway,2026-06-26T00:00:00.000000,1,0,0,0,1,1683.0,1
345316,hostaway,2026-06-27T00:00:00.000000,1,0,0,0,1,1683.0,1
345316,hostaway,2026-06-28T00:00:00.000000,1,0,0,0,1,980.0,1
345316,hostaway,2026-06-29T00:00:00.000000,1,0,0,0,1,718.0,1
345316,hostaway,2026-06-30T00:00:00.000000,1,0,0,0,1,718.0,1
345316,hostaway,2026-07-01T00:00:00.000000,1,0,0,0,1,718.0,1
345316,hostaway,2026-07-02T00:00:00.000000,1,0,0,0,1,900.0,1
345316,hostaway,2026-07-03T00:00:00.000000,1,0,0,0,1,1682.0,1
345316,hostaway,2026-07-04T00:00:00.000000,1,1,0,0,1,1682.0,0
345316,hostaway,2026-07-05T00:00:00.000000,1,1,0,0,1,900.0,0
345316,hostaway,2026-07-06T00:00:00.000000,1,1,0,0,1,598.0,0
345316,hostaway,2026-07-07T00:00:00.000000,1,0,0,0,1,598.0,1
345316,hostaway,2026-07-08T00:00:00.000000,1,0,0,0,1,598.0,1
345316,hostaway,2026-07-09T00:00:00.000000,1,0,0,0,1,817.0,1
345316,hostaway,2026-07-10T00:00:00.000000,1,0,0,0,1,1530.0,1
345316,hostaway,2026-07-11T00:00:00.000000,1,0,0,0,1,1530.0,1
345316,hostaway,2026-07-12T00:00:00.000000,1,0,0,0,1,817.0,1
345316,hostaway,2026-07-13T00:00:00.000000,1,0,0,0,1,598.0,1
345316,hostaway,2026-07-14T00:00:00.000000,1,0,0,0,1,598.0,1
345316,hostaway,2026-07-15T00:00:00.000000,1,0,0,0,1,598.0,1
345316,hostaway,2026-07-16T00:00:00.000000,1,0,0,0,1,817.0,1
345316,hostaway,2026-07-17T00:00:00.000000,1,0,0,0,1,1530.0,1
345316,hostaway,2026-07-18T00:00:00.000000,1,0,0,0,1,1530.0,1
345316,hostaway,2026-07-19T00:00:00.000000,1,0,0,0,1,817.0,1
345316,hostaway,2026-07-20T00:00:00.000000,1,0,0,0,1,598.0,1
345316,hostaway,2026-07-21T00:00:00.000000,1,0,0,0,1,598.0,1
345316,hostaway,2026-07-22T00:00:00.000000,1,0,0,0,1,598.0,1
345316,hostaway,2026-07-23T00:00:00.000000,1,0,0,0,1,817.0,1
345316,hostaway,2026-07-24T00:00:00.000000,1,0,0,0,1,1530.0,1
345316,hostaway,2026-07-25T00:00:00.000000,1,0,0,0,1,1530.0,1
345316,hostaway,2026-07-26T00:00:00.000000,1,0,0,0,1,817.0,1
345316,hostaway,2026-07-27T00:00:00.000000,1,0,0,0,1,598.0,1
345316,hostaway,2026-07-28T00:00:00.000000,1,0,0,0,1,598.0,1
345316,hostaway,2026-07-29T00:00:00.000000,1,0,0,0,1,598.0,1
345316,hostaway,2026-07-30T00:00:00.000000,1,0,0,0,1,817.0,1
345316,hostaway,2026-07-31T00:00:00.000000,1,0,0,0,1,1530.0,1
345316,hostaway,2026-08-01T00:00:00.000000,1,0,0,0,1,1530.0,1
345316,hostaway,2026-08-02T00:00:00.000000,1,0,0,0,1,817.0,1
345316,hostaway,2026-08-03T00:00:00.000000,1,0,0,0,1,514.0,1
345316,hostaway,2026-08-04T00:00:00.000000,1,0,0,0,1,514.0,1
345316,hostaway,2026-08-05T00:00:00.000000,1,0,0,0,1,514.0,1
345316,hostaway,2026-08-06T00:00:00.000000,1,0,0,0,1,672.0,1
345316,hostaway,2026-08-07T00:00:00.000000,1,0,0,0,1,956.0,1
345316,hostaway,2026-08-08T00:00:00.000000,1,0,0,0,1,956.0,1
345316,hostaway,2026-08-09T00:00:00.000000,1,0,0,0,1,672.0,1
345316,hostaway,2026-08-10T00:00:00.000000,1,0,0,0,1,514.0,1
345316,hostaway,2026-08-11T00:00:00.000000,1,0,0,0,1,514.0,1
345316,hostaway,2026-08-12T00:00:00.000000,1,0,0,0,1,514.0,1
345316,hostaway,2026-08-13T00:00:00.000000,1,0,0,0,1,672.0,1
345316,hostaway,2026-08-14T00:00:00.000000,1,0,0,0,1,956.0,1
345316,hostaway,2026-08-15T00:00:00.000000,1,0,0,0,1,956.0,1
345316,hostaway,2026-08-16T00:00:00.000000,1,0,0,0,1,672.0,1
345316,hostaway,2026-08-17T00:00:00.000000,1,0,0,0,1,514.0,1
345316,hostaway,2026-08-18T00:00:00.000000,1,0,0,0,1,514.0,1
345316,hostaway,2026-08-19T00:00:00.000000,1,0,0,0,1,514.0,1
345316,hostaway,2026-08-20T00:00:00.000000,1,0,0,0,1,672.0,1
345316,hostaway,2026-08-21T00:00:00.000000,1,0,0,0,1,956.0,1
345316,hostaway,2026-08-22T00:00:00.000000,1,0,0,0,1,956.0,1
345316,hostaway,2026-08-23T00:00:00.000000,1,0,0,0,1,672.0,1
345316,hostaway,2026-08-24T00:00:00.000000,1,0,0,0,1,514.0,1
345316,hostaway,2026-08-25T00:00:00.000000,1,0,0,0,1,514.0,1
345316,hostaway,2026-08-26T00:00:00.000000,1,0,0,0,1,514.0,1
345316,hostaway,2026-08-27T00:00:00.000000,1,0,0,0,1,672.0,1
345316,hostaway,2026-08-28T00:00:00.000000,1,0,0,0,1,956.0,1
345316,hostaway,2026-08-29T00:00:00.000000,1,0,0,0,1,956.0,1
345316,hostaway,2026-08-30T00:00:00.000000,1,0,0,0,1,672.0,1
345316,hostaway,2026-08-31T00:00:00.000000,1,0,0,0,1,514.0,1
345316,hostaway,2026-09-01T00:00:00.000000,1,0,0,0,1,463.0,1
345316,hostaway,2026-09-02T00:00:00.000000,1,0,0,0,1,463.0,1
345316,hostaway,2026-09-03T00:00:00.000000,1,0,0,0,1,605.0,1
345316,hostaway,2026-09-04T00:00:00.000000,1,1,0,0,1,1033.0,0
345316,hostaway,2026-09-05T00:00:00.000000,1,1,0,0,1,1033.0,0
345316,hostaway,2026-09-06T00:00:00.000000,1,1,0,0,1,726.0,0
345316,hostaway,2026-09-07T00:00:00.000000,1,0,0,0,1,556.0,1
345316,hostaway,2026-09-08T00:00:00.000000,1,0,0,0,1,463.0,1
345316,hostaway,2026-09-09T00:00:00.000000,1,0,0,0,1,463.0,1
345316,hostaway,2026-09-10T00:00:00.000000,1,0,0,0,1,605.0,1
345316,hostaway,2026-09-11T00:00:00.000000,1,0,0,0,1,861.0,1
345316,hostaway,2026-09-12T00:00:00.000000,1,0,0,0,1,861.0,1
345316,hostaway,2026-09-13T00:00:00.000000,1,0,0,0,1,605.0,1
345316,hostaway,2026-09-14T00:00:00.000000,1,0,0,0,1,463.0,1
345316,hostaway,2026-09-15T00:00:00.000000,1,0,0,0,1,463.0,1
345316,hostaway,2026-09-16T00:00:00.000000,1,0,0,0,1,463.0,1
345316,hostaway,2026-09-17T00:00:00.000000,1,0,0,0,1,605.0,1
345316,hostaway,2026-09-18T00:00:00.000000,1,0,0,0,1,861.0,1
345316,hostaway,2026-09-19T00:00:00.000000,1,0,0,0,1,861.0,1
345316,hostaway,2026-09-20T00:00:00.000000,1,0,0,0,1,605.0,1
345316,hostaway,2026-09-21T00:00:00.000000,1,0,0,0,1,463.0,1
345316,hostaway,2026-09-22T00:00:00.000000,1,0,0,0,1,463.0,1
345316,hostaway,2026-09-23T00:00:00.000000,1,0,0,0,1,463.0,1
345316,hostaway,2026-09-24T00:00:00.000000,1,0,0,0,1,605.0,1
345316,hostaway,2026-09-25T00:00:00.000000,1,0,0,0,1,861.0,1
345316,hostaway,2026-09-26T00:00:00.000000,1,0,0,0,1,861.0,1
345316,hostaway,2026-09-27T00:00:00.000000,1,0,0,0,1,605.0,1
345316,hostaway,2026-09-28T00:00:00.000000,1,0,0,0,1,463.0,1
345316,hostaway,2026-09-29T00:00:00.000000,1,0,0,0,1,463.0,1
345316,hostaway,2026-09-30T00:00:00.000000,1,0,0,0,1,463.0,1
345316,hostaway,2026-10-01T00:00:00.000000,1,0,0,0,1,545.0,1
345316,hostaway,2026-10-02T00:00:00.000000,1,0,0,0,1,775.0,1
345316,hostaway,2026-10-03T00:00:00.000000,1,0,0,0,1,775.0,1
345316,hostaway,2026-10-04T00:00:00.000000,1,0,0,0,1,545.0,1
345316,hostaway,2026-10-05T00:00:00.000000,1,0,0,0,1,417.0,1
345316,hostaway,2026-10-06T00:00:00.000000,1,0,0,0,1,417.0,1
345316,hostaway,2026-10-07T00:00:00.000000,1,0,0,0,1,417.0,1
345316,hostaway,2026-10-08T00:00:00.000000,1,0,0,0,1,545.0,1
345316,hostaway,2026-10-09T00:00:00.000000,1,0,0,0,1,775.0,1
345316,hostaway,2026-10-10T00:00:00.000000,1,0,0,0,1,775.0,1
345316,hostaway,2026-10-11T00:00:00.000000,1,0,0,0,1,545.0,1
345316,hostaway,2026-10-12T00:00:00.000000,1,0,0,0,1,417.0,1
345316,hostaway,2026-10-13T00:00:00.000000,1,0,0,0,1,417.0,1
345316,hostaway,2026-10-14T00:00:00.000000,1,0,0,0,1,417.0,1
345316,hostaway,2026-10-15T00:00:00.000000,1,0,0,0,1,545.0,1
345316,hostaway,2026-10-16T00:00:00.000000,1,0,0,0,1,775.0,1
345316,hostaway,2026-10-17T00:00:00.000000,1,0,0,0,1,775.0,1
345316,hostaway,2026-10-18T00:00:00.000000,1,0,0,0,1,545.0,1
345316,hostaway,2026-10-19T00:00:00.000000,1,0,0,0,1,417.0,1
345316,hostaway,2026-10-20T00:00:00.000000,1,0,0,0,1,417.0,1
345316,hostaway,2026-10-21T00:00:00.000000,1,0,0,0,1,417.0,1
345316,hostaway,2026-10-22T00:00:00.000000,1,0,0,0,1,545.0,1
345316,hostaway,2026-10-23T00:00:00.000000,1,0,0,0,1,775.0,1
345316,hostaway,2026-10-24T00:00:00.000000,1,0,0,0,1,775.0,1
345316,hostaway,2026-10-25T00:00:00.000000,1,0,0,0,1,545.0,1
345316,hostaway,2026-10-26T00:00:00.000000,1,0,0,0,1,417.0,1
345316,hostaway,2026-10-27T00:00:00.000000,1,0,0,0,1,417.0,1
345316,hostaway,2026-10-28T00:00:00.000000,1,0,0,0,1,417.0,1
345316,hostaway,2026-10-29T00:00:00.000000,1,0,0,0,1,545.0,1
345316,hostaway,2026-10-30T00:00:00.000000,1,0,0,0,1,775.0,1
345316,hostaway,2026-10-31T00:00:00.000000,1,0,0,0,1,775.0,1
345316,hostaway,2026-11-01T00:00:00.000000,1,0,0,0,1,490.0,1
345316,hostaway,2026-11-02T00:00:00.000000,1,0,0,0,1,375.0,1
345316,hostaway,2026-11-03T00:00:00.000000,1,0,0,0,1,375.0,1
345316,hostaway,2026-11-04T00:00:00.000000,1,0,0,0,1,375.0,1
345316,hostaway,2026-11-05T00:00:00.000000,1,0,0,0,1,490.0,1
345316,hostaway,2026-11-06T00:00:00.000000,1,0,0,0,1,697.0,1
345316,hostaway,2026-11-07T00:00:00.000000,1,0,0,0,1,697.0,1
345316,hostaway,2026-11-08T00:00:00.000000,1,0,0,0,1,490.0,1
345316,hostaway,2026-11-09T00:00:00.000000,1,0,0,0,1,375.0,1
345316,hostaway,2026-11-10T00:00:00.000000,1,0,0,0,1,375.0,1
345316,hostaway,2026-11-11T00:00:00.000000,1,0,0,0,1,375.0,1
345316,hostaway,2026-11-12T00:00:00.000000,1,0,0,0,1,490.0,1
345316,hostaway,2026-11-13T00:00:00.000000,1,0,0,0,1,697.0,1
345316,hostaway,2026-11-14T00:00:00.000000,1,0,0,0,1,697.0,1
345316,hostaway,2026-11-15T00:00:00.000000,1,0,0,0,1,490.0,1
345316,hostaway,2026-11-16T00:00:00.000000,1,0,0,0,1,375.0,1
345316,hostaway,2026-11-17T00:00:00.000000,1,0,0,0,1,375.0,1
345316,hostaway,2026-11-18T00:00:00.000000,1,0,0,0,1,375.0,1
345316,hostaway,2026-11-19T00:00:00.000000,1,0,0,0,1,490.0,1
345316,hostaway,2026-11-20T00:00:00.000000,1,0,0,0,1,697.0,1
345316,hostaway,2026-11-21T00:00:00.000000,1,0,0,0,1,697.0,1
345316,hostaway,2026-11-22T00:00:00.000000,1,0,0,0,1,490.0,1
345316,hostaway,2026-11-23T00:00:00.000000,1,0,0,0,1,375.0,1
345316,hostaway,2026-11-24T00:00:00.000000,1,0,0,0,1,375.0,1
345316,hostaway,2026-11-25T00:00:00.000000,1,0,0,0,1,375.0,1
345316,hostaway,2026-11-26T00:00:00.000000,1,0,0,0,1,686.0,1
345316,hostaway,2026-11-27T00:00:00.000000,1,0,0,0,1,697.0,1
345316,hostaway,2026-11-28T00:00:00.000000,1,0,0,0,1,697.0,1
345316,hostaway,2026-11-29T00:00:00.000000,1,0,0,0,1,490.0,1
345316,hostaway,2026-11-30T00:00:00.000000,1,0,0,0,1,375.0,1
345316,hostaway,2026-12-01T00:00:00.000000,1,0,0,0,1,338.0,1
345316,hostaway,2026-12-02T00:00:00.000000,1,0,0,0,1,338.0,1
345316,hostaway,2026-12-03T00:00:00.000000,1,0,0,0,1,441.0,1
345316,hostaway,2026-12-04T00:00:00.000000,1,0,0,0,1,628.0,1
345316,hostaway,2026-12-05T00:00:00.000000,1,0,0,0,1,628.0,1
345316,hostaway,2026-12-06T00:00:00.000000,1,0,0,0,1,441.0,1
345316,hostaway,2026-12-07T00:00:00.000000,1,0,0,0,1,338.0,1
345316,hostaway,2026-12-08T00:00:00.000000,1,0,0,0,1,338.0,1
345316,hostaway,2026-12-09T00:00:00.000000,1,0,0,0,1,338.0,1
345316,hostaway,2026-12-10T00:00:00.000000,1,0,0,0,1,441.0,1
345316,hostaway,2026-12-11T00:00:00.000000,1,0,0,0,1,628.0,1
345316,hostaway,2026-12-12T00:00:00.000000,1,0,0,0,1,628.0,1
345316,hostaway,2026-12-13T00:00:00.000000,1,0,0,0,1,441.0,1
345316,hostaway,2026-12-14T00:00:00.000000,1,0,0,0,1,338.0,1
345316,hostaway,2026-12-15T00:00:00.000000,1,0,0,0,1,338.0,1
345316,hostaway,2026-12-16T00:00:00.000000,1,0,0,0,1,338.0,1
345316,hostaway,2026-12-17T00:00:00.000000,1,0,0,0,1,529.0,1
345316,hostaway,2026-12-18T00:00:00.000000,1,0,0,0,1,753.0,1
345316,hostaway,2026-12-19T00:00:00.000000,1,0,0,0,1,753.0,1
345316,hostaway,2026-12-20T00:00:00.000000,1,0,0,0,1,529.0,1
345316,hostaway,2026-12-21T00:00:00.000000,1,0,0,0,1,405.0,1
345316,hostaway,2026-12-22T00:00:00.000000,1,0,0,0,1,405.0,1
345316,hostaway,2026-12-23T00:00:00.000000,1,0,0,0,1,405.0,1
345316,hostaway,2026-12-24T00:00:00.000000,1,0,0,0,1,618.0,1
345316,hostaway,2026-12-25T00:00:00.000000,1,0,0,0,1,1130.0,1
345316,hostaway,2026-12-26T00:00:00.000000,1,0,0,0,1,1130.0,1
345316,hostaway,2026-12-27T00:00:00.000000,1,0,0,0,1,441.0,1
345316,hostaway,2026-12-28T00:00:00.000000,1,0,0,0,1,338.0,1
345316,hostaway,2026-12-29T00:00:00.000000,1,0,0,0,1,338.0,1
345316,hostaway,2026-12-30T00:00:00.000000,1,0,0,0,1,1350.0,1
345316,hostaway,2026-12-31T00:00:00.000000,1,0,0,0,1,1350.0,1
345316,hostaway,2027-01-01T00:00:00.000000,1,0,0,0,1,502.0,1
345316,hostaway,2027-01-02T00:00:00.000000,1,0,0,0,1,502.0,1
345316,hostaway,2027-01-03T00:00:00.000000,1,0,0,0,1,419.0,1
366176,hostaway,2026-02-02T00:00:00.000000,1,0,0,0,1,250.0,1
366176,hostaway,2026-02-03T00:00:00.000000,1,0,0,0,1,250.0,1
366176,hostaway,2026-02-04T00:00:00.000000,1,0,0,0,1,250.0,1
366176,hostaway,2026-02-05T00:00:00.000000,1,0,0,0,1,274.0,1
366176,hostaway,2026-02-06T00:00:00.000000,1,0,0,0,1,363.0,1
366176,hostaway,2026-02-07T00:00:00.000000,1,0,0,0,1,403.0,1
366176,hostaway,2026-02-08T00:00:00.000000,1,0,0,0,1,274.0,1
366176,hostaway,2026-02-09T00:00:00.000000,1,0,0,0,1,250.0,1
366176,hostaway,2026-02-10T00:00:00.000000,1,0,0,0,1,250.0,1
366176,hostaway,2026-02-11T00:00:00.000000,1,0,0,0,1,287.0,1
366176,hostaway,2026-02-12T00:00:00.000000,1,0,0,0,1,315.0,1
366176,hostaway,2026-02-13T00:00:00.000000,1,1,0,0,1,463.0,0
366176,hostaway,2026-02-14T00:00:00.000000,1,1,0,0,1,463.0,0
366176,hostaway,2026-02-15T00:00:00.000000,1,0,0,0,1,394.0,1
366176,hostaway,2026-02-16T00:00:00.000000,1,0,0,0,1,346.0,1
366176,hostaway,2026-02-17T00:00:00.000000,1,0,0,0,1,346.0,1
366176,hostaway,2026-02-18T00:00:00.000000,1,0,0,0,1,301.0,1
366176,hostaway,2026-02-19T00:00:00.000000,1,0,0,0,1,343.0,1
366176,hostaway,2026-02-20T00:00:00.000000,1,0,0,0,1,443.0,1
366176,hostaway,2026-02-21T00:00:00.000000,1,0,0,0,1,463.0,1
366176,hostaway,2026-02-22T00:00:00.000000,1,0,0,0,1,343.0,1
366176,hostaway,2026-02-23T00:00:00.000000,1,0,0,0,1,301.0,1
366176,hostaway,2026-02-24T00:00:00.000000,1,0,0,0,1,301.0,1
366176,hostaway,2026-02-25T00:00:00.000000,1,1,0,0,1,301.0,0
366176,hostaway,2026-02-26T00:00:00.000000,1,0,0,0,1,343.0,1
366176,hostaway,2026-02-27T00:00:00.000000,1,0,0,0,1,403.0,1
366176,hostaway,2026-02-28T00:00:00.000000,1,1,0,0,1,403.0,0
366176,hostaway,2026-03-01T00:00:00.000000,1,1,0,0,1,393.0,0
366176,hostaway,2026-03-02T00:00:00.000000,1,0,0,0,1,335.0,1
366176,hostaway,2026-03-03T00:00:00.000000,1,0,0,0,1,335.0,1
366176,hostaway,2026-03-04T00:00:00.000000,1,0,0,0,1,335.0,1
366176,hostaway,2026-03-05T00:00:00.000000,1,0,0,0,1,452.0,1
366176,hostaway,2026-03-06T00:00:00.000000,1,0,0,0,1,575.0,1
366176,hostaway,2026-03-07T00:00:00.000000,1,1,0,0,1,455.0,0
366176,hostaway,2026-03-08T00:00:00.000000,1,1,0,0,1,393.0,0
366176,hostaway,2026-03-09T00:00:00.000000,1,0,0,0,1,335.0,1
366176,hostaway,2026-03-10T00:00:00.000000,1,0,0,0,1,335.0,1
366176,hostaway,2026-03-11T00:00:00.000000,1,0,0,0,1,335.0,1
366176,hostaway,2026-03-12T00:00:00.000000,1,0,0,0,1,432.0,1
366176,hostaway,2026-03-13T00:00:00.000000,1,0,0,0,1,601.0,1
366176,hostaway,2026-03-14T00:00:00.000000,1,0,0,0,1,601.0,1
366176,hostaway,2026-03-15T00:00:00.000000,1,0,0,0,1,519.0,1
366176,hostaway,2026-03-16T00:00:00.000000,1,0,0,0,1,402.0,1
366176,hostaway,2026-03-17T00:00:00.000000,1,0,0,0,1,402.0,1
366176,hostaway,2026-03-18T00:00:00.000000,1,0,0,0,1,402.0,1
366176,hostaway,2026-03-19T00:00:00.000000,1,1,0,0,1,546.0,0
366176,hostaway,2026-03-20T00:00:00.000000,1,1,0,0,1,546.0,0
366176,hostaway,2026-03-21T00:00:00.000000,1,1,0,0,1,546.0,0
366176,hostaway,2026-03-22T00:00:00.000000,1,0,0,0,1,402.0,1
366176,hostaway,2026-03-23T00:00:00.000000,1,0,0,0,1,335.0,1
366176,hostaway,2026-03-24T00:00:00.000000,1,0,0,0,1,335.0,1
366176,hostaway,2026-03-25T00:00:00.000000,1,0,0,0,1,335.0,1
366176,hostaway,2026-03-26T00:00:00.000000,1,0,0,0,1,368.0,1
366176,hostaway,2026-03-27T00:00:00.000000,1,1,0,0,1,523.0,0
366176,hostaway,2026-03-28T00:00:00.000000,1,1,0,0,1,523.0,0
366176,hostaway,2026-03-29T00:00:00.000000,1,0,0,0,1,402.0,1
366176,hostaway,2026-03-30T00:00:00.000000,1,0,0,0,1,335.0,1
366176,hostaway,2026-03-31T00:00:00.000000,1,0,0,0,1,335.0,1
366176,hostaway,2026-04-01T00:00:00.000000,1,0,0,0,1,361.0,1
366176,hostaway,2026-04-02T00:00:00.000000,1,0,0,0,1,443.0,1
366176,hostaway,2026-04-03T00:00:00.000000,1,0,0,0,1,517.0,1
366176,hostaway,2026-04-04T00:00:00.000000,1,0,0,0,1,517.0,1
366176,hostaway,2026-04-05T00:00:00.000000,1,0,0,0,1,443.0,1
366176,hostaway,2026-04-06T00:00:00.000000,1,0,0,0,1,361.0,1
366176,hostaway,2026-04-07T00:00:00.000000,1,0,0,0,1,361.0,1
366176,hostaway,2026-04-08T00:00:00.000000,1,0,0,0,1,361.0,1
366176,hostaway,2026-04-09T00:00:00.000000,1,0,0,0,1,443.0,1
366176,hostaway,2026-04-10T00:00:00.000000,1,0,0,0,1,517.0,1
366176,hostaway,2026-04-11T00:00:00.000000,1,0,0,0,1,517.0,1
366176,hostaway,2026-04-12T00:00:00.000000,1,0,0,0,1,443.0,1
366176,hostaway,2026-04-13T00:00:00.000000,1,0,0,0,1,361.0,1
366176,hostaway,2026-04-14T00:00:00.000000,1,0,0,0,1,361.0,1
366176,hostaway,2026-04-15T00:00:00.000000,1,0,0,0,1,361.0,1
366176,hostaway,2026-04-16T00:00:00.000000,1,0,0,0,1,443.0,1
366176,hostaway,2026-04-17T00:00:00.000000,1,0,0,0,1,517.0,1
366176,hostaway,2026-04-18T00:00:00.000000,1,0,0,0,1,517.0,1
366176,hostaway,2026-04-19T00:00:00.000000,1,0,0,0,1,443.0,1
366176,hostaway,2026-04-20T00:00:00.000000,1,0,0,0,1,361.0,1
366176,hostaway,2026-04-21T00:00:00.000000,1,0,0,0,1,361.0,1
366176,hostaway,2026-04-22T00:00:00.000000,1,0,0,0,1,361.0,1
366176,hostaway,2026-04-23T00:00:00.000000,1,0,0,0,1,443.0,1
366176,hostaway,2026-04-24T00:00:00.000000,1,0,0,0,1,517.0,1
366176,hostaway,2026-04-25T00:00:00.000000,1,0,0,0,1,517.0,1
366176,hostaway,2026-04-26T00:00:00.000000,1,0,0,0,1,443.0,1
366176,hostaway,2026-04-27T00:00:00.000000,1,0,0,0,1,361.0,1
366176,hostaway,2026-04-28T00:00:00.000000,1,0,0,0,1,361.0,1
366176,hostaway,2026-04-29T00:00:00.000000,1,0,0,0,1,361.0,1
366176,hostaway,2026-04-30T00:00:00.000000,1,0,0,0,1,443.0,1
366176,hostaway,2026-05-01T00:00:00.000000,1,0,0,0,1,581.0,1
366176,hostaway,2026-05-02T00:00:00.000000,1,0,0,0,1,581.0,1
366176,hostaway,2026-05-03T00:00:00.000000,1,0,0,0,1,487.0,1
366176,hostaway,2026-05-04T00:00:00.000000,1,0,0,0,1,399.0,1
366176,hostaway,2026-05-05T00:00:00.000000,1,0,0,0,1,399.0,1
366176,hostaway,2026-05-06T00:00:00.000000,1,0,0,0,1,399.0,1
366176,hostaway,2026-05-07T00:00:00.000000,1,0,0,0,1,487.0,1
366176,hostaway,2026-05-08T00:00:00.000000,1,0,0,0,1,581.0,1
366176,hostaway,2026-05-09T00:00:00.000000,1,0,0,0,1,581.0,1
366176,hostaway,2026-05-10T00:00:00.000000,1,0,0,0,1,487.0,1
366176,hostaway,2026-05-11T00:00:00.000000,1,0,0,0,1,399.0,1
366176,hostaway,2026-05-12T00:00:00.000000,1,0,0,0,1,399.0,1
366176,hostaway,2026-05-13T00:00:00.000000,1,0,0,0,1,399.0,1
366176,hostaway,2026-05-14T00:00:00.000000,1,0,0,0,1,560.0,1
366176,hostaway,2026-05-15T00:00:00.000000,1,0,0,0,1,668.0,1
366176,hostaway,2026-05-16T00:00:00.000000,1,1,0,0,1,581.0,0
366176,hostaway,2026-05-17T00:00:00.000000,1,1,0,0,1,487.0,0
366176,hostaway,2026-05-18T00:00:00.000000,1,0,0,0,1,459.0,1
366176,hostaway,2026-05-19T00:00:00.000000,1,0,0,0,1,459.0,1
366176,hostaway,2026-05-20T00:00:00.000000,1,0,0,0,1,459.0,1
366176,hostaway,2026-05-21T00:00:00.000000,1,0,0,0,1,560.0,1
366176,hostaway,2026-05-22T00:00:00.000000,1,0,0,0,1,835.0,1
366176,hostaway,2026-05-23T00:00:00.000000,1,0,0,0,1,919.0,1
366176,hostaway,2026-05-24T00:00:00.000000,1,0,0,0,1,700.0,1
366176,hostaway,2026-05-25T00:00:00.000000,1,0,0,0,1,499.0,1
366176,hostaway,2026-05-26T00:00:00.000000,1,0,0,0,1,399.0,1
366176,hostaway,2026-05-27T00:00:00.000000,1,0,0,0,1,399.0,1
366176,hostaway,2026-05-28T00:00:00.000000,1,0,0,0,1,487.0,1
366176,hostaway,2026-05-29T00:00:00.000000,1,0,0,0,1,581.0,1
366176,hostaway,2026-05-30T00:00:00.000000,1,0,0,0,1,581.0,1
366176,hostaway,2026-05-31T00:00:00.000000,1,0,0,0,1,536.0,1
366176,hostaway,2026-06-01T00:00:00.000000,1,0,0,0,1,468.0,1
366176,hostaway,2026-06-02T00:00:00.000000,1,0,0,0,1,468.0,1
366176,hostaway,2026-06-03T00:00:00.000000,1,0,0,0,1,425.0,1
366176,hostaway,2026-06-04T00:00:00.000000,1,0,0,0,1,519.0,1
366176,hostaway,2026-06-05T00:00:00.000000,1,0,0,0,1,605.0,1
366176,hostaway,2026-06-06T00:00:00.000000,1,0,0,0,1,605.0,1
366176,hostaway,2026-06-07T00:00:00.000000,1,0,0,0,1,519.0,1
366176,hostaway,2026-06-08T00:00:00.000000,1,0,0,0,1,425.0,1
366176,hostaway,2026-06-09T00:00:00.000000,1,0,0,0,1,425.0,1
366176,hostaway,2026-06-10T00:00:00.000000,1,0,0,0,1,425.0,1
366176,hostaway,2026-06-11T00:00:00.000000,1,0,0,0,1,519.0,1
366176,hostaway,2026-06-12T00:00:00.000000,1,0,0,0,1,605.0,1
366176,hostaway,2026-06-13T00:00:00.000000,1,0,0,0,1,605.0,1
366176,hostaway,2026-06-14T00:00:00.000000,1,0,0,0,1,519.0,1
366176,hostaway,2026-06-15T00:00:00.000000,1,0,0,0,1,425.0,1
366176,hostaway,2026-06-16T00:00:00.000000,1,0,0,0,1,425.0,1
366176,hostaway,2026-06-17T00:00:00.000000,1,0,0,0,1,425.0,1
366176,hostaway,2026-06-18T00:00:00.000000,1,0,0,0,1,675.0,1
366176,hostaway,2026-06-19T00:00:00.000000,1,0,0,0,1,905.0,1
366176,hostaway,2026-06-20T00:00:00.000000,1,0,0,0,1,996.0,1
366176,hostaway,2026-06-21T00:00:00.000000,1,0,0,0,1,742.0,1
366176,hostaway,2026-06-22T00:00:00.000000,1,0,0,0,1,646.0,1
366176,hostaway,2026-06-23T00:00:00.000000,1,0,0,0,1,646.0,1
366176,hostaway,2026-06-24T00:00:00.000000,1,1,0,0,1,538.0,0
366176,hostaway,2026-06-25T00:00:00.000000,1,1,0,0,1,705.0,0
366176,hostaway,2026-06-26T00:00:00.000000,1,0,0,0,1,1453.0,1
366176,hostaway,2026-06-27T00:00:00.000000,1,0,0,0,1,1453.0,1
366176,hostaway,2026-06-28T00:00:00.000000,1,0,0,0,1,846.0,1
366176,hostaway,2026-06-29T00:00:00.000000,1,1,0,0,1,538.0,0
366176,hostaway,2026-06-30T00:00:00.000000,1,1,0,0,1,538.0,0
366176,hostaway,2026-07-01T00:00:00.000000,1,1,0,0,1,538.0,0
366176,hostaway,2026-07-02T00:00:00.000000,1,0,0,0,1,775.0,1
366176,hostaway,2026-07-03T00:00:00.000000,1,1,0,0,1,1447.0,0
366176,hostaway,2026-07-04T00:00:00.000000,1,1,0,0,1,1447.0,0
366176,hostaway,2026-07-05T00:00:00.000000,1,0,0,0,1,775.0,1
366176,hostaway,2026-07-06T00:00:00.000000,1,0,0,0,1,538.0,1
366176,hostaway,2026-07-07T00:00:00.000000,1,0,0,0,1,538.0,1
366176,hostaway,2026-07-08T00:00:00.000000,1,0,0,0,1,538.0,1
366176,hostaway,2026-07-09T00:00:00.000000,1,0,0,0,1,705.0,1
366176,hostaway,2026-07-10T00:00:00.000000,1,0,0,0,1,1321.0,1
366176,hostaway,2026-07-11T00:00:00.000000,1,0,0,0,1,1321.0,1
366176,hostaway,2026-07-12T00:00:00.000000,1,0,0,0,1,705.0,1
366176,hostaway,2026-07-13T00:00:00.000000,1,0,0,0,1,538.0,1
366176,hostaway,2026-07-14T00:00:00.000000,1,0,0,0,1,538.0,1
366176,hostaway,2026-07-15T00:00:00.000000,1,0,0,0,1,538.0,1
366176,hostaway,2026-07-16T00:00:00.000000,1,0,0,0,1,705.0,1
366176,hostaway,2026-07-17T00:00:00.000000,1,1,0,0,1,1321.0,0
366176,hostaway,2026-07-18T00:00:00.000000,1,1,0,0,1,1321.0,0
366176,hostaway,2026-07-19T00:00:00.000000,1,0,0,0,1,705.0,1
366176,hostaway,2026-07-20T00:00:00.000000,1,0,0,0,1,538.0,1
366176,hostaway,2026-07-21T00:00:00.000000,1,0,0,0,1,538.0,1
366176,hostaway,2026-07-22T00:00:00.000000,1,0,0,0,1,538.0,1
366176,hostaway,2026-07-23T00:00:00.000000,1,0,0,0,1,705.0,1
366176,hostaway,2026-07-24T00:00:00.000000,1,0,0,0,1,1321.0,1
366176,hostaway,2026-07-25T00:00:00.000000,1,0,0,0,1,1321.0,1
366176,hostaway,2026-07-26T00:00:00.000000,1,0,0,0,1,705.0,1
366176,hostaway,2026-07-27T00:00:00.000000,1,0,0,0,1,538.0,1
366176,hostaway,2026-07-28T00:00:00.000000,1,0,0,0,1,538.0,1
366176,hostaway,2026-07-29T00:00:00.000000,1,0,0,0,1,538.0,1
366176,hostaway,2026-07-30T00:00:00.000000,1,0,0,0,1,705.0,1
366176,hostaway,2026-07-31T00:00:00.000000,1,0,0,0,1,1321.0,1
366176,hostaway,2026-08-01T00:00:00.000000,1,0,0,0,1,1321.0,1
366176,hostaway,2026-08-02T00:00:00.000000,1,0,0,0,1,705.0,1
366176,hostaway,2026-08-03T00:00:00.000000,1,0,0,0,1,464.0,1
366176,hostaway,2026-08-04T00:00:00.000000,1,0,0,0,1,464.0,1
366176,hostaway,2026-08-05T00:00:00.000000,1,0,0,0,1,464.0,1
366176,hostaway,2026-08-06T00:00:00.000000,1,0,0,0,1,607.0,1
366176,hostaway,2026-08-07T00:00:00.000000,1,0,0,0,1,863.0,1
366176,hostaway,2026-08-08T00:00:00.000000,1,0,0,0,1,863.0,1
366176,hostaway,2026-08-09T00:00:00.000000,1,0,0,0,1,607.0,1
366176,hostaway,2026-08-10T00:00:00.000000,1,0,0,0,1,464.0,1
366176,hostaway,2026-08-11T00:00:00.000000,1,0,0,0,1,464.0,1
366176,hostaway,2026-08-12T00:00:00.000000,1,0,0,0,1,464.0,1
366176,hostaway,2026-08-13T00:00:00.000000,1,0,0,0,1,607.0,1
366176,hostaway,2026-08-14T00:00:00.000000,1,0,0,0,1,863.0,1
366176,hostaway,2026-08-15T00:00:00.000000,1,0,0,0,1,863.0,1
366176,hostaway,2026-08-16T00:00:00.000000,1,0,0,0,1,607.0,1
366176,hostaway,2026-08-17T00:00:00.000000,1,0,0,0,1,464.0,1
366176,hostaway,2026-08-18T00:00:00.000000,1,0,0,0,1,464.0,1
366176,hostaway,2026-08-19T00:00:00.000000,1,0,0,0,1,464.0,1
366176,hostaway,2026-08-20T00:00:00.000000,1,0,0,0,1,607.0,1
366176,hostaway,2026-08-21T00:00:00.000000,1,0,0,0,1,863.0,1
366176,hostaway,2026-08-22T00:00:00.000000,1,0,0,0,1,863.0,1
366176,hostaway,2026-08-23T00:00:00.000000,1,0,0,0,1,607.0,1
366176,hostaway,2026-08-24T00:00:00.000000,1,0,0,0,1,464.0,1
366176,hostaway,2026-08-25T00:00:00.000000,1,0,0,0,1,464.0,1
366176,hostaway,2026-08-26T00:00:00.000000,1,0,0,0,1,464.0,1
366176,hostaway,2026-08-27T00:00:00.000000,1,0,0,0,1,607.0,1
366176,hostaway,2026-08-28T00:00:00.000000,1,0,0,0,1,863.0,1
366176,hostaway,2026-08-29T00:00:00.000000,1,0,0,0,1,863.0,1
366176,hostaway,2026-08-30T00:00:00.000000,1,0,0,0,1,607.0,1
366176,hostaway,2026-08-31T00:00:00.000000,1,0,0,0,1,464.0,1
366176,hostaway,2026-09-01T00:00:00.000000,1,0,0,0,1,418.0,1
366176,hostaway,2026-09-02T00:00:00.000000,1,0,0,0,1,418.0,1
366176,hostaway,2026-09-03T00:00:00.000000,1,0,0,0,1,546.0,1
366176,hostaway,2026-09-04T00:00:00.000000,1,0,0,0,1,932.0,1
366176,hostaway,2026-09-05T00:00:00.000000,1,0,0,0,1,932.0,1
366176,hostaway,2026-09-06T00:00:00.000000,1,0,0,0,1,655.0,1
366176,hostaway,2026-09-07T00:00:00.000000,1,0,0,0,1,501.0,1
366176,hostaway,2026-09-08T00:00:00.000000,1,0,0,0,1,418.0,1
366176,hostaway,2026-09-09T00:00:00.000000,1,0,0,0,1,418.0,1
366176,hostaway,2026-09-10T00:00:00.000000,1,0,0,0,1,546.0,1
366176,hostaway,2026-09-11T00:00:00.000000,1,0,0,0,1,777.0,1
366176,hostaway,2026-09-12T00:00:00.000000,1,0,0,0,1,777.0,1
366176,hostaway,2026-09-13T00:00:00.000000,1,0,0,0,1,546.0,1
366176,hostaway,2026-09-14T00:00:00.000000,1,0,0,0,1,418.0,1
366176,hostaway,2026-09-15T00:00:00.000000,1,0,0,0,1,418.0,1
366176,hostaway,2026-09-16T00:00:00.000000,1,0,0,0,1,418.0,1
366176,hostaway,2026-09-17T00:00:00.000000,1,0,0,0,1,546.0,1
366176,hostaway,2026-09-18T00:00:00.000000,1,0,0,0,1,777.0,1
366176,hostaway,2026-09-19T00:00:00.000000,1,0,0,0,1,777.0,1
366176,hostaway,2026-09-20T00:00:00.000000,1,0,0,0,1,546.0,1
366176,hostaway,2026-09-21T00:00:00.000000,1,0,0,0,1,418.0,1
366176,hostaway,2026-09-22T00:00:00.000000,1,0,0,0,1,418.0,1
366176,hostaway,2026-09-23T00:00:00.000000,1,0,0,0,1,418.0,1
366176,hostaway,2026-09-24T00:00:00.000000,1,0,0,0,1,546.0,1
366176,hostaway,2026-09-25T00:00:00.000000,1,0,0,0,1,777.0,1
366176,hostaway,2026-09-26T00:00:00.000000,1,0,0,0,1,777.0,1
366176,hostaway,2026-09-27T00:00:00.000000,1,0,0,0,1,546.0,1
366176,hostaway,2026-09-28T00:00:00.000000,1,0,0,0,1,418.0,1
366176,hostaway,2026-09-29T00:00:00.000000,1,0,0,0,1,418.0,1
366176,hostaway,2026-09-30T00:00:00.000000,1,0,0,0,1,418.0,1
366176,hostaway,2026-10-01T00:00:00.000000,1,0,0,0,1,491.0,1
366176,hostaway,2026-10-02T00:00:00.000000,1,0,0,0,1,699.0,1
366176,hostaway,2026-10-03T00:00:00.000000,1,0,0,0,1,699.0,1
366176,hostaway,2026-10-04T00:00:00.000000,1,0,0,0,1,491.0,1
366176,hostaway,2026-10-05T00:00:00.000000,1,0,0,0,1,376.0,1
366176,hostaway,2026-10-06T00:00:00.000000,1,0,0,0,1,376.0,1
366176,hostaway,2026-10-07T00:00:00.000000,1,0,0,0,1,376.0,1
366176,hostaway,2026-10-08T00:00:00.000000,1,0,0,0,1,491.0,1
366176,hostaway,2026-10-09T00:00:00.000000,1,0,0,0,1,699.0,1
366176,hostaway,2026-10-10T00:00:00.000000,1,0,0,0,1,699.0,1
366176,hostaway,2026-10-11T00:00:00.000000,1,0,0,0,1,491.0,1
366176,hostaway,2026-10-12T00:00:00.000000,1,0,0,0,1,376.0,1
366176,hostaway,2026-10-13T00:00:00.000000,1,0,0,0,1,376.0,1
366176,hostaway,2026-10-14T00:00:00.000000,1,0,0,0,1,376.0,1
366176,hostaway,2026-10-15T00:00:00.000000,1,0,0,0,1,491.0,1
366176,hostaway,2026-10-16T00:00:00.000000,1,0,0,0,1,699.0,1
366176,hostaway,2026-10-17T00:00:00.000000,1,0,0,0,1,699.0,1
366176,hostaway,2026-10-18T00:00:00.000000,1,0,0,0,1,491.0,1
366176,hostaway,2026-10-19T00:00:00.000000,1,0,0,0,1,376.0,1
366176,hostaway,2026-10-20T00:00:00.000000,1,0,0,0,1,376.0,1
366176,hostaway,2026-10-21T00:00:00.000000,1,0,0,0,1,376.0,1
366176,hostaway,2026-10-22T00:00:00.000000,1,0,0,0,1,491.0,1
366176,hostaway,2026-10-23T00:00:00.000000,1,0,0,0,1,699.0,1
366176,hostaway,2026-10-24T00:00:00.000000,1,0,0,0,1,699.0,1
366176,hostaway,2026-10-25T00:00:00.000000,1,0,0,0,1,491.0,1
366176,hostaway,2026-10-26T00:00:00.000000,1,0,0,0,1,376.0,1
366176,hostaway,2026-10-27T00:00:00.000000,1,0,0,0,1,376.0,1
366176,hostaway,2026-10-28T00:00:00.000000,1,0,0,0,1,376.0,1
366176,hostaway,2026-10-29T00:00:00.000000,1,0,0,0,1,491.0,1
366176,hostaway,2026-10-30T00:00:00.000000,1,0,0,0,1,699.0,1
366176,hostaway,2026-10-31T00:00:00.000000,1,0,0,0,1,699.0,1
366176,hostaway,2026-11-01T00:00:00.000000,1,0,0,0,1,442.0,1
366176,hostaway,2026-11-02T00:00:00.000000,1,0,0,0,1,338.0,1
366176,hostaway,2026-11-03T00:00:00.000000,1,0,0,0,1,338.0,1
366176,hostaway,2026-11-04T00:00:00.000000,1,0,0,0,1,338.0,1
366176,hostaway,2026-11-05T00:00:00.000000,1,0,0,0,1,442.0,1
366176,hostaway,2026-11-06T00:00:00.000000,1,0,0,0,1,629.0,1
366176,hostaway,2026-11-07T00:00:00.000000,1,0,0,0,1,629.0,1
366176,hostaway,2026-11-08T00:00:00.000000,1,0,0,0,1,442.0,1
366176,hostaway,2026-11-09T00:00:00.000000,1,0,0,0,1,338.0,1
366176,hostaway,2026-11-10T00:00:00.000000,1,0,0,0,1,338.0,1
366176,hostaway,2026-11-11T00:00:00.000000,1,0,0,0,1,338.0,1
366176,hostaway,2026-11-12T00:00:00.000000,1,0,0,0,1,442.0,1
366176,hostaway,2026-11-13T00:00:00.000000,1,0,0,0,1,629.0,1
366176,hostaway,2026-11-14T00:00:00.000000,1,0,0,0,1,629.0,1
366176,hostaway,2026-11-15T00:00:00.000000,1,0,0,0,1,442.0,1
366176,hostaway,2026-11-16T00:00:00.000000,1,0,0,0,1,338.0,1
366176,hostaway,2026-11-17T00:00:00.000000,1,0,0,0,1,338.0,1
366176,hostaway,2026-11-18T00:00:00.000000,1,0,0,0,1,338.0,1
366176,hostaway,2026-11-19T00:00:00.000000,1,0,0,0,1,442.0,1
366176,hostaway,2026-11-20T00:00:00.000000,1,0,0,0,1,629.0,1
366176,hostaway,2026-11-21T00:00:00.000000,1,0,0,0,1,629.0,1
366176,hostaway,2026-11-22T00:00:00.000000,1,0,0,0,1,442.0,1
366176,hostaway,2026-11-23T00:00:00.000000,1,0,0,0,1,338.0,1
366176,hostaway,2026-11-24T00:00:00.000000,1,0,0,0,1,338.0,1
366176,hostaway,2026-11-25T00:00:00.000000,1,0,0,0,1,338.0,1
366176,hostaway,2026-11-26T00:00:00.000000,1,0,0,0,1,619.0,1
366176,hostaway,2026-11-27T00:00:00.000000,1,0,0,0,1,629.0,1
366176,hostaway,2026-11-28T00:00:00.000000,1,0,0,0,1,629.0,1
366176,hostaway,2026-11-29T00:00:00.000000,1,0,0,0,1,442.0,1
366176,hostaway,2026-11-30T00:00:00.000000,1,0,0,0,1,338.0,1
366176,hostaway,2026-12-01T00:00:00.000000,1,0,0,0,1,305.0,1
366176,hostaway,2026-12-02T00:00:00.000000,1,0,0,0,1,305.0,1
366176,hostaway,2026-12-03T00:00:00.000000,1,0,0,0,1,398.0,1
366176,hostaway,2026-12-04T00:00:00.000000,1,0,0,0,1,566.0,1
366176,hostaway,2026-12-05T00:00:00.000000,1,0,0,0,1,566.0,1
366176,hostaway,2026-12-06T00:00:00.000000,1,0,0,0,1,398.0,1
366176,hostaway,2026-12-07T00:00:00.000000,1,0,0,0,1,305.0,1
366176,hostaway,2026-12-08T00:00:00.000000,1,0,0,0,1,305.0,1
366176,hostaway,2026-12-09T00:00:00.000000,1,0,0,0,1,305.0,1
366176,hostaway,2026-12-10T00:00:00.000000,1,0,0,0,1,398.0,1
366176,hostaway,2026-12-11T00:00:00.000000,1,0,0,0,1,566.0,1
366176,hostaway,2026-12-12T00:00:00.000000,1,0,0,0,1,566.0,1
366176,hostaway,2026-12-13T00:00:00.000000,1,0,0,0,1,398.0,1
366176,hostaway,2026-12-14T00:00:00.000000,1,0,0,0,1,305.0,1
366176,hostaway,2026-12-15T00:00:00.000000,1,0,0,0,1,305.0,1
366176,hostaway,2026-12-16T00:00:00.000000,1,0,0,0,1,305.0,1
366176,hostaway,2026-12-17T00:00:00.000000,1,0,0,0,1,478.0,1
366176,hostaway,2026-12-18T00:00:00.000000,1,0,0,0,1,680.0,1
366176,hostaway,2026-12-19T00:00:00.000000,1,0,0,0,1,680.0,1
366176,hostaway,2026-12-20T00:00:00.000000,1,0,0,0,1,478.0,1
366176,hostaway,2026-12-21T00:00:00.000000,1,0,0,0,1,366.0,1
366176,hostaway,2026-12-22T00:00:00.000000,1,0,0,0,1,366.0,1
366176,hostaway,2026-12-23T00:00:00.000000,1,0,0,0,1,366.0,1
366176,hostaway,2026-12-24T00:00:00.000000,1,0,0,0,1,557.0,1
366176,hostaway,2026-12-25T00:00:00.000000,1,0,0,0,1,1019.0,1
366176,hostaway,2026-12-26T00:00:00.000000,1,0,0,0,1,1019.0,1
366176,hostaway,2026-12-27T00:00:00.000000,1,0,0,0,1,398.0,1
366176,hostaway,2026-12-28T00:00:00.000000,1,0,0,0,1,305.0,1
366176,hostaway,2026-12-29T00:00:00.000000,1,0,0,0,1,305.0,1
366176,hostaway,2026-12-30T00:00:00.000000,1,0,0,0,1,1219.0,1
366176,hostaway,2026-12-31T00:00:00.000000,1,0,0,0,1,1219.0,1
366176,hostaway,2027-01-01T00:00:00.000000,1,0,0,0,1,453.0,1
366176,hostaway,2027-01-02T00:00:00.000000,1,0,0,0,1,453.0,1
366176,hostaway,2027-01-03T00:00:00.000000,1,0,0,0,1,378.0,1
376368,hostaway,2026-02-02T00:00:00.000000,1,0,0,0,1,175.0,1
376368,hostaway,2026-02-03T00:00:00.000000,1,0,0,0,1,175.0,1
376368,hostaway,2026-02-04T00:00:00.000000,1,0,0,0,1,175.0,1
376368,hostaway,2026-02-05T00:00:00.000000,1,0,0,0,1,192.0,1
376368,hostaway,2026-02-06T00:00:00.000000,1,0,0,0,1,276.0,1
376368,hostaway,2026-02-07T00:00:00.000000,1,0,0,0,1,307.0,1
376368,hostaway,2026-02-08T00:00:00.000000,1,0,0,0,1,210.0,1
376368,hostaway,2026-02-09T00:00:00.000000,1,0,0,0,1,175.0,1
376368,hostaway,2026-02-10T00:00:00.000000,1,0,0,0,1,175.0,1
376368,hostaway,2026-02-11T00:00:00.000000,1,0,0,0,1,200.0,1
376368,hostaway,2026-02-12T00:00:00.000000,1,0,0,0,1,220.0,1
376368,hostaway,2026-02-13T00:00:00.000000,1,1,0,0,1,353.0,0
376368,hostaway,2026-02-14T00:00:00.000000,1,1,0,0,1,353.0,0
376368,hostaway,2026-02-15T00:00:00.000000,1,1,0,0,1,307.0,0
376368,hostaway,2026-02-16T00:00:00.000000,1,0,0,0,1,268.0,1
376368,hostaway,2026-02-17T00:00:00.000000,1,0,0,0,1,268.0,1
376368,hostaway,2026-02-18T00:00:00.000000,1,0,0,0,1,233.0,1
376368,hostaway,2026-02-19T00:00:00.000000,1,0,0,0,1,256.0,1
376368,hostaway,2026-02-20T00:00:00.000000,1,1,0,0,1,307.0,0
376368,hostaway,2026-02-21T00:00:00.000000,1,1,0,0,1,307.0,0
376368,hostaway,2026-02-22T00:00:00.000000,1,0,0,0,1,267.0,1
376368,hostaway,2026-02-23T00:00:00.000000,1,1,0,0,1,233.0,0
376368,hostaway,2026-02-24T00:00:00.000000,1,1,0,0,1,233.0,0
376368,hostaway,2026-02-25T00:00:00.000000,1,1,0,0,1,233.0,0
376368,hostaway,2026-02-26T00:00:00.000000,1,0,0,0,1,267.0,1
376368,hostaway,2026-02-27T00:00:00.000000,1,0,0,0,1,307.0,1
376368,hostaway,2026-02-28T00:00:00.000000,1,0,0,0,1,307.0,1
376368,hostaway,2026-03-01T00:00:00.000000,1,0,0,0,1,297.0,1
376368,hostaway,2026-03-02T00:00:00.000000,1,0,0,0,1,251.0,1
376368,hostaway,2026-03-03T00:00:00.000000,1,0,0,0,1,251.0,1
376368,hostaway,2026-03-04T00:00:00.000000,1,0,0,0,1,251.0,1
376368,hostaway,2026-03-05T00:00:00.000000,1,0,0,0,1,276.0,1
376368,hostaway,2026-03-06T00:00:00.000000,1,1,0,0,1,351.0,0
376368,hostaway,2026-03-07T00:00:00.000000,1,1,0,0,1,351.0,0
376368,hostaway,2026-03-08T00:00:00.000000,1,1,0,0,1,297.0,0
376368,hostaway,2026-03-09T00:00:00.000000,1,0,0,0,1,251.0,1
376368,hostaway,2026-03-10T00:00:00.000000,1,0,0,0,1,251.0,1
376368,hostaway,2026-03-11T00:00:00.000000,1,0,0,0,1,251.0,1
376368,hostaway,2026-03-12T00:00:00.000000,1,0,0,0,1,327.0,1
376368,hostaway,2026-03-13T00:00:00.000000,1,0,0,0,1,463.0,1
376368,hostaway,2026-03-14T00:00:00.000000,1,0,0,0,1,463.0,1
376368,hostaway,2026-03-15T00:00:00.000000,1,0,0,0,1,392.0,1
376368,hostaway,2026-03-16T00:00:00.000000,1,0,0,0,1,301.0,1
376368,hostaway,2026-03-17T00:00:00.000000,1,0,0,0,1,301.0,1
376368,hostaway,2026-03-18T00:00:00.000000,1,0,0,0,1,301.0,1
376368,hostaway,2026-03-19T00:00:00.000000,1,0,0,0,1,421.0,1
376368,hostaway,2026-03-20T00:00:00.000000,1,0,0,0,1,421.0,1
376368,hostaway,2026-03-21T00:00:00.000000,1,0,0,0,1,421.0,1
376368,hostaway,2026-03-22T00:00:00.000000,1,1,0,0,1,301.0,0
376368,hostaway,2026-03-23T00:00:00.000000,1,1,0,0,1,251.0,0
376368,hostaway,2026-03-24T00:00:00.000000,1,0,0,0,1,251.0,1
376368,hostaway,2026-03-25T00:00:00.000000,1,0,0,0,1,251.0,1
376368,hostaway,2026-03-26T00:00:00.000000,1,0,0,0,1,297.0,1
376368,hostaway,2026-03-27T00:00:00.000000,1,0,0,0,1,485.0,1
376368,hostaway,2026-03-28T00:00:00.000000,1,1,0,0,1,404.0,0
376368,hostaway,2026-03-29T00:00:00.000000,1,1,0,0,1,297.0,0
376368,hostaway,2026-03-30T00:00:00.000000,1,0,0,0,1,251.0,1
376368,hostaway,2026-03-31T00:00:00.000000,1,0,0,0,1,251.0,1
376368,hostaway,2026-04-01T00:00:00.000000,1,0,0,0,1,273.0,1
376368,hostaway,2026-04-02T00:00:00.000000,1,0,0,0,1,347.0,1
376368,hostaway,2026-04-03T00:00:00.000000,1,0,0,0,1,405.0,1
376368,hostaway,2026-04-04T00:00:00.000000,1,0,0,0,1,405.0,1
376368,hostaway,2026-04-05T00:00:00.000000,1,0,0,0,1,347.0,1
376368,hostaway,2026-04-06T00:00:00.000000,1,0,0,0,1,273.0,1
376368,hostaway,2026-04-07T00:00:00.000000,1,0,0,0,1,273.0,1
376368,hostaway,2026-04-08T00:00:00.000000,1,0,0,0,1,273.0,1
376368,hostaway,2026-04-09T00:00:00.000000,1,0,0,0,1,347.0,1
376368,hostaway,2026-04-10T00:00:00.000000,1,0,0,0,1,405.0,1
376368,hostaway,2026-04-11T00:00:00.000000,1,0,0,0,1,405.0,1
376368,hostaway,2026-04-12T00:00:00.000000,1,0,0,0,1,347.0,1
376368,hostaway,2026-04-13T00:00:00.000000,1,0,0,0,1,273.0,1
376368,hostaway,2026-04-14T00:00:00.000000,1,0,0,0,1,273.0,1
376368,hostaway,2026-04-15T00:00:00.000000,1,0,0,0,1,273.0,1
376368,hostaway,2026-04-16T00:00:00.000000,1,0,0,0,1,347.0,1
376368,hostaway,2026-04-17T00:00:00.000000,1,0,0,0,1,405.0,1
376368,hostaway,2026-04-18T00:00:00.000000,1,1,0,0,1,405.0,0
376368,hostaway,2026-04-19T00:00:00.000000,1,1,0,0,1,347.0,0
376368,hostaway,2026-04-20T00:00:00.000000,1,0,0,0,1,273.0,1
376368,hostaway,2026-04-21T00:00:00.000000,1,0,0,0,1,273.0,1
376368,hostaway,2026-04-22T00:00:00.000000,1,0,0,0,1,273.0,1
376368,hostaway,2026-04-23T00:00:00.000000,1,0,0,0,1,347.0,1
376368,hostaway,2026-04-24T00:00:00.000000,1,0,0,0,1,405.0,1
376368,hostaway,2026-04-25T00:00:00.000000,1,0,0,0,1,405.0,1
376368,hostaway,2026-04-26T00:00:00.000000,1,0,0,0,1,347.0,1
376368,hostaway,2026-04-27T00:00:00.000000,1,0,0,0,1,273.0,1
376368,hostaway,2026-04-28T00:00:00.000000,1,0,0,0,1,273.0,1
376368,hostaway,2026-04-29T00:00:00.000000,1,0,0,0,1,273.0,1
376368,hostaway,2026-04-30T00:00:00.000000,1,0,0,0,1,347.0,1
376368,hostaway,2026-05-01T00:00:00.000000,1,0,0,0,1,493.0,1
376368,hostaway,2026-05-02T00:00:00.000000,1,0,0,0,1,493.0,1
376368,hostaway,2026-05-03T00:00:00.000000,1,0,0,0,1,415.0,1
376368,hostaway,2026-05-04T00:00:00.000000,1,0,0,0,1,319.0,1
376368,hostaway,2026-05-05T00:00:00.000000,1,0,0,0,1,319.0,1
376368,hostaway,2026-05-06T00:00:00.000000,1,0,0,0,1,319.0,1
376368,hostaway,2026-05-07T00:00:00.000000,1,0,0,0,1,415.0,1
376368,hostaway,2026-05-08T00:00:00.000000,1,0,0,0,1,493.0,1
376368,hostaway,2026-05-09T00:00:00.000000,1,0,0,0,1,493.0,1
376368,hostaway,2026-05-10T00:00:00.000000,1,0,0,0,1,415.0,1
376368,hostaway,2026-05-11T00:00:00.000000,1,0,0,0,1,319.0,1
376368,hostaway,2026-05-12T00:00:00.000000,1,0,0,0,1,319.0,1
376368,hostaway,2026-05-13T00:00:00.000000,1,0,0,0,1,319.0,1
376368,hostaway,2026-05-14T00:00:00.000000,1,0,0,0,1,477.0,1
376368,hostaway,2026-05-15T00:00:00.000000,1,0,0,0,1,567.0,1
376368,hostaway,2026-05-16T00:00:00.000000,1,0,0,0,1,567.0,1
376368,hostaway,2026-05-17T00:00:00.000000,1,0,0,0,1,477.0,1
376368,hostaway,2026-05-18T00:00:00.000000,1,0,0,0,1,367.0,1
376368,hostaway,2026-05-19T00:00:00.000000,1,0,0,0,1,367.0,1
376368,hostaway,2026-05-20T00:00:00.000000,1,0,0,0,1,367.0,1
376368,hostaway,2026-05-21T00:00:00.000000,1,0,0,0,1,477.0,1
376368,hostaway,2026-05-22T00:00:00.000000,1,0,0,0,1,708.0,1
376368,hostaway,2026-05-23T00:00:00.000000,1,0,0,0,1,780.0,1
376368,hostaway,2026-05-24T00:00:00.000000,1,0,0,0,1,597.0,1
376368,hostaway,2026-05-25T00:00:00.000000,1,0,0,0,1,399.0,1
376368,hostaway,2026-05-26T00:00:00.000000,1,0,0,0,1,319.0,1
376368,hostaway,2026-05-27T00:00:00.000000,1,0,0,0,1,319.0,1
376368,hostaway,2026-05-28T00:00:00.000000,1,0,0,0,1,415.0,1
376368,hostaway,2026-05-29T00:00:00.000000,1,0,0,0,1,493.0,1
376368,hostaway,2026-05-30T00:00:00.000000,1,0,0,0,1,493.0,1
376368,hostaway,2026-05-31T00:00:00.000000,1,1,0,0,1,415.0,0
376368,hostaway,2026-06-01T00:00:00.000000,1,1,0,0,1,341.0,0
376368,hostaway,2026-06-02T00:00:00.000000,1,1,0,0,1,341.0,0
376368,hostaway,2026-06-03T00:00:00.000000,1,0,0,0,1,341.0,1
376368,hostaway,2026-06-04T00:00:00.000000,1,0,0,0,1,439.0,1
376368,hostaway,2026-06-05T00:00:00.000000,1,0,0,0,1,521.0,1
376368,hostaway,2026-06-06T00:00:00.000000,1,0,0,0,1,521.0,1
376368,hostaway,2026-06-07T00:00:00.000000,1,0,0,0,1,439.0,1
376368,hostaway,2026-06-08T00:00:00.000000,1,0,0,0,1,341.0,1
376368,hostaway,2026-06-09T00:00:00.000000,1,0,0,0,1,341.0,1
376368,hostaway,2026-06-10T00:00:00.000000,1,0,0,0,1,341.0,1
376368,hostaway,2026-06-11T00:00:00.000000,1,0,0,0,1,439.0,1
376368,hostaway,2026-06-12T00:00:00.000000,1,0,0,0,1,521.0,1
376368,hostaway,2026-06-13T00:00:00.000000,1,0,0,0,1,521.0,1
376368,hostaway,2026-06-14T00:00:00.000000,1,0,0,0,1,439.0,1
376368,hostaway,2026-06-15T00:00:00.000000,1,0,0,0,1,341.0,1
376368,hostaway,2026-06-16T00:00:00.000000,1,0,0,0,1,341.0,1
376368,hostaway,2026-06-17T00:00:00.000000,1,0,0,0,1,341.0,1
376368,hostaway,2026-06-18T00:00:00.000000,1,0,0,0,1,571.0,1
376368,hostaway,2026-06-19T00:00:00.000000,1,0,0,0,1,779.0,1
376368,hostaway,2026-06-20T00:00:00.000000,1,0,0,0,1,857.0,1
376368,hostaway,2026-06-21T00:00:00.000000,1,0,0,0,1,628.0,1
376368,hostaway,2026-06-22T00:00:00.000000,1,0,0,0,1,400.0,1
376368,hostaway,2026-06-23T00:00:00.000000,1,0,0,0,1,400.0,1
376368,hostaway,2026-06-24T00:00:00.000000,1,0,0,0,1,400.0,1
376368,hostaway,2026-06-25T00:00:00.000000,1,0,0,0,1,532.0,1
376368,hostaway,2026-06-26T00:00:00.000000,1,0,0,0,1,1035.0,1
376368,hostaway,2026-06-27T00:00:00.000000,1,0,0,0,1,1035.0,1
376368,hostaway,2026-06-28T00:00:00.000000,1,0,0,0,1,532.0,1
376368,hostaway,2026-06-29T00:00:00.000000,1,0,0,0,1,400.0,1
376368,hostaway,2026-06-30T00:00:00.000000,1,0,0,0,1,400.0,1
376368,hostaway,2026-07-01T00:00:00.000000,1,0,0,0,1,400.0,1
376368,hostaway,2026-07-02T00:00:00.000000,1,0,0,0,1,366.0,1
376368,hostaway,2026-07-03T00:00:00.000000,1,1,0,0,1,1084.0,0
376368,hostaway,2026-07-04T00:00:00.000000,1,1,0,0,1,1084.0,0
376368,hostaway,2026-07-05T00:00:00.000000,1,1,0,0,1,399.0,0
376368,hostaway,2026-07-06T00:00:00.000000,1,1,0,0,1,333.0,0
376368,hostaway,2026-07-07T00:00:00.000000,1,1,0,0,1,333.0,0
376368,hostaway,2026-07-08T00:00:00.000000,1,1,0,0,1,333.0,0
376368,hostaway,2026-07-09T00:00:00.000000,1,1,0,0,1,443.0,0
376368,hostaway,2026-07-10T00:00:00.000000,1,0,0,0,1,941.0,1
376368,hostaway,2026-07-11T00:00:00.000000,1,0,0,0,1,941.0,1
376368,hostaway,2026-07-12T00:00:00.000000,1,0,0,0,1,443.0,1
376368,hostaway,2026-07-13T00:00:00.000000,1,0,0,0,1,333.0,1
376368,hostaway,2026-07-14T00:00:00.000000,1,0,0,0,1,333.0,1
376368,hostaway,2026-07-15T00:00:00.000000,1,0,0,0,1,333.0,1
376368,hostaway,2026-07-16T00:00:00.000000,1,0,0,0,1,443.0,1
376368,hostaway,2026-07-17T00:00:00.000000,1,0,0,0,1,941.0,1
376368,hostaway,2026-07-18T00:00:00.000000,1,0,0,0,1,941.0,1
376368,hostaway,2026-07-19T00:00:00.000000,1,0,0,0,1,443.0,1
376368,hostaway,2026-07-20T00:00:00.000000,1,0,0,0,1,333.0,1
376368,hostaway,2026-07-21T00:00:00.000000,1,0,0,0,1,333.0,1
376368,hostaway,2026-07-22T00:00:00.000000,1,0,0,0,1,333.0,1
376368,hostaway,2026-07-23T00:00:00.000000,1,0,0,0,1,443.0,1
376368,hostaway,2026-07-24T00:00:00.000000,1,0,0,0,1,941.0,1
376368,hostaway,2026-07-25T00:00:00.000000,1,0,0,0,1,941.0,1
376368,hostaway,2026-07-26T00:00:00.000000,1,0,0,0,1,443.0,1
376368,hostaway,2026-07-27T00:00:00.000000,1,0,0,0,1,333.0,1
376368,hostaway,2026-07-28T00:00:00.000000,1,0,0,0,1,333.0,1
376368,hostaway,2026-07-29T00:00:00.000000,1,0,0,0,1,333.0,1
376368,hostaway,2026-07-30T00:00:00.000000,1,0,0,0,1,443.0,1
376368,hostaway,2026-07-31T00:00:00.000000,1,0,0,0,1,941.0,1
376368,hostaway,2026-08-01T00:00:00.000000,1,0,0,0,1,941.0,1
376368,hostaway,2026-08-02T00:00:00.000000,1,0,0,0,1,443.0,1
376368,hostaway,2026-08-03T00:00:00.000000,1,0,0,0,1,398.0,1
376368,hostaway,2026-08-04T00:00:00.000000,1,0,0,0,1,398.0,1
376368,hostaway,2026-08-05T00:00:00.000000,1,0,0,0,1,398.0,1
376368,hostaway,2026-08-06T00:00:00.000000,1,0,0,0,1,520.0,1
376368,hostaway,2026-08-07T00:00:00.000000,1,0,0,0,1,740.0,1
376368,hostaway,2026-08-08T00:00:00.000000,1,0,0,0,1,740.0,1
376368,hostaway,2026-08-09T00:00:00.000000,1,0,0,0,1,520.0,1
376368,hostaway,2026-08-10T00:00:00.000000,1,0,0,0,1,398.0,1
376368,hostaway,2026-08-11T00:00:00.000000,1,0,0,0,1,398.0,1
376368,hostaway,2026-08-12T00:00:00.000000,1,0,0,0,1,398.0,1
376368,hostaway,2026-08-13T00:00:00.000000,1,0,0,0,1,520.0,1
376368,hostaway,2026-08-14T00:00:00.000000,1,0,0,0,1,740.0,1
376368,hostaway,2026-08-15T00:00:00.000000,1,0,0,0,1,740.0,1
376368,hostaway,2026-08-16T00:00:00.000000,1,0,0,0,1,520.0,1
376368,hostaway,2026-08-17T00:00:00.000000,1,0,0,0,1,398.0,1
376368,hostaway,2026-08-18T00:00:00.000000,1,0,0,0,1,398.0,1
376368,hostaway,2026-08-19T00:00:00.000000,1,0,0,0,1,419.0,1
376368,hostaway,2026-08-20T00:00:00.000000,1,0,0,0,1,548.0,1
376368,hostaway,2026-08-21T00:00:00.000000,1,0,0,0,1,779.0,1
376368,hostaway,2026-08-22T00:00:00.000000,1,0,0,0,1,779.0,1
376368,hostaway,2026-08-23T00:00:00.000000,1,0,0,0,1,548.0,1
376368,hostaway,2026-08-24T00:00:00.000000,1,0,0,0,1,419.0,1
376368,hostaway,2026-08-25T00:00:00.000000,1,0,0,0,1,419.0,1
376368,hostaway,2026-08-26T00:00:00.000000,1,0,0,0,1,419.0,1
376368,hostaway,2026-08-27T00:00:00.000000,1,0,0,0,1,548.0,1
376368,hostaway,2026-08-28T00:00:00.000000,1,0,0,0,1,779.0,1
376368,hostaway,2026-08-29T00:00:00.000000,1,0,0,0,1,779.0,1
376368,hostaway,2026-08-30T00:00:00.000000,1,0,0,0,1,548.0,1
376368,hostaway,2026-08-31T00:00:00.000000,1,0,0,0,1,419.0,1
376368,hostaway,2026-09-01T00:00:00.000000,1,0,0,0,1,377.0,1
376368,hostaway,2026-09-02T00:00:00.000000,1,0,0,0,1,377.0,1
376368,hostaway,2026-09-03T00:00:00.000000,1,0,0,0,1,493.0,1
376368,hostaway,2026-09-04T00:00:00.000000,1,0,0,0,1,841.0,1
376368,hostaway,2026-09-05T00:00:00.000000,1,0,0,0,1,841.0,1
376368,hostaway,2026-09-06T00:00:00.000000,1,0,0,0,1,591.0,1
376368,hostaway,2026-09-07T00:00:00.000000,1,0,0,0,1,453.0,1
376368,hostaway,2026-09-08T00:00:00.000000,1,0,0,0,1,377.0,1
376368,hostaway,2026-09-09T00:00:00.000000,1,0,0,0,1,377.0,1
376368,hostaway,2026-09-10T00:00:00.000000,1,0,0,0,1,493.0,1
376368,hostaway,2026-09-11T00:00:00.000000,1,0,0,0,1,701.0,1
376368,hostaway,2026-09-12T00:00:00.000000,1,0,0,0,1,701.0,1
376368,hostaway,2026-09-13T00:00:00.000000,1,0,0,0,1,493.0,1
376368,hostaway,2026-09-14T00:00:00.000000,1,0,0,0,1,377.0,1
376368,hostaway,2026-09-15T00:00:00.000000,1,0,0,0,1,377.0,1
376368,hostaway,2026-09-16T00:00:00.000000,1,0,0,0,1,377.0,1
376368,hostaway,2026-09-17T00:00:00.000000,1,0,0,0,1,493.0,1
376368,hostaway,2026-09-18T00:00:00.000000,1,0,0,0,1,701.0,1
376368,hostaway,2026-09-19T00:00:00.000000,1,0,0,0,1,701.0,1
376368,hostaway,2026-09-20T00:00:00.000000,1,0,0,0,1,493.0,1
376368,hostaway,2026-09-21T00:00:00.000000,1,0,0,0,1,377.0,1
376368,hostaway,2026-09-22T00:00:00.000000,1,0,0,0,1,377.0,1
376368,hostaway,2026-09-23T00:00:00.000000,1,0,0,0,1,377.0,1
376368,hostaway,2026-09-24T00:00:00.000000,1,0,0,0,1,493.0,1
376368,hostaway,2026-09-25T00:00:00.000000,1,0,0,0,1,701.0,1
376368,hostaway,2026-09-26T00:00:00.000000,1,0,0,0,1,701.0,1
376368,hostaway,2026-09-27T00:00:00.000000,1,0,0,0,1,493.0,1
376368,hostaway,2026-09-28T00:00:00.000000,1,0,0,0,1,377.0,1
376368,hostaway,2026-09-29T00:00:00.000000,1,0,0,0,1,377.0,1
376368,hostaway,2026-09-30T00:00:00.000000,1,0,0,0,1,377.0,1
376368,hostaway,2026-10-01T00:00:00.000000,1,0,0,0,1,444.0,1
376368,hostaway,2026-10-02T00:00:00.000000,1,0,0,0,1,631.0,1
376368,hostaway,2026-10-03T00:00:00.000000,1,0,0,0,1,631.0,1
376368,hostaway,2026-10-04T00:00:00.000000,1,0,0,0,1,444.0,1
376368,hostaway,2026-10-05T00:00:00.000000,1,0,0,0,1,339.0,1
376368,hostaway,2026-10-06T00:00:00.000000,1,0,0,0,1,339.0,1
376368,hostaway,2026-10-07T00:00:00.000000,1,0,0,0,1,339.0,1
376368,hostaway,2026-10-08T00:00:00.000000,1,0,0,0,1,444.0,1
376368,hostaway,2026-10-09T00:00:00.000000,1,0,0,0,1,631.0,1
376368,hostaway,2026-10-10T00:00:00.000000,1,0,0,0,1,631.0,1
376368,hostaway,2026-10-11T00:00:00.000000,1,0,0,0,1,444.0,1
376368,hostaway,2026-10-12T00:00:00.000000,1,0,0,0,1,339.0,1
376368,hostaway,2026-10-13T00:00:00.000000,1,0,0,0,1,339.0,1
376368,hostaway,2026-10-14T00:00:00.000000,1,0,0,0,1,339.0,1
376368,hostaway,2026-10-15T00:00:00.000000,1,0,0,0,1,444.0,1
376368,hostaway,2026-10-16T00:00:00.000000,1,0,0,0,1,631.0,1
376368,hostaway,2026-10-17T00:00:00.000000,1,0,0,0,1,631.0,1
376368,hostaway,2026-10-18T00:00:00.000000,1,0,0,0,1,444.0,1
376368,hostaway,2026-10-19T00:00:00.000000,1,0,0,0,1,339.0,1
376368,hostaway,2026-10-20T00:00:00.000000,1,0,0,0,1,339.0,1
376368,hostaway,2026-10-21T00:00:00.000000,1,0,0,0,1,339.0,1
376368,hostaway,2026-10-22T00:00:00.000000,1,0,0,0,1,444.0,1
376368,hostaway,2026-10-23T00:00:00.000000,1,0,0,0,1,631.0,1
376368,hostaway,2026-10-24T00:00:00.000000,1,0,0,0,1,631.0,1
376368,hostaway,2026-10-25T00:00:00.000000,1,0,0,0,1,444.0,1
376368,hostaway,2026-10-26T00:00:00.000000,1,0,0,0,1,339.0,1
376368,hostaway,2026-10-27T00:00:00.000000,1,0,0,0,1,339.0,1
376368,hostaway,2026-10-28T00:00:00.000000,1,0,0,0,1,339.0,1
376368,hostaway,2026-10-29T00:00:00.000000,1,0,0,0,1,444.0,1
376368,hostaway,2026-10-30T00:00:00.000000,1,0,0,0,1,631.0,1
376368,hostaway,2026-10-31T00:00:00.000000,1,0,0,0,1,631.0,1
376368,hostaway,2026-11-01T00:00:00.000000,1,0,0,0,1,399.0,1
376368,hostaway,2026-11-02T00:00:00.000000,1,0,0,0,1,305.0,1
376368,hostaway,2026-11-03T00:00:00.000000,1,0,0,0,1,305.0,1
376368,hostaway,2026-11-04T00:00:00.000000,1,0,0,0,1,305.0,1
376368,hostaway,2026-11-05T00:00:00.000000,1,0,0,0,1,399.0,1
376368,hostaway,2026-11-06T00:00:00.000000,1,0,0,0,1,568.0,1
376368,hostaway,2026-11-07T00:00:00.000000,1,0,0,0,1,568.0,1
376368,hostaway,2026-11-08T00:00:00.000000,1,0,0,0,1,399.0,1
376368,hostaway,2026-11-09T00:00:00.000000,1,0,0,0,1,305.0,1
376368,hostaway,2026-11-10T00:00:00.000000,1,0,0,0,1,305.0,1
376368,hostaway,2026-11-11T00:00:00.000000,1,0,0,0,1,305.0,1
376368,hostaway,2026-11-12T00:00:00.000000,1,0,0,0,1,399.0,1
376368,hostaway,2026-11-13T00:00:00.000000,1,0,0,0,1,568.0,1
376368,hostaway,2026-11-14T00:00:00.000000,1,0,0,0,1,568.0,1
376368,hostaway,2026-11-15T00:00:00.000000,1,0,0,0,1,399.0,1
376368,hostaway,2026-11-16T00:00:00.000000,1,0,0,0,1,305.0,1
376368,hostaway,2026-11-17T00:00:00.000000,1,0,0,0,1,305.0,1
376368,hostaway,2026-11-18T00:00:00.000000,1,0,0,0,1,305.0,1
376368,hostaway,2026-11-19T00:00:00.000000,1,0,0,0,1,399.0,1
376368,hostaway,2026-11-20T00:00:00.000000,1,0,0,0,1,568.0,1
376368,hostaway,2026-11-21T00:00:00.000000,1,0,0,0,1,568.0,1
376368,hostaway,2026-11-22T00:00:00.000000,1,0,0,0,1,399.0,1
376368,hostaway,2026-11-23T00:00:00.000000,1,0,0,0,1,305.0,1
376368,hostaway,2026-11-24T00:00:00.000000,1,0,0,0,1,305.0,1
376368,hostaway,2026-11-25T00:00:00.000000,1,0,0,0,1,305.0,1
376368,hostaway,2026-11-26T00:00:00.000000,1,0,0,0,1,559.0,1
376368,hostaway,2026-11-27T00:00:00.000000,1,0,0,0,1,568.0,1
376368,hostaway,2026-11-28T00:00:00.000000,1,0,0,0,1,568.0,1
376368,hostaway,2026-11-29T00:00:00.000000,1,0,0,0,1,399.0,1
376368,hostaway,2026-11-30T00:00:00.000000,1,0,0,0,1,305.0,1
376368,hostaway,2026-12-01T00:00:00.000000,1,0,0,0,1,275.0,1
376368,hostaway,2026-12-02T00:00:00.000000,1,0,0,0,1,275.0,1
376368,hostaway,2026-12-03T00:00:00.000000,1,0,0,0,1,359.0,1
376368,hostaway,2026-12-04T00:00:00.000000,1,0,0,0,1,511.0,1
376368,hostaway,2026-12-05T00:00:00.000000,1,0,0,0,1,511.0,1
376368,hostaway,2026-12-06T00:00:00.000000,1,0,0,0,1,359.0,1
376368,hostaway,2026-12-07T00:00:00.000000,1,0,0,0,1,275.0,1
376368,hostaway,2026-12-08T00:00:00.000000,1,0,0,0,1,275.0,1
376368,hostaway,2026-12-09T00:00:00.000000,1,0,0,0,1,275.0,1
376368,hostaway,2026-12-10T00:00:00.000000,1,0,0,0,1,359.0,1
376368,hostaway,2026-12-11T00:00:00.000000,1,0,0,0,1,511.0,1
376368,hostaway,2026-12-12T00:00:00.000000,1,0,0,0,1,511.0,1
376368,hostaway,2026-12-13T00:00:00.000000,1,0,0,0,1,359.0,1
376368,hostaway,2026-12-14T00:00:00.000000,1,0,0,0,1,275.0,1
376368,hostaway,2026-12-15T00:00:00.000000,1,0,0,0,1,275.0,1
376368,hostaway,2026-12-16T00:00:00.000000,1,0,0,0,1,275.0,1
376368,hostaway,2026-12-17T00:00:00.000000,1,0,0,0,1,431.0,1
376368,hostaway,2026-12-18T00:00:00.000000,1,0,0,0,1,613.0,1
376368,hostaway,2026-12-19T00:00:00.000000,1,0,0,0,1,613.0,1
376368,hostaway,2026-12-20T00:00:00.000000,1,0,0,0,1,431.0,1
376368,hostaway,2026-12-21T00:00:00.000000,1,0,0,0,1,330.0,1
376368,hostaway,2026-12-22T00:00:00.000000,1,0,0,0,1,330.0,1
376368,hostaway,2026-12-23T00:00:00.000000,1,0,0,0,1,330.0,1
376368,hostaway,2026-12-24T00:00:00.000000,1,0,0,0,1,503.0,1
376368,hostaway,2026-12-25T00:00:00.000000,1,0,0,0,1,920.0,1
376368,hostaway,2026-12-26T00:00:00.000000,1,0,0,0,1,920.0,1
376368,hostaway,2026-12-27T00:00:00.000000,1,0,0,0,1,359.0,1
376368,hostaway,2026-12-28T00:00:00.000000,1,0,0,0,1,275.0,1
376368,hostaway,2026-12-29T00:00:00.000000,1,0,0,0,1,275.0,1
376368,hostaway,2026-12-30T00:00:00.000000,1,0,0,0,1,1100.0,1
376368,hostaway,2026-12-31T00:00:00.000000,1,0,0,0,1,1100.0,1
376368,hostaway,2027-01-01T00:00:00.000000,1,0,0,0,1,409.0,1
376368,hostaway,2027-01-02T00:00:00.000000,1,0,0,0,1,409.0,1
376368,hostaway,2027-01-03T00:00:00.000000,1,0,0,0,1,341.0,1
383097,hostaway,2026-02-02T00:00:00.000000,1,0,0,0,1,200.0,1
383097,hostaway,2026-02-03T00:00:00.000000,1,0,0,0,1,200.0,1
383097,hostaway,2026-02-04T00:00:00.000000,1,0,0,0,1,200.0,1
383097,hostaway,2026-02-05T00:00:00.000000,1,0,0,0,1,229.0,1
383097,hostaway,2026-02-06T00:00:00.000000,1,0,0,0,1,298.0,1
383097,hostaway,2026-02-07T00:00:00.000000,1,0,0,0,1,331.0,1
383097,hostaway,2026-02-08T00:00:00.000000,1,0,0,0,1,229.0,1
383097,hostaway,2026-02-09T00:00:00.000000,1,0,0,0,1,200.0,1
383097,hostaway,2026-02-10T00:00:00.000000,1,0,0,0,1,200.0,1
383097,hostaway,2026-02-11T00:00:00.000000,1,0,0,0,1,230.0,1
383097,hostaway,2026-02-12T00:00:00.000000,1,0,0,0,1,253.0,1
383097,hostaway,2026-02-13T00:00:00.000000,1,1,0,0,1,419.0,0
383097,hostaway,2026-02-14T00:00:00.000000,1,1,0,0,1,419.0,0
383097,hostaway,2026-02-15T00:00:00.000000,1,0,0,0,1,329.0,1
383097,hostaway,2026-02-16T00:00:00.000000,1,0,0,0,1,288.0,1
383097,hostaway,2026-02-17T00:00:00.000000,1,0,0,0,1,288.0,1
383097,hostaway,2026-02-18T00:00:00.000000,1,0,0,0,1,250.0,1
383097,hostaway,2026-02-19T00:00:00.000000,1,0,0,0,1,286.0,1
383097,hostaway,2026-02-20T00:00:00.000000,1,0,0,0,1,364.0,1
383097,hostaway,2026-02-21T00:00:00.000000,1,0,0,0,1,381.0,1
383097,hostaway,2026-02-22T00:00:00.000000,1,0,0,0,1,286.0,1
383097,hostaway,2026-02-23T00:00:00.000000,1,0,0,0,1,250.0,1
383097,hostaway,2026-02-24T00:00:00.000000,1,0,0,0,1,250.0,1
383097,hostaway,2026-02-25T00:00:00.000000,1,0,0,0,1,250.0,1
383097,hostaway,2026-02-26T00:00:00.000000,1,0,0,0,1,286.0,1
383097,hostaway,2026-02-27T00:00:00.000000,1,0,0,0,1,331.0,1
383097,hostaway,2026-02-28T00:00:00.000000,1,0,0,0,1,331.0,1
383097,hostaway,2026-03-01T00:00:00.000000,1,0,0,0,1,321.0,1
383097,hostaway,2026-03-02T00:00:00.000000,1,0,0,0,1,272.0,1
383097,hostaway,2026-03-03T00:00:00.000000,1,0,0,0,1,272.0,1
383097,hostaway,2026-03-04T00:00:00.000000,1,0,0,0,1,272.0,1
383097,hostaway,2026-03-05T00:00:00.000000,1,0,0,0,1,369.0,1
383097,hostaway,2026-03-06T00:00:00.000000,1,0,0,0,1,499.0,1
383097,hostaway,2026-03-07T00:00:00.000000,1,0,0,0,1,499.0,1
383097,hostaway,2026-03-08T00:00:00.000000,1,0,0,0,1,369.0,1
383097,hostaway,2026-03-09T00:00:00.000000,1,1,0,0,1,272.0,0
383097,hostaway,2026-03-10T00:00:00.000000,1,1,0,0,1,272.0,0
383097,hostaway,2026-03-11T00:00:00.000000,1,0,0,0,1,272.0,1
383097,hostaway,2026-03-12T00:00:00.000000,1,0,0,0,1,353.0,1
383097,hostaway,2026-03-13T00:00:00.000000,1,0,0,0,1,497.0,1
383097,hostaway,2026-03-14T00:00:00.000000,1,0,0,0,1,497.0,1
383097,hostaway,2026-03-15T00:00:00.000000,1,0,0,0,1,424.0,1
383097,hostaway,2026-03-16T00:00:00.000000,1,0,0,0,1,326.0,1
383097,hostaway,2026-03-17T00:00:00.000000,1,0,0,0,1,326.0,1
383097,hostaway,2026-03-18T00:00:00.000000,1,0,0,0,1,326.0,1
383097,hostaway,2026-03-19T00:00:00.000000,1,0,0,0,1,452.0,1
383097,hostaway,2026-03-20T00:00:00.000000,1,0,0,0,1,452.0,1
383097,hostaway,2026-03-21T00:00:00.000000,1,0,0,0,1,452.0,1
383097,hostaway,2026-03-22T00:00:00.000000,1,0,0,0,1,326.0,1
383097,hostaway,2026-03-23T00:00:00.000000,1,0,0,0,1,272.0,1
383097,hostaway,2026-03-24T00:00:00.000000,1,0,0,0,1,272.0,1
383097,hostaway,2026-03-25T00:00:00.000000,1,0,0,0,1,272.0,1
383097,hostaway,2026-03-26T00:00:00.000000,1,0,0,0,1,321.0,1
383097,hostaway,2026-03-27T00:00:00.000000,1,0,0,0,1,521.0,1
383097,hostaway,2026-03-28T00:00:00.000000,1,0,0,0,1,434.0,1
383097,hostaway,2026-03-29T00:00:00.000000,1,0,0,0,1,385.0,1
383097,hostaway,2026-03-30T00:00:00.000000,1,0,0,0,1,272.0,1
383097,hostaway,2026-03-31T00:00:00.000000,1,0,0,0,1,272.0,1
383097,hostaway,2026-04-01T00:00:00.000000,1,0,0,0,1,295.0,1
383097,hostaway,2026-04-02T00:00:00.000000,1,0,0,0,1,371.0,1
383097,hostaway,2026-04-03T00:00:00.000000,1,0,0,0,1,433.0,1
383097,hostaway,2026-04-04T00:00:00.000000,1,0,0,0,1,433.0,1
383097,hostaway,2026-04-05T00:00:00.000000,1,0,0,0,1,371.0,1
383097,hostaway,2026-04-06T00:00:00.000000,1,0,0,0,1,295.0,1
383097,hostaway,2026-04-07T00:00:00.000000,1,0,0,0,1,295.0,1
383097,hostaway,2026-04-08T00:00:00.000000,1,0,0,0,1,295.0,1
383097,hostaway,2026-04-09T00:00:00.000000,1,0,0,0,1,371.0,1
383097,hostaway,2026-04-10T00:00:00.000000,1,0,0,0,1,433.0,1
383097,hostaway,2026-04-11T00:00:00.000000,1,0,0,0,1,433.0,1
383097,hostaway,2026-04-12T00:00:00.000000,1,0,0,0,1,371.0,1
383097,hostaway,2026-04-13T00:00:00.000000,1,0,0,0,1,295.0,1
383097,hostaway,2026-04-14T00:00:00.000000,1,0,0,0,1,295.0,1
383097,hostaway,2026-04-15T00:00:00.000000,1,0,0,0,1,295.0,1
383097,hostaway,2026-04-16T00:00:00.000000,1,0,0,0,1,371.0,1
383097,hostaway,2026-04-17T00:00:00.000000,1,0,0,0,1,433.0,1
383097,hostaway,2026-04-18T00:00:00.000000,1,0,0,0,1,433.0,1
383097,hostaway,2026-04-19T00:00:00.000000,1,0,0,0,1,371.0,1
383097,hostaway,2026-04-20T00:00:00.000000,1,0,0,0,1,295.0,1
383097,hostaway,2026-04-21T00:00:00.000000,1,0,0,0,1,295.0,1
383097,hostaway,2026-04-22T00:00:00.000000,1,0,0,0,1,295.0,1
383097,hostaway,2026-04-23T00:00:00.000000,1,0,0,0,1,371.0,1
383097,hostaway,2026-04-24T00:00:00.000000,1,0,0,0,1,433.0,1
383097,hostaway,2026-04-25T00:00:00.000000,1,0,0,0,1,433.0,1
383097,hostaway,2026-04-26T00:00:00.000000,1,0,0,0,1,371.0,1
383097,hostaway,2026-04-27T00:00:00.000000,1,0,0,0,1,295.0,1
383097,hostaway,2026-04-28T00:00:00.000000,1,0,0,0,1,295.0,1
383097,hostaway,2026-04-29T00:00:00.000000,1,0,0,0,1,295.0,1
383097,hostaway,2026-04-30T00:00:00.000000,1,0,0,0,1,371.0,1
383097,hostaway,2026-05-01T00:00:00.000000,1,0,0,0,1,515.0,1
383097,hostaway,2026-05-02T00:00:00.000000,1,0,0,0,1,515.0,1
383097,hostaway,2026-05-03T00:00:00.000000,1,0,0,0,1,433.0,1
383097,hostaway,2026-05-04T00:00:00.000000,1,0,0,0,1,339.0,1
383097,hostaway,2026-05-05T00:00:00.000000,1,0,0,0,1,339.0,1
383097,hostaway,2026-05-06T00:00:00.000000,1,0,0,0,1,339.0,1
383097,hostaway,2026-05-07T00:00:00.000000,1,0,0,0,1,433.0,1
383097,hostaway,2026-05-08T00:00:00.000000,1,0,0,0,1,515.0,1
383097,hostaway,2026-05-09T00:00:00.000000,1,0,0,0,1,515.0,1
383097,hostaway,2026-05-10T00:00:00.000000,1,0,0,0,1,433.0,1
383097,hostaway,2026-05-11T00:00:00.000000,1,0,0,0,1,339.0,1
383097,hostaway,2026-05-12T00:00:00.000000,1,0,0,0,1,339.0,1
383097,hostaway,2026-05-13T00:00:00.000000,1,0,0,0,1,339.0,1
383097,hostaway,2026-05-14T00:00:00.000000,1,0,0,0,1,498.0,1
383097,hostaway,2026-05-15T00:00:00.000000,1,0,0,0,1,592.0,1
383097,hostaway,2026-05-16T00:00:00.000000,1,0,0,0,1,592.0,1
383097,hostaway,2026-05-17T00:00:00.000000,1,0,0,0,1,498.0,1
383097,hostaway,2026-05-18T00:00:00.000000,1,0,0,0,1,390.0,1
383097,hostaway,2026-05-19T00:00:00.000000,1,0,0,0,1,390.0,1
383097,hostaway,2026-05-20T00:00:00.000000,1,0,0,0,1,390.0,1
383097,hostaway,2026-05-21T00:00:00.000000,1,0,0,0,1,498.0,1
383097,hostaway,2026-05-22T00:00:00.000000,1,0,0,0,1,741.0,1
383097,hostaway,2026-05-23T00:00:00.000000,1,0,0,0,1,814.0,1
383097,hostaway,2026-05-24T00:00:00.000000,1,0,0,0,1,622.0,1
383097,hostaway,2026-05-25T00:00:00.000000,1,0,0,0,1,424.0,1
383097,hostaway,2026-05-26T00:00:00.000000,1,0,0,0,1,339.0,1
383097,hostaway,2026-05-27T00:00:00.000000,1,0,0,0,1,339.0,1
383097,hostaway,2026-05-28T00:00:00.000000,1,0,0,0,1,433.0,1
383097,hostaway,2026-05-29T00:00:00.000000,1,0,0,0,1,515.0,1
383097,hostaway,2026-05-30T00:00:00.000000,1,0,0,0,1,515.0,1
383097,hostaway,2026-05-31T00:00:00.000000,1,0,0,0,1,476.0,1
383097,hostaway,2026-06-01T00:00:00.000000,1,0,0,0,1,398.0,1
383097,hostaway,2026-06-02T00:00:00.000000,1,0,0,0,1,398.0,1
383097,hostaway,2026-06-03T00:00:00.000000,1,0,0,0,1,362.0,1
383097,hostaway,2026-06-04T00:00:00.000000,1,0,0,0,1,459.0,1
383097,hostaway,2026-06-05T00:00:00.000000,1,0,0,0,1,542.0,1
383097,hostaway,2026-06-06T00:00:00.000000,1,0,0,0,1,542.0,1
383097,hostaway,2026-06-07T00:00:00.000000,1,0,0,0,1,459.0,1
383097,hostaway,2026-06-08T00:00:00.000000,1,0,0,0,1,362.0,1
383097,hostaway,2026-06-09T00:00:00.000000,1,0,0,0,1,362.0,1
383097,hostaway,2026-06-10T00:00:00.000000,1,0,0,0,1,362.0,1
383097,hostaway,2026-06-11T00:00:00.000000,1,0,0,0,1,459.0,1
383097,hostaway,2026-06-12T00:00:00.000000,1,0,0,0,1,542.0,1
383097,hostaway,2026-06-13T00:00:00.000000,1,0,0,0,1,542.0,1
383097,hostaway,2026-06-14T00:00:00.000000,1,0,0,0,1,459.0,1
383097,hostaway,2026-06-15T00:00:00.000000,1,0,0,0,1,362.0,1
383097,hostaway,2026-06-16T00:00:00.000000,1,0,0,0,1,362.0,1
383097,hostaway,2026-06-17T00:00:00.000000,1,0,0,0,1,362.0,1
383097,hostaway,2026-06-18T00:00:00.000000,1,0,0,0,1,597.0,1
383097,hostaway,2026-06-19T00:00:00.000000,1,0,0,0,1,810.0,1
383097,hostaway,2026-06-20T00:00:00.000000,1,0,0,0,1,891.0,1
383097,hostaway,2026-06-21T00:00:00.000000,1,0,0,0,1,656.0,1
383097,hostaway,2026-06-22T00:00:00.000000,1,0,0,0,1,443.0,1
383097,hostaway,2026-06-23T00:00:00.000000,1,0,0,0,1,443.0,1
383097,hostaway,2026-06-24T00:00:00.000000,1,0,0,0,1,443.0,1
383097,hostaway,2026-06-25T00:00:00.000000,1,0,0,0,1,564.0,1
383097,hostaway,2026-06-26T00:00:00.000000,1,0,0,0,1,1063.0,1
383097,hostaway,2026-06-27T00:00:00.000000,1,0,0,0,1,1063.0,1
383097,hostaway,2026-06-28T00:00:00.000000,1,0,0,0,1,564.0,1
383097,hostaway,2026-06-29T00:00:00.000000,1,0,0,0,1,443.0,1
383097,hostaway,2026-06-30T00:00:00.000000,1,0,0,0,1,443.0,1
383097,hostaway,2026-07-01T00:00:00.000000,1,0,0,0,1,443.0,1
383097,hostaway,2026-07-02T00:00:00.000000,1,0,0,0,1,518.0,1
383097,hostaway,2026-07-03T00:00:00.000000,1,0,0,0,1,1064.0,1
383097,hostaway,2026-07-04T00:00:00.000000,1,0,0,0,1,1064.0,1
383097,hostaway,2026-07-05T00:00:00.000000,1,0,0,0,1,518.0,1
383097,hostaway,2026-07-06T00:00:00.000000,1,0,0,0,1,406.0,1
383097,hostaway,2026-07-07T00:00:00.000000,1,0,0,0,1,406.0,1
383097,hostaway,2026-07-08T00:00:00.000000,1,0,0,0,1,406.0,1
383097,hostaway,2026-07-09T00:00:00.000000,1,0,0,0,1,517.0,1
383097,hostaway,2026-07-10T00:00:00.000000,1,0,0,0,1,966.0,1
383097,hostaway,2026-07-11T00:00:00.000000,1,0,0,0,1,966.0,1
383097,hostaway,2026-07-12T00:00:00.000000,1,0,0,0,1,470.0,1
383097,hostaway,2026-07-13T00:00:00.000000,1,0,0,0,1,369.0,1
383097,hostaway,2026-07-14T00:00:00.000000,1,0,0,0,1,369.0,1
383097,hostaway,2026-07-15T00:00:00.000000,1,0,0,0,1,369.0,1
383097,hostaway,2026-07-16T00:00:00.000000,1,0,0,0,1,470.0,1
383097,hostaway,2026-07-17T00:00:00.000000,1,0,0,0,1,966.0,1
383097,hostaway,2026-07-18T00:00:00.000000,1,0,0,0,1,966.0,1
383097,hostaway,2026-07-19T00:00:00.000000,1,0,0,0,1,470.0,1
383097,hostaway,2026-07-20T00:00:00.000000,1,0,0,0,1,369.0,1
383097,hostaway,2026-07-21T00:00:00.000000,1,0,0,0,1,369.0,1
383097,hostaway,2026-07-22T00:00:00.000000,1,0,0,0,1,369.0,1
383097,hostaway,2026-07-23T00:00:00.000000,1,0,0,0,1,470.0,1
383097,hostaway,2026-07-24T00:00:00.000000,1,0,0,0,1,966.0,1
383097,hostaway,2026-07-25T00:00:00.000000,1,0,0,0,1,966.0,1
383097,hostaway,2026-07-26T00:00:00.000000,1,0,0,0,1,470.0,1
383097,hostaway,2026-07-27T00:00:00.000000,1,0,0,0,1,369.0,1
383097,hostaway,2026-07-28T00:00:00.000000,1,0,0,0,1,369.0,1
383097,hostaway,2026-07-29T00:00:00.000000,1,0,0,0,1,369.0,1
383097,hostaway,2026-07-30T00:00:00.000000,1,0,0,0,1,470.0,1
383097,hostaway,2026-07-31T00:00:00.000000,1,0,0,0,1,966.0,1
383097,hostaway,2026-08-01T00:00:00.000000,1,0,0,0,1,966.0,1
383097,hostaway,2026-08-02T00:00:00.000000,1,0,0,0,1,470.0,1
383097,hostaway,2026-08-03T00:00:00.000000,1,0,0,0,1,359.0,1
383097,hostaway,2026-08-04T00:00:00.000000,1,0,0,0,1,359.0,1
383097,hostaway,2026-08-05T00:00:00.000000,1,0,0,0,1,359.0,1
383097,hostaway,2026-08-06T00:00:00.000000,1,0,0,0,1,469.0,1
383097,hostaway,2026-08-07T00:00:00.000000,1,0,0,0,1,667.0,1
383097,hostaway,2026-08-08T00:00:00.000000,1,0,0,0,1,667.0,1
383097,hostaway,2026-08-09T00:00:00.000000,1,0,0,0,1,469.0,1
383097,hostaway,2026-08-10T00:00:00.000000,1,0,0,0,1,359.0,1
383097,hostaway,2026-08-11T00:00:00.000000,1,0,0,0,1,359.0,1
383097,hostaway,2026-08-12T00:00:00.000000,1,0,0,0,1,359.0,1
383097,hostaway,2026-08-13T00:00:00.000000,1,0,0,0,1,469.0,1
383097,hostaway,2026-08-14T00:00:00.000000,1,0,0,0,1,667.0,1
383097,hostaway,2026-08-15T00:00:00.000000,1,0,0,0,1,667.0,1
383097,hostaway,2026-08-16T00:00:00.000000,1,0,0,0,1,469.0,1
383097,hostaway,2026-08-17T00:00:00.000000,1,0,0,0,1,359.0,1
383097,hostaway,2026-08-18T00:00:00.000000,1,0,0,0,1,359.0,1
383097,hostaway,2026-08-19T00:00:00.000000,1,0,0,0,1,378.0,1
383097,hostaway,2026-08-20T00:00:00.000000,1,0,0,0,1,494.0,1
383097,hostaway,2026-08-21T00:00:00.000000,1,0,0,0,1,703.0,1
383097,hostaway,2026-08-22T00:00:00.000000,1,0,0,0,1,703.0,1
383097,hostaway,2026-08-23T00:00:00.000000,1,0,0,0,1,494.0,1
383097,hostaway,2026-08-24T00:00:00.000000,1,0,0,0,1,378.0,1
383097,hostaway,2026-08-25T00:00:00.000000,1,0,0,0,1,378.0,1
383097,hostaway,2026-08-26T00:00:00.000000,1,0,0,0,1,378.0,1
383097,hostaway,2026-08-27T00:00:00.000000,1,0,0,0,1,494.0,1
383097,hostaway,2026-08-28T00:00:00.000000,1,0,0,0,1,703.0,1
383097,hostaway,2026-08-29T00:00:00.000000,1,0,0,0,1,703.0,1
383097,hostaway,2026-08-30T00:00:00.000000,1,0,0,0,1,494.0,1
383097,hostaway,2026-08-31T00:00:00.000000,1,0,0,0,1,378.0,1
383097,hostaway,2026-09-01T00:00:00.000000,1,0,0,0,1,340.0,1
383097,hostaway,2026-09-02T00:00:00.000000,1,0,0,0,1,340.0,1
383097,hostaway,2026-09-03T00:00:00.000000,1,0,0,0,1,445.0,1
383097,hostaway,2026-09-04T00:00:00.000000,1,0,0,0,1,759.0,1
383097,hostaway,2026-09-05T00:00:00.000000,1,0,0,0,1,759.0,1
383097,hostaway,2026-09-06T00:00:00.000000,1,0,0,0,1,534.0,1
383097,hostaway,2026-09-07T00:00:00.000000,1,0,0,0,1,408.0,1
383097,hostaway,2026-09-08T00:00:00.000000,1,0,0,0,1,340.0,1
383097,hostaway,2026-09-09T00:00:00.000000,1,0,0,0,1,340.0,1
383097,hostaway,2026-09-10T00:00:00.000000,1,0,0,0,1,445.0,1
383097,hostaway,2026-09-11T00:00:00.000000,1,0,0,0,1,633.0,1
383097,hostaway,2026-09-12T00:00:00.000000,1,0,0,0,1,633.0,1
383097,hostaway,2026-09-13T00:00:00.000000,1,0,0,0,1,445.0,1
383097,hostaway,2026-09-14T00:00:00.000000,1,0,0,0,1,340.0,1
383097,hostaway,2026-09-15T00:00:00.000000,1,0,0,0,1,340.0,1
383097,hostaway,2026-09-16T00:00:00.000000,1,0,0,0,1,340.0,1
383097,hostaway,2026-09-17T00:00:00.000000,1,0,0,0,1,445.0,1
383097,hostaway,2026-09-18T00:00:00.000000,1,0,0,0,1,633.0,1
383097,hostaway,2026-09-19T00:00:00.000000,1,0,0,0,1,633.0,1
383097,hostaway,2026-09-20T00:00:00.000000,1,0,0,0,1,445.0,1
383097,hostaway,2026-09-21T00:00:00.000000,1,0,0,0,1,340.0,1
383097,hostaway,2026-09-22T00:00:00.000000,1,0,0,0,1,340.0,1
383097,hostaway,2026-09-23T00:00:00.000000,1,0,0,0,1,340.0,1
383097,hostaway,2026-09-24T00:00:00.000000,1,0,0,0,1,445.0,1
383097,hostaway,2026-09-25T00:00:00.000000,1,0,0,0,1,633.0,1
383097,hostaway,2026-09-26T00:00:00.000000,1,0,0,0,1,633.0,1
383097,hostaway,2026-09-27T00:00:00.000000,1,0,0,0,1,445.0,1
383097,hostaway,2026-09-28T00:00:00.000000,1,0,0,0,1,340.0,1
383097,hostaway,2026-09-29T00:00:00.000000,1,0,0,0,1,340.0,1
383097,hostaway,2026-09-30T00:00:00.000000,1,0,0,0,1,340.0,1
383097,hostaway,2026-10-01T00:00:00.000000,1,0,0,0,1,400.0,1
383097,hostaway,2026-10-02T00:00:00.000000,1,0,0,0,1,570.0,1
383097,hostaway,2026-10-03T00:00:00.000000,1,0,0,0,1,570.0,1
383097,hostaway,2026-10-04T00:00:00.000000,1,0,0,0,1,400.0,1
383097,hostaway,2026-10-05T00:00:00.000000,1,0,0,0,1,306.0,1
383097,hostaway,2026-10-06T00:00:00.000000,1,0,0,0,1,306.0,1
383097,hostaway,2026-10-07T00:00:00.000000,1,0,0,0,1,306.0,1
383097,hostaway,2026-10-08T00:00:00.000000,1,0,0,0,1,400.0,1
383097,hostaway,2026-10-09T00:00:00.000000,1,0,0,0,1,570.0,1
383097,hostaway,2026-10-10T00:00:00.000000,1,0,0,0,1,570.0,1
383097,hostaway,2026-10-11T00:00:00.000000,1,0,0,0,1,400.0,1
383097,hostaway,2026-10-12T00:00:00.000000,1,0,0,0,1,306.0,1
383097,hostaway,2026-10-13T00:00:00.000000,1,0,0,0,1,306.0,1
383097,hostaway,2026-10-14T00:00:00.000000,1,0,0,0,1,306.0,1
383097,hostaway,2026-10-15T00:00:00.000000,1,0,0,0,1,400.0,1
383097,hostaway,2026-10-16T00:00:00.000000,1,0,0,0,1,570.0,1
383097,hostaway,2026-10-17T00:00:00.000000,1,0,0,0,1,570.0,1
383097,hostaway,2026-10-18T00:00:00.000000,1,0,0,0,1,400.0,1
383097,hostaway,2026-10-19T00:00:00.000000,1,0,0,0,1,306.0,1
383097,hostaway,2026-10-20T00:00:00.000000,1,0,0,0,1,306.0,1
383097,hostaway,2026-10-21T00:00:00.000000,1,0,0,0,1,306.0,1
383097,hostaway,2026-10-22T00:00:00.000000,1,0,0,0,1,400.0,1
383097,hostaway,2026-10-23T00:00:00.000000,1,0,0,0,1,570.0,1
383097,hostaway,2026-10-24T00:00:00.000000,1,0,0,0,1,570.0,1
383097,hostaway,2026-10-25T00:00:00.000000,1,0,0,0,1,400.0,1
383097,hostaway,2026-10-26T00:00:00.000000,1,0,0,0,1,306.0,1
383097,hostaway,2026-10-27T00:00:00.000000,1,0,0,0,1,306.0,1
383097,hostaway,2026-10-28T00:00:00.000000,1,0,0,0,1,306.0,1
383097,hostaway,2026-10-29T00:00:00.000000,1,0,0,0,1,400.0,1
383097,hostaway,2026-10-30T00:00:00.000000,1,0,0,0,1,570.0,1
383097,hostaway,2026-10-31T00:00:00.000000,1,0,0,0,1,570.0,1
383097,hostaway,2026-11-01T00:00:00.000000,1,0,0,0,1,360.0,1
383097,hostaway,2026-11-02T00:00:00.000000,1,0,0,0,1,276.0,1
383097,hostaway,2026-11-03T00:00:00.000000,1,0,0,0,1,276.0,1
383097,hostaway,2026-11-04T00:00:00.000000,1,0,0,0,1,276.0,1
383097,hostaway,2026-11-05T00:00:00.000000,1,0,0,0,1,360.0,1
383097,hostaway,2026-11-06T00:00:00.000000,1,0,0,0,1,513.0,1
383097,hostaway,2026-11-07T00:00:00.000000,1,0,0,0,1,513.0,1
383097,hostaway,2026-11-08T00:00:00.000000,1,0,0,0,1,360.0,1
383097,hostaway,2026-11-09T00:00:00.000000,1,0,0,0,1,276.0,1
383097,hostaway,2026-11-10T00:00:00.000000,1,0,0,0,1,276.0,1
383097,hostaway,2026-11-11T00:00:00.000000,1,0,0,0,1,276.0,1
383097,hostaway,2026-11-12T00:00:00.000000,1,0,0,0,1,360.0,1
383097,hostaway,2026-11-13T00:00:00.000000,1,0,0,0,1,513.0,1
383097,hostaway,2026-11-14T00:00:00.000000,1,0,0,0,1,513.0,1
383097,hostaway,2026-11-15T00:00:00.000000,1,0,0,0,1,360.0,1
383097,hostaway,2026-11-16T00:00:00.000000,1,0,0,0,1,276.0,1
383097,hostaway,2026-11-17T00:00:00.000000,1,0,0,0,1,276.0,1
383097,hostaway,2026-11-18T00:00:00.000000,1,0,0,0,1,276.0,1
383097,hostaway,2026-11-19T00:00:00.000000,1,0,0,0,1,360.0,1
383097,hostaway,2026-11-20T00:00:00.000000,1,0,0,0,1,513.0,1
383097,hostaway,2026-11-21T00:00:00.000000,1,0,0,0,1,513.0,1
383097,hostaway,2026-11-22T00:00:00.000000,1,0,0,0,1,360.0,1
383097,hostaway,2026-11-23T00:00:00.000000,1,0,0,0,1,276.0,1
383097,hostaway,2026-11-24T00:00:00.000000,1,0,0,0,1,276.0,1
383097,hostaway,2026-11-25T00:00:00.000000,1,0,0,0,1,276.0,1
383097,hostaway,2026-11-26T00:00:00.000000,1,0,0,0,1,504.0,1
383097,hostaway,2026-11-27T00:00:00.000000,1,0,0,0,1,513.0,1
383097,hostaway,2026-11-28T00:00:00.000000,1,0,0,0,1,513.0,1
383097,hostaway,2026-11-29T00:00:00.000000,1,0,0,0,1,360.0,1
383097,hostaway,2026-11-30T00:00:00.000000,1,0,0,0,1,276.0,1
383097,hostaway,2026-12-01T00:00:00.000000,1,0,0,0,1,248.0,1
383097,hostaway,2026-12-02T00:00:00.000000,1,0,0,0,1,248.0,1
383097,hostaway,2026-12-03T00:00:00.000000,1,0,0,0,1,324.0,1
383097,hostaway,2026-12-04T00:00:00.000000,1,0,0,0,1,461.0,1
383097,hostaway,2026-12-05T00:00:00.000000,1,0,0,0,1,461.0,1
383097,hostaway,2026-12-06T00:00:00.000000,1,0,0,0,1,324.0,1
383097,hostaway,2026-12-07T00:00:00.000000,1,0,0,0,1,248.0,1
383097,hostaway,2026-12-08T00:00:00.000000,1,0,0,0,1,248.0,1
383097,hostaway,2026-12-09T00:00:00.000000,1,0,0,0,1,248.0,1
383097,hostaway,2026-12-10T00:00:00.000000,1,0,0,0,1,324.0,1
383097,hostaway,2026-12-11T00:00:00.000000,1,0,0,0,1,461.0,1
383097,hostaway,2026-12-12T00:00:00.000000,1,0,0,0,1,461.0,1
383097,hostaway,2026-12-13T00:00:00.000000,1,0,0,0,1,324.0,1
383097,hostaway,2026-12-14T00:00:00.000000,1,0,0,0,1,248.0,1
383097,hostaway,2026-12-15T00:00:00.000000,1,0,0,0,1,248.0,1
383097,hostaway,2026-12-16T00:00:00.000000,1,0,0,0,1,248.0,1
383097,hostaway,2026-12-17T00:00:00.000000,1,0,0,0,1,389.0,1
383097,hostaway,2026-12-18T00:00:00.000000,1,0,0,0,1,554.0,1
383097,hostaway,2026-12-19T00:00:00.000000,1,0,0,0,1,554.0,1
383097,hostaway,2026-12-20T00:00:00.000000,1,0,0,0,1,389.0,1
383097,hostaway,2026-12-21T00:00:00.000000,1,0,0,0,1,298.0,1
383097,hostaway,2026-12-22T00:00:00.000000,1,0,0,0,1,298.0,1
383097,hostaway,2026-12-23T00:00:00.000000,1,0,0,0,1,298.0,1
383097,hostaway,2026-12-24T00:00:00.000000,1,0,0,0,1,454.0,1
383097,hostaway,2026-12-25T00:00:00.000000,1,0,0,0,1,830.0,1
383097,hostaway,2026-12-26T00:00:00.000000,1,0,0,0,1,830.0,1
383097,hostaway,2026-12-27T00:00:00.000000,1,0,0,0,1,324.0,1
383097,hostaway,2026-12-28T00:00:00.000000,1,0,0,0,1,248.0,1
383097,hostaway,2026-12-29T00:00:00.000000,1,0,0,0,1,248.0,1
383097,hostaway,2026-12-30T00:00:00.000000,1,0,0,0,1,993.0,1
383097,hostaway,2026-12-31T00:00:00.000000,1,0,0,0,1,993.0,1
383097,hostaway,2027-01-01T00:00:00.000000,1,0,0,0,1,369.0,1
383097,hostaway,2027-01-02T00:00:00.000000,1,0,0,0,1,369.0,1
383097,hostaway,2027-01-03T00:00:00.000000,1,0,0,0,1,308.0,1
404358,hostaway,2026-02-02T00:00:00.000000,1,0,0,0,1,335.0,1
404358,hostaway,2026-02-03T00:00:00.000000,1,0,0,0,1,250.0,1
404358,hostaway,2026-02-04T00:00:00.000000,1,0,0,0,1,250.0,1
404358,hostaway,2026-02-05T00:00:00.000000,1,0,0,0,1,275.0,1
404358,hostaway,2026-02-06T00:00:00.000000,1,1,0,0,1,406.0,0
404358,hostaway,2026-02-07T00:00:00.000000,1,1,0,0,1,451.0,0
404358,hostaway,2026-02-08T00:00:00.000000,1,0,0,0,1,300.0,1
404358,hostaway,2026-02-09T00:00:00.000000,1,0,0,0,1,250.0,1
404358,hostaway,2026-02-10T00:00:00.000000,1,0,0,0,1,250.0,1
404358,hostaway,2026-02-11T00:00:00.000000,1,0,0,0,1,287.0,1
404358,hostaway,2026-02-12T00:00:00.000000,1,0,0,0,1,381.0,1
404358,hostaway,2026-02-13T00:00:00.000000,1,0,0,0,1,685.0,1
404358,hostaway,2026-02-14T00:00:00.000000,1,0,0,0,1,792.0,1
404358,hostaway,2026-02-15T00:00:00.000000,1,0,0,0,1,438.0,1
404358,hostaway,2026-02-16T00:00:00.000000,1,1,0,0,1,385.0,0
404358,hostaway,2026-02-17T00:00:00.000000,1,1,0,0,1,385.0,0
404358,hostaway,2026-02-18T00:00:00.000000,1,0,0,0,1,335.0,1
404358,hostaway,2026-02-19T00:00:00.000000,1,0,0,0,1,381.0,1
404358,hostaway,2026-02-20T00:00:00.000000,1,0,0,0,1,496.0,1
404358,hostaway,2026-02-21T00:00:00.000000,1,0,0,0,1,519.0,1
404358,hostaway,2026-02-22T00:00:00.000000,1,0,0,0,1,381.0,1
404358,hostaway,2026-02-23T00:00:00.000000,1,0,0,0,1,335.0,1
404358,hostaway,2026-02-24T00:00:00.000000,1,0,0,0,1,335.0,1
404358,hostaway,2026-02-25T00:00:00.000000,1,0,0,0,1,335.0,1
404358,hostaway,2026-02-26T00:00:00.000000,1,0,0,0,1,381.0,1
404358,hostaway,2026-02-27T00:00:00.000000,1,0,0,0,1,451.0,1
404358,hostaway,2026-02-28T00:00:00.000000,1,0,0,0,1,451.0,1
404358,hostaway,2026-03-01T00:00:00.000000,1,1,0,0,1,441.0,0
404358,hostaway,2026-03-02T00:00:00.000000,1,1,0,0,1,377.0,0
404358,hostaway,2026-03-03T00:00:00.000000,1,0,0,0,1,377.0,1
404358,hostaway,2026-03-04T00:00:00.000000,1,0,0,0,1,377.0,1
404358,hostaway,2026-03-05T00:00:00.000000,1,0,0,0,1,507.0,1
404358,hostaway,2026-03-06T00:00:00.000000,1,0,0,0,1,641.0,1
404358,hostaway,2026-03-07T00:00:00.000000,1,0,0,0,1,670.0,1
404358,hostaway,2026-03-08T00:00:00.000000,1,0,0,0,1,507.0,1
404358,hostaway,2026-03-09T00:00:00.000000,1,0,0,0,1,377.0,1
404358,hostaway,2026-03-10T00:00:00.000000,1,0,0,0,1,377.0,1
404358,hostaway,2026-03-11T00:00:00.000000,1,0,0,0,1,377.0,1
404358,hostaway,2026-03-12T00:00:00.000000,1,0,0,0,1,485.0,1
404358,hostaway,2026-03-13T00:00:00.000000,1,0,0,0,1,669.0,1
404358,hostaway,2026-03-14T00:00:00.000000,1,0,0,0,1,669.0,1
404358,hostaway,2026-03-15T00:00:00.000000,1,0,0,0,1,582.0,1
404358,hostaway,2026-03-16T00:00:00.000000,1,0,0,0,1,452.0,1
404358,hostaway,2026-03-17T00:00:00.000000,1,0,0,0,1,452.0,1
404358,hostaway,2026-03-18T00:00:00.000000,1,0,0,0,1,452.0,1
404358,hostaway,2026-03-19T00:00:00.000000,1,0,0,0,1,608.0,1
404358,hostaway,2026-03-20T00:00:00.000000,1,0,0,0,1,608.0,1
404358,hostaway,2026-03-21T00:00:00.000000,1,0,0,0,1,608.0,1
404358,hostaway,2026-03-22T00:00:00.000000,1,0,0,0,1,452.0,1
404358,hostaway,2026-03-23T00:00:00.000000,1,0,0,0,1,377.0,1
404358,hostaway,2026-03-24T00:00:00.000000,1,0,0,0,1,377.0,1
404358,hostaway,2026-03-25T00:00:00.000000,1,0,0,0,1,377.0,1
404358,hostaway,2026-03-26T00:00:00.000000,1,0,0,0,1,441.0,1
404358,hostaway,2026-03-27T00:00:00.000000,1,0,0,0,1,670.0,1
404358,hostaway,2026-03-28T00:00:00.000000,1,0,0,0,1,583.0,1
404358,hostaway,2026-03-29T00:00:00.000000,1,0,0,0,1,529.0,1
404358,hostaway,2026-03-30T00:00:00.000000,1,0,0,0,1,377.0,1
404358,hostaway,2026-03-31T00:00:00.000000,1,0,0,0,1,377.0,1
404358,hostaway,2026-04-01T00:00:00.000000,1,0,0,0,1,405.0,1
404358,hostaway,2026-04-02T00:00:00.000000,1,0,0,0,1,491.0,1
404358,hostaway,2026-04-03T00:00:00.000000,1,0,0,0,1,573.0,1
404358,hostaway,2026-04-04T00:00:00.000000,1,0,0,0,1,573.0,1
404358,hostaway,2026-04-05T00:00:00.000000,1,0,0,0,1,491.0,1
404358,hostaway,2026-04-06T00:00:00.000000,1,0,0,0,1,405.0,1
404358,hostaway,2026-04-07T00:00:00.000000,1,0,0,0,1,405.0,1
404358,hostaway,2026-04-08T00:00:00.000000,1,0,0,0,1,405.0,1
404358,hostaway,2026-04-09T00:00:00.000000,1,0,0,0,1,445.0,1
404358,hostaway,2026-04-10T00:00:00.000000,1,1,0,0,1,573.0,0
404358,hostaway,2026-04-11T00:00:00.000000,1,1,0,0,1,573.0,0
404358,hostaway,2026-04-12T00:00:00.000000,1,0,0,0,1,486.0,1
404358,hostaway,2026-04-13T00:00:00.000000,1,0,0,0,1,405.0,1
404358,hostaway,2026-04-14T00:00:00.000000,1,0,0,0,1,405.0,1
404358,hostaway,2026-04-15T00:00:00.000000,1,0,0,0,1,405.0,1
404358,hostaway,2026-04-16T00:00:00.000000,1,0,0,0,1,491.0,1
404358,hostaway,2026-04-17T00:00:00.000000,1,0,0,0,1,573.0,1
404358,hostaway,2026-04-18T00:00:00.000000,1,1,0,0,1,573.0,0
404358,hostaway,2026-04-19T00:00:00.000000,1,1,0,0,1,491.0,0
404358,hostaway,2026-04-20T00:00:00.000000,1,0,0,0,1,405.0,1
404358,hostaway,2026-04-21T00:00:00.000000,1,0,0,0,1,405.0,1
404358,hostaway,2026-04-22T00:00:00.000000,1,0,0,0,1,405.0,1
404358,hostaway,2026-04-23T00:00:00.000000,1,0,0,0,1,491.0,1
404358,hostaway,2026-04-24T00:00:00.000000,1,0,0,0,1,573.0,1
404358,hostaway,2026-04-25T00:00:00.000000,1,0,0,0,1,573.0,1
404358,hostaway,2026-04-26T00:00:00.000000,1,0,0,0,1,491.0,1
404358,hostaway,2026-04-27T00:00:00.000000,1,0,0,0,1,405.0,1
404358,hostaway,2026-04-28T00:00:00.000000,1,0,0,0,1,405.0,1
404358,hostaway,2026-04-29T00:00:00.000000,1,0,0,0,1,405.0,1
404358,hostaway,2026-04-30T00:00:00.000000,1,0,0,0,1,491.0,1
404358,hostaway,2026-05-01T00:00:00.000000,1,0,0,0,1,625.0,1
404358,hostaway,2026-05-02T00:00:00.000000,1,0,0,0,1,625.0,1
404358,hostaway,2026-05-03T00:00:00.000000,1,0,0,0,1,523.0,1
404358,hostaway,2026-05-04T00:00:00.000000,1,0,0,0,1,439.0,1
404358,hostaway,2026-05-05T00:00:00.000000,1,0,0,0,1,439.0,1
404358,hostaway,2026-05-06T00:00:00.000000,1,0,0,0,1,439.0,1
404358,hostaway,2026-05-07T00:00:00.000000,1,0,0,0,1,523.0,1
404358,hostaway,2026-05-08T00:00:00.000000,1,0,0,0,1,625.0,1
404358,hostaway,2026-05-09T00:00:00.000000,1,0,0,0,1,625.0,1
404358,hostaway,2026-05-10T00:00:00.000000,1,0,0,0,1,523.0,1
404358,hostaway,2026-05-11T00:00:00.000000,1,0,0,0,1,439.0,1
404358,hostaway,2026-05-12T00:00:00.000000,1,0,0,0,1,439.0,1
404358,hostaway,2026-05-13T00:00:00.000000,1,0,0,0,1,439.0,1
404358,hostaway,2026-05-14T00:00:00.000000,1,0,0,0,1,601.0,1
404358,hostaway,2026-05-15T00:00:00.000000,1,0,0,0,1,719.0,1
404358,hostaway,2026-05-16T00:00:00.000000,1,0,0,0,1,719.0,1
404358,hostaway,2026-05-17T00:00:00.000000,1,0,0,0,1,601.0,1
404358,hostaway,2026-05-18T00:00:00.000000,1,0,0,0,1,505.0,1
404358,hostaway,2026-05-19T00:00:00.000000,1,0,0,0,1,505.0,1
404358,hostaway,2026-05-20T00:00:00.000000,1,0,0,0,1,505.0,1
404358,hostaway,2026-05-21T00:00:00.000000,1,0,0,0,1,601.0,1
404358,hostaway,2026-05-22T00:00:00.000000,1,0,0,0,1,898.0,1
404358,hostaway,2026-05-23T00:00:00.000000,1,1,0,0,1,781.0,0
404358,hostaway,2026-05-24T00:00:00.000000,1,1,0,0,1,654.0,0
404358,hostaway,2026-05-25T00:00:00.000000,1,0,0,0,1,549.0,1
404358,hostaway,2026-05-26T00:00:00.000000,1,0,0,0,1,439.0,1
404358,hostaway,2026-05-27T00:00:00.000000,1,0,0,0,1,439.0,1
404358,hostaway,2026-05-28T00:00:00.000000,1,0,0,0,1,523.0,1
404358,hostaway,2026-05-29T00:00:00.000000,1,0,0,0,1,625.0,1
404358,hostaway,2026-05-30T00:00:00.000000,1,0,0,0,1,625.0,1
404358,hostaway,2026-05-31T00:00:00.000000,1,0,0,0,1,575.0,1
404358,hostaway,2026-06-01T00:00:00.000000,1,0,0,0,1,514.0,1
404358,hostaway,2026-06-02T00:00:00.000000,1,0,0,0,1,514.0,1
404358,hostaway,2026-06-03T00:00:00.000000,1,0,0,0,1,467.0,1
404358,hostaway,2026-06-04T00:00:00.000000,1,0,0,0,1,559.0,1
404358,hostaway,2026-06-05T00:00:00.000000,1,0,0,0,1,647.0,1
404358,hostaway,2026-06-06T00:00:00.000000,1,0,0,0,1,647.0,1
404358,hostaway,2026-06-07T00:00:00.000000,1,0,0,0,1,559.0,1
404358,hostaway,2026-06-08T00:00:00.000000,1,0,0,0,1,467.0,1
404358,hostaway,2026-06-09T00:00:00.000000,1,0,0,0,1,467.0,1
404358,hostaway,2026-06-10T00:00:00.000000,1,0,0,0,1,467.0,1
404358,hostaway,2026-06-11T00:00:00.000000,1,0,0,0,1,559.0,1
404358,hostaway,2026-06-12T00:00:00.000000,1,0,0,0,1,647.0,1
404358,hostaway,2026-06-13T00:00:00.000000,1,0,0,0,1,647.0,1
404358,hostaway,2026-06-14T00:00:00.000000,1,0,0,0,1,559.0,1
404358,hostaway,2026-06-15T00:00:00.000000,1,0,0,0,1,467.0,1
404358,hostaway,2026-06-16T00:00:00.000000,1,0,0,0,1,467.0,1
404358,hostaway,2026-06-17T00:00:00.000000,1,0,0,0,1,467.0,1
404358,hostaway,2026-06-18T00:00:00.000000,1,0,0,0,1,727.0,1
404358,hostaway,2026-06-19T00:00:00.000000,1,1,0,0,1,647.0,0
404358,hostaway,2026-06-20T00:00:00.000000,1,1,0,0,1,712.0,0
404358,hostaway,2026-06-21T00:00:00.000000,1,0,0,0,1,799.0,1
404358,hostaway,2026-06-22T00:00:00.000000,1,0,0,0,1,712.0,1
404358,hostaway,2026-06-23T00:00:00.000000,1,0,0,0,1,712.0,1
404358,hostaway,2026-06-24T00:00:00.000000,1,0,0,0,1,712.0,1
404358,hostaway,2026-06-25T00:00:00.000000,1,0,0,0,1,935.0,1
404358,hostaway,2026-06-26T00:00:00.000000,1,0,0,0,1,1366.0,1
404358,hostaway,2026-06-27T00:00:00.000000,1,0,0,0,1,1366.0,1
404358,hostaway,2026-06-28T00:00:00.000000,1,0,0,0,1,935.0,1
404358,hostaway,2026-06-29T00:00:00.000000,1,0,0,0,1,712.0,1
404358,hostaway,2026-06-30T00:00:00.000000,1,0,0,0,1,712.0,1
404358,hostaway,2026-07-01T00:00:00.000000,1,0,0,0,1,712.0,1
404358,hostaway,2026-07-02T00:00:00.000000,1,0,0,0,1,857.0,1
404358,hostaway,2026-07-03T00:00:00.000000,1,0,0,0,1,1406.0,1
404358,hostaway,2026-07-04T00:00:00.000000,1,0,0,0,1,1406.0,1
404358,hostaway,2026-07-05T00:00:00.000000,1,0,0,0,1,857.0,1
404358,hostaway,2026-07-06T00:00:00.000000,1,0,0,0,1,593.0,1
404358,hostaway,2026-07-07T00:00:00.000000,1,0,0,0,1,593.0,1
404358,hostaway,2026-07-08T00:00:00.000000,1,0,0,0,1,593.0,1
404358,hostaway,2026-07-09T00:00:00.000000,1,0,0,0,1,779.0,1
404358,hostaway,2026-07-10T00:00:00.000000,1,0,0,0,1,1242.0,1
404358,hostaway,2026-07-11T00:00:00.000000,1,0,0,0,1,1242.0,1
404358,hostaway,2026-07-12T00:00:00.000000,1,0,0,0,1,779.0,1
404358,hostaway,2026-07-13T00:00:00.000000,1,0,0,0,1,593.0,1
404358,hostaway,2026-07-14T00:00:00.000000,1,0,0,0,1,593.0,1
404358,hostaway,2026-07-15T00:00:00.000000,1,0,0,0,1,593.0,1
404358,hostaway,2026-07-16T00:00:00.000000,1,0,0,0,1,779.0,1
404358,hostaway,2026-07-17T00:00:00.000000,1,0,0,0,1,1242.0,1
404358,hostaway,2026-07-18T00:00:00.000000,1,0,0,0,1,1242.0,1
404358,hostaway,2026-07-19T00:00:00.000000,1,0,0,0,1,779.0,1
404358,hostaway,2026-07-20T00:00:00.000000,1,0,0,0,1,593.0,1
404358,hostaway,2026-07-21T00:00:00.000000,1,0,0,0,1,593.0,1
404358,hostaway,2026-07-22T00:00:00.000000,1,0,0,0,1,593.0,1
404358,hostaway,2026-07-23T00:00:00.000000,1,0,0,0,1,779.0,1
404358,hostaway,2026-07-24T00:00:00.000000,1,0,0,0,1,1242.0,1
404358,hostaway,2026-07-25T00:00:00.000000,1,0,0,0,1,1242.0,1
404358,hostaway,2026-07-26T00:00:00.000000,1,0,0,0,1,779.0,1
404358,hostaway,2026-07-27T00:00:00.000000,1,0,0,0,1,593.0,1
404358,hostaway,2026-07-28T00:00:00.000000,1,0,0,0,1,593.0,1
404358,hostaway,2026-07-29T00:00:00.000000,1,0,0,0,1,593.0,1
404358,hostaway,2026-07-30T00:00:00.000000,1,0,0,0,1,779.0,1
404358,hostaway,2026-07-31T00:00:00.000000,1,0,0,0,1,1242.0,1
404358,hostaway,2026-08-01T00:00:00.000000,1,0,0,0,1,1242.0,1
404358,hostaway,2026-08-02T00:00:00.000000,1,0,0,0,1,779.0,1
404358,hostaway,2026-08-03T00:00:00.000000,1,0,0,0,1,441.0,1
404358,hostaway,2026-08-04T00:00:00.000000,1,0,0,0,1,441.0,1
404358,hostaway,2026-08-05T00:00:00.000000,1,0,0,0,1,441.0,1
404358,hostaway,2026-08-06T00:00:00.000000,1,0,0,0,1,576.0,1
404358,hostaway,2026-08-07T00:00:00.000000,1,0,0,0,1,820.0,1
404358,hostaway,2026-08-08T00:00:00.000000,1,0,0,0,1,820.0,1
404358,hostaway,2026-08-09T00:00:00.000000,1,0,0,0,1,576.0,1
404358,hostaway,2026-08-10T00:00:00.000000,1,0,0,0,1,441.0,1
404358,hostaway,2026-08-11T00:00:00.000000,1,0,0,0,1,441.0,1
404358,hostaway,2026-08-12T00:00:00.000000,1,0,0,0,1,441.0,1
404358,hostaway,2026-08-13T00:00:00.000000,1,0,0,0,1,576.0,1
404358,hostaway,2026-08-14T00:00:00.000000,1,0,0,0,1,820.0,1
404358,hostaway,2026-08-15T00:00:00.000000,1,0,0,0,1,820.0,1
404358,hostaway,2026-08-16T00:00:00.000000,1,0,0,0,1,576.0,1
404358,hostaway,2026-08-17T00:00:00.000000,1,0,0,0,1,441.0,1
404358,hostaway,2026-08-18T00:00:00.000000,1,0,0,0,1,441.0,1
404358,hostaway,2026-08-19T00:00:00.000000,1,0,0,0,1,441.0,1
404358,hostaway,2026-08-20T00:00:00.000000,1,0,0,0,1,576.0,1
404358,hostaway,2026-08-21T00:00:00.000000,1,0,0,0,1,820.0,1
404358,hostaway,2026-08-22T00:00:00.000000,1,0,0,0,1,820.0,1
404358,hostaway,2026-08-23T00:00:00.000000,1,0,0,0,1,576.0,1
404358,hostaway,2026-08-24T00:00:00.000000,1,0,0,0,1,441.0,1
404358,hostaway,2026-08-25T00:00:00.000000,1,0,0,0,1,441.0,1
404358,hostaway,2026-08-26T00:00:00.000000,1,0,0,0,1,441.0,1
404358,hostaway,2026-08-27T00:00:00.000000,1,0,0,0,1,576.0,1
404358,hostaway,2026-08-28T00:00:00.000000,1,0,0,0,1,820.0,1
404358,hostaway,2026-08-29T00:00:00.000000,1,0,0,0,1,820.0,1
404358,hostaway,2026-08-30T00:00:00.000000,1,0,0,0,1,576.0,1
404358,hostaway,2026-08-31T00:00:00.000000,1,0,0,0,1,441.0,1
404358,hostaway,2026-09-01T00:00:00.000000,1,0,0,0,1,397.0,1
404358,hostaway,2026-09-02T00:00:00.000000,1,0,0,0,1,397.0,1
404358,hostaway,2026-09-03T00:00:00.000000,1,0,0,0,1,519.0,1
404358,hostaway,2026-09-04T00:00:00.000000,1,0,0,0,1,886.0,1
404358,hostaway,2026-09-05T00:00:00.000000,1,0,0,0,1,886.0,1
404358,hostaway,2026-09-06T00:00:00.000000,1,0,0,0,1,623.0,1
404358,hostaway,2026-09-07T00:00:00.000000,1,0,0,0,1,476.0,1
404358,hostaway,2026-09-08T00:00:00.000000,1,1,0,0,1,397.0,0
404358,hostaway,2026-09-09T00:00:00.000000,1,1,0,0,1,397.0,0
404358,hostaway,2026-09-10T00:00:00.000000,1,0,0,0,1,519.0,1
404358,hostaway,2026-09-11T00:00:00.000000,1,0,0,0,1,738.0,1
404358,hostaway,2026-09-12T00:00:00.000000,1,0,0,0,1,738.0,1
404358,hostaway,2026-09-13T00:00:00.000000,1,0,0,0,1,519.0,1
404358,hostaway,2026-09-14T00:00:00.000000,1,0,0,0,1,397.0,1
404358,hostaway,2026-09-15T00:00:00.000000,1,0,0,0,1,397.0,1
404358,hostaway,2026-09-16T00:00:00.000000,1,0,0,0,1,397.0,1
404358,hostaway,2026-09-17T00:00:00.000000,1,0,0,0,1,519.0,1
404358,hostaway,2026-09-18T00:00:00.000000,1,0,0,0,1,738.0,1
404358,hostaway,2026-09-19T00:00:00.000000,1,0,0,0,1,738.0,1
404358,hostaway,2026-09-20T00:00:00.000000,1,0,0,0,1,519.0,1
404358,hostaway,2026-09-21T00:00:00.000000,1,0,0,0,1,397.0,1
404358,hostaway,2026-09-22T00:00:00.000000,1,0,0,0,1,397.0,1
404358,hostaway,2026-09-23T00:00:00.000000,1,0,0,0,1,397.0,1
404358,hostaway,2026-09-24T00:00:00.000000,1,0,0,0,1,519.0,1
404358,hostaway,2026-09-25T00:00:00.000000,1,0,0,0,1,738.0,1
404358,hostaway,2026-09-26T00:00:00.000000,1,0,0,0,1,738.0,1
404358,hostaway,2026-09-27T00:00:00.000000,1,0,0,0,1,519.0,1
404358,hostaway,2026-09-28T00:00:00.000000,1,0,0,0,1,397.0,1
404358,hostaway,2026-09-29T00:00:00.000000,1,0,0,0,1,397.0,1
404358,hostaway,2026-09-30T00:00:00.000000,1,0,0,0,1,397.0,1
404358,hostaway,2026-10-01T00:00:00.000000,1,0,0,0,1,467.0,1
404358,hostaway,2026-10-02T00:00:00.000000,1,0,0,0,1,664.0,1
404358,hostaway,2026-10-03T00:00:00.000000,1,0,0,0,1,664.0,1
404358,hostaway,2026-10-04T00:00:00.000000,1,0,0,0,1,467.0,1
404358,hostaway,2026-10-05T00:00:00.000000,1,0,0,0,1,357.0,1
404358,hostaway,2026-10-06T00:00:00.000000,1,0,0,0,1,357.0,1
404358,hostaway,2026-10-07T00:00:00.000000,1,0,0,0,1,357.0,1
404358,hostaway,2026-10-08T00:00:00.000000,1,0,0,0,1,467.0,1
404358,hostaway,2026-10-09T00:00:00.000000,1,0,0,0,1,664.0,1
404358,hostaway,2026-10-10T00:00:00.000000,1,0,0,0,1,664.0,1
404358,hostaway,2026-10-11T00:00:00.000000,1,0,0,0,1,467.0,1
404358,hostaway,2026-10-12T00:00:00.000000,1,0,0,0,1,357.0,1
404358,hostaway,2026-10-13T00:00:00.000000,1,0,0,0,1,357.0,1
404358,hostaway,2026-10-14T00:00:00.000000,1,0,0,0,1,357.0,1
404358,hostaway,2026-10-15T00:00:00.000000,1,0,0,0,1,467.0,1
404358,hostaway,2026-10-16T00:00:00.000000,1,0,0,0,1,664.0,1
404358,hostaway,2026-10-17T00:00:00.000000,1,0,0,0,1,664.0,1
404358,hostaway,2026-10-18T00:00:00.000000,1,0,0,0,1,467.0,1
404358,hostaway,2026-10-19T00:00:00.000000,1,0,0,0,1,357.0,1
404358,hostaway,2026-10-20T00:00:00.000000,1,0,0,0,1,357.0,1
404358,hostaway,2026-10-21T00:00:00.000000,1,0,0,0,1,357.0,1
404358,hostaway,2026-10-22T00:00:00.000000,1,0,0,0,1,467.0,1
404358,hostaway,2026-10-23T00:00:00.000000,1,0,0,0,1,664.0,1
404358,hostaway,2026-10-24T00:00:00.000000,1,0,0,0,1,664.0,1
404358,hostaway,2026-10-25T00:00:00.000000,1,0,0,0,1,467.0,1
404358,hostaway,2026-10-26T00:00:00.000000,1,0,0,0,1,357.0,1
404358,hostaway,2026-10-27T00:00:00.000000,1,0,0,0,1,357.0,1
404358,hostaway,2026-10-28T00:00:00.000000,1,0,0,0,1,357.0,1
404358,hostaway,2026-10-29T00:00:00.000000,1,0,0,0,1,467.0,1
404358,hostaway,2026-10-30T00:00:00.000000,1,0,0,0,1,664.0,1
404358,hostaway,2026-10-31T00:00:00.000000,1,0,0,0,1,664.0,1
404358,hostaway,2026-11-01T00:00:00.000000,1,0,0,0,1,420.0,1
404358,hostaway,2026-11-02T00:00:00.000000,1,0,0,0,1,322.0,1
404358,hostaway,2026-11-03T00:00:00.000000,1,0,0,0,1,322.0,1
404358,hostaway,2026-11-04T00:00:00.000000,1,0,0,0,1,322.0,1
404358,hostaway,2026-11-05T00:00:00.000000,1,0,0,0,1,420.0,1
404358,hostaway,2026-11-06T00:00:00.000000,1,0,0,0,1,598.0,1
404358,hostaway,2026-11-07T00:00:00.000000,1,0,0,0,1,598.0,1
404358,hostaway,2026-11-08T00:00:00.000000,1,0,0,0,1,420.0,1
404358,hostaway,2026-11-09T00:00:00.000000,1,0,0,0,1,322.0,1
404358,hostaway,2026-11-10T00:00:00.000000,1,0,0,0,1,322.0,1
404358,hostaway,2026-11-11T00:00:00.000000,1,0,0,0,1,322.0,1
404358,hostaway,2026-11-12T00:00:00.000000,1,0,0,0,1,420.0,1
404358,hostaway,2026-11-13T00:00:00.000000,1,0,0,0,1,598.0,1
404358,hostaway,2026-11-14T00:00:00.000000,1,0,0,0,1,598.0,1
404358,hostaway,2026-11-15T00:00:00.000000,1,0,0,0,1,420.0,1
404358,hostaway,2026-11-16T00:00:00.000000,1,0,0,0,1,322.0,1
404358,hostaway,2026-11-17T00:00:00.000000,1,0,0,0,1,322.0,1
404358,hostaway,2026-11-18T00:00:00.000000,1,0,0,0,1,322.0,1
404358,hostaway,2026-11-19T00:00:00.000000,1,0,0,0,1,420.0,1
404358,hostaway,2026-11-20T00:00:00.000000,1,0,0,0,1,598.0,1
404358,hostaway,2026-11-21T00:00:00.000000,1,0,0,0,1,598.0,1
404358,hostaway,2026-11-22T00:00:00.000000,1,0,0,0,1,420.0,1
404358,hostaway,2026-11-23T00:00:00.000000,1,0,0,0,1,322.0,1
404358,hostaway,2026-11-24T00:00:00.000000,1,0,0,0,1,322.0,1
404358,hostaway,2026-11-25T00:00:00.000000,1,0,0,0,1,322.0,1
404358,hostaway,2026-11-26T00:00:00.000000,1,0,0,0,1,588.0,1
404358,hostaway,2026-11-27T00:00:00.000000,1,0,0,0,1,598.0,1
404358,hostaway,2026-11-28T00:00:00.000000,1,0,0,0,1,598.0,1
404358,hostaway,2026-11-29T00:00:00.000000,1,0,0,0,1,420.0,1
404358,hostaway,2026-11-30T00:00:00.000000,1,0,0,0,1,322.0,1
404358,hostaway,2026-12-01T00:00:00.000000,1,0,0,0,1,289.0,1
404358,hostaway,2026-12-02T00:00:00.000000,1,0,0,0,1,289.0,1
404358,hostaway,2026-12-03T00:00:00.000000,1,0,0,0,1,378.0,1
404358,hostaway,2026-12-04T00:00:00.000000,1,0,0,0,1,538.0,1
404358,hostaway,2026-12-05T00:00:00.000000,1,0,0,0,1,538.0,1
404358,hostaway,2026-12-06T00:00:00.000000,1,0,0,0,1,378.0,1
404358,hostaway,2026-12-07T00:00:00.000000,1,0,0,0,1,289.0,1
404358,hostaway,2026-12-08T00:00:00.000000,1,0,0,0,1,289.0,1
404358,hostaway,2026-12-09T00:00:00.000000,1,0,0,0,1,289.0,1
404358,hostaway,2026-12-10T00:00:00.000000,1,0,0,0,1,378.0,1
404358,hostaway,2026-12-11T00:00:00.000000,1,0,0,0,1,538.0,1
404358,hostaway,2026-12-12T00:00:00.000000,1,0,0,0,1,538.0,1
404358,hostaway,2026-12-13T00:00:00.000000,1,0,0,0,1,378.0,1
404358,hostaway,2026-12-14T00:00:00.000000,1,0,0,0,1,289.0,1
404358,hostaway,2026-12-15T00:00:00.000000,1,0,0,0,1,289.0,1
404358,hostaway,2026-12-16T00:00:00.000000,1,0,0,0,1,289.0,1
404358,hostaway,2026-12-17T00:00:00.000000,1,0,0,0,1,454.0,1
404358,hostaway,2026-12-18T00:00:00.000000,1,0,0,0,1,646.0,1
404358,hostaway,2026-12-19T00:00:00.000000,1,0,0,0,1,646.0,1
404358,hostaway,2026-12-20T00:00:00.000000,1,0,0,0,1,454.0,1
404358,hostaway,2026-12-21T00:00:00.000000,1,0,0,0,1,347.0,1
404358,hostaway,2026-12-22T00:00:00.000000,1,0,0,0,1,347.0,1
404358,hostaway,2026-12-23T00:00:00.000000,1,0,0,0,1,347.0,1
404358,hostaway,2026-12-24T00:00:00.000000,1,0,0,0,1,529.0,1
404358,hostaway,2026-12-25T00:00:00.000000,1,0,0,0,1,968.0,1
404358,hostaway,2026-12-26T00:00:00.000000,1,0,0,0,1,968.0,1
404358,hostaway,2026-12-27T00:00:00.000000,1,0,0,0,1,378.0,1
404358,hostaway,2026-12-28T00:00:00.000000,1,0,0,0,1,289.0,1
404358,hostaway,2026-12-29T00:00:00.000000,1,0,0,0,1,289.0,1
404358,hostaway,2026-12-30T00:00:00.000000,1,0,0,0,1,1158.0,1
404358,hostaway,2026-12-31T00:00:00.000000,1,0,0,0,1,1158.0,1
404358,hostaway,2027-01-01T00:00:00.000000,1,0,0,0,1,430.0,1
404358,hostaway,2027-01-02T00:00:00.000000,1,0,0,0,1,430.0,1
404358,hostaway,2027-01-03T00:00:00.000000,1,0,0,0,1,359.0,1
427313,hostaway,2026-02-02T00:00:00.000000,1,0,0,0,1,125.0,1
427313,hostaway,2026-02-03T00:00:00.000000,1,0,0,0,1,125.0,1
427313,hostaway,2026-02-04T00:00:00.000000,1,0,0,0,1,125.0,1
427313,hostaway,2026-02-05T00:00:00.000000,1,0,0,0,1,137.0,1
427313,hostaway,2026-02-06T00:00:00.000000,1,1,0,0,1,355.0,0
427313,hostaway,2026-02-07T00:00:00.000000,1,1,0,0,1,355.0,0
427313,hostaway,2026-02-08T00:00:00.000000,1,1,0,0,1,150.0,0
427313,hostaway,2026-02-09T00:00:00.000000,1,1,0,0,1,125.0,0
427313,hostaway,2026-02-10T00:00:00.000000,1,1,0,0,1,125.0,0
427313,hostaway,2026-02-11T00:00:00.000000,1,0,0,0,1,143.0,1
427313,hostaway,2026-02-12T00:00:00.000000,1,0,0,0,1,305.0,1
427313,hostaway,2026-02-13T00:00:00.000000,1,0,0,0,1,539.0,1
427313,hostaway,2026-02-14T00:00:00.000000,1,0,0,0,1,622.0,1
427313,hostaway,2026-02-15T00:00:00.000000,1,0,0,0,1,351.0,1
427313,hostaway,2026-02-16T00:00:00.000000,1,0,0,0,1,307.0,1
427313,hostaway,2026-02-17T00:00:00.000000,1,0,0,0,1,307.0,1
427313,hostaway,2026-02-18T00:00:00.000000,1,0,0,0,1,267.0,1
427313,hostaway,2026-02-19T00:00:00.000000,1,0,0,0,1,293.0,1
427313,hostaway,2026-02-20T00:00:00.000000,1,1,0,0,1,390.0,0
427313,hostaway,2026-02-21T00:00:00.000000,1,1,0,0,1,408.0,0
427313,hostaway,2026-02-22T00:00:00.000000,1,0,0,0,1,305.0,1
427313,hostaway,2026-02-23T00:00:00.000000,1,0,0,0,1,267.0,1
427313,hostaway,2026-02-24T00:00:00.000000,1,0,0,0,1,267.0,1
427313,hostaway,2026-02-25T00:00:00.000000,1,0,0,0,1,267.0,1
427313,hostaway,2026-02-26T00:00:00.000000,1,0,0,0,1,293.0,1
427313,hostaway,2026-02-27T00:00:00.000000,1,1,0,0,1,355.0,0
427313,hostaway,2026-02-28T00:00:00.000000,1,1,0,0,1,355.0,0
427313,hostaway,2026-03-01T00:00:00.000000,1,0,0,0,1,345.0,1
427313,hostaway,2026-03-02T00:00:00.000000,1,0,0,0,1,293.0,1
427313,hostaway,2026-03-03T00:00:00.000000,1,0,0,0,1,293.0,1
427313,hostaway,2026-03-04T00:00:00.000000,1,0,0,0,1,293.0,1
427313,hostaway,2026-03-05T00:00:00.000000,1,0,0,0,1,397.0,1
427313,hostaway,2026-03-06T00:00:00.000000,1,0,0,0,1,509.0,1
427313,hostaway,2026-03-07T00:00:00.000000,1,0,0,0,1,532.0,1
427313,hostaway,2026-03-08T00:00:00.000000,1,0,0,0,1,397.0,1
427313,hostaway,2026-03-09T00:00:00.000000,1,0,0,0,1,293.0,1
427313,hostaway,2026-03-10T00:00:00.000000,1,0,0,0,1,293.0,1
427313,hostaway,2026-03-11T00:00:00.000000,1,0,0,0,1,293.0,1
427313,hostaway,2026-03-12T00:00:00.000000,1,0,0,0,1,380.0,1
427313,hostaway,2026-03-13T00:00:00.000000,1,0,0,0,1,532.0,1
427313,hostaway,2026-03-14T00:00:00.000000,1,0,0,0,1,532.0,1
427313,hostaway,2026-03-15T00:00:00.000000,1,0,0,0,1,455.0,1
427313,hostaway,2026-03-16T00:00:00.000000,1,0,0,0,1,352.0,1
427313,hostaway,2026-03-17T00:00:00.000000,1,0,0,0,1,352.0,1
427313,hostaway,2026-03-18T00:00:00.000000,1,0,0,0,1,352.0,1
427313,hostaway,2026-03-19T00:00:00.000000,1,0,0,0,1,484.0,1
427313,hostaway,2026-03-20T00:00:00.000000,1,0,0,0,1,484.0,1
427313,hostaway,2026-03-21T00:00:00.000000,1,0,0,0,1,484.0,1
427313,hostaway,2026-03-22T00:00:00.000000,1,0,0,0,1,352.0,1
427313,hostaway,2026-03-23T00:00:00.000000,1,0,0,0,1,293.0,1
427313,hostaway,2026-03-24T00:00:00.000000,1,0,0,0,1,293.0,1
427313,hostaway,2026-03-25T00:00:00.000000,1,0,0,0,1,293.0,1
427313,hostaway,2026-03-26T00:00:00.000000,1,0,0,0,1,345.0,1
427313,hostaway,2026-03-27T00:00:00.000000,1,0,0,0,1,556.0,1
427313,hostaway,2026-03-28T00:00:00.000000,1,0,0,0,1,463.0,1
427313,hostaway,2026-03-29T00:00:00.000000,1,0,0,0,1,414.0,1
427313,hostaway,2026-03-30T00:00:00.000000,1,0,0,0,1,293.0,1
427313,hostaway,2026-03-31T00:00:00.000000,1,0,0,0,1,293.0,1
427313,hostaway,2026-04-01T00:00:00.000000,1,0,0,0,1,317.0,1
427313,hostaway,2026-04-02T00:00:00.000000,1,0,0,0,1,395.0,1
427313,hostaway,2026-04-03T00:00:00.000000,1,0,0,0,1,461.0,1
427313,hostaway,2026-04-04T00:00:00.000000,1,0,0,0,1,461.0,1
427313,hostaway,2026-04-05T00:00:00.000000,1,0,0,0,1,395.0,1
427313,hostaway,2026-04-06T00:00:00.000000,1,0,0,0,1,317.0,1
427313,hostaway,2026-04-07T00:00:00.000000,1,0,0,0,1,317.0,1
427313,hostaway,2026-04-08T00:00:00.000000,1,0,0,0,1,317.0,1
427313,hostaway,2026-04-09T00:00:00.000000,1,0,0,0,1,395.0,1
427313,hostaway,2026-04-10T00:00:00.000000,1,0,0,0,1,461.0,1
427313,hostaway,2026-04-11T00:00:00.000000,1,0,0,0,1,461.0,1
427313,hostaway,2026-04-12T00:00:00.000000,1,0,0,0,1,395.0,1
427313,hostaway,2026-04-13T00:00:00.000000,1,0,0,0,1,317.0,1
427313,hostaway,2026-04-14T00:00:00.000000,1,0,0,0,1,317.0,1
427313,hostaway,2026-04-15T00:00:00.000000,1,0,0,0,1,317.0,1
427313,hostaway,2026-04-16T00:00:00.000000,1,0,0,0,1,395.0,1
427313,hostaway,2026-04-17T00:00:00.000000,1,0,0,0,1,461.0,1
427313,hostaway,2026-04-18T00:00:00.000000,1,0,0,0,1,461.0,1
427313,hostaway,2026-04-19T00:00:00.000000,1,0,0,0,1,395.0,1
427313,hostaway,2026-04-20T00:00:00.000000,1,0,0,0,1,317.0,1
427313,hostaway,2026-04-21T00:00:00.000000,1,0,0,0,1,317.0,1
427313,hostaway,2026-04-22T00:00:00.000000,1,0,0,0,1,317.0,1
427313,hostaway,2026-04-23T00:00:00.000000,1,0,0,0,1,395.0,1
427313,hostaway,2026-04-24T00:00:00.000000,1,0,0,0,1,461.0,1
427313,hostaway,2026-04-25T00:00:00.000000,1,0,0,0,1,461.0,1
427313,hostaway,2026-04-26T00:00:00.000000,1,0,0,0,1,395.0,1
427313,hostaway,2026-04-27T00:00:00.000000,1,0,0,0,1,317.0,1
427313,hostaway,2026-04-28T00:00:00.000000,1,0,0,0,1,317.0,1
427313,hostaway,2026-04-29T00:00:00.000000,1,0,0,0,1,317.0,1
427313,hostaway,2026-04-30T00:00:00.000000,1,0,0,0,1,395.0,1
427313,hostaway,2026-05-01T00:00:00.000000,1,0,0,0,1,537.0,1
427313,hostaway,2026-05-02T00:00:00.000000,1,0,0,0,1,537.0,1
427313,hostaway,2026-05-03T00:00:00.000000,1,0,0,0,1,451.0,1
427313,hostaway,2026-05-04T00:00:00.000000,1,0,0,0,1,359.0,1
427313,hostaway,2026-05-05T00:00:00.000000,1,0,0,0,1,359.0,1
427313,hostaway,2026-05-06T00:00:00.000000,1,0,0,0,1,359.0,1
427313,hostaway,2026-05-07T00:00:00.000000,1,0,0,0,1,451.0,1
427313,hostaway,2026-05-08T00:00:00.000000,1,0,0,0,1,537.0,1
427313,hostaway,2026-05-09T00:00:00.000000,1,0,0,0,1,537.0,1
427313,hostaway,2026-05-10T00:00:00.000000,1,0,0,0,1,451.0,1
427313,hostaway,2026-05-11T00:00:00.000000,1,0,0,0,1,359.0,1
427313,hostaway,2026-05-12T00:00:00.000000,1,0,0,0,1,359.0,1
427313,hostaway,2026-05-13T00:00:00.000000,1,0,0,0,1,359.0,1
427313,hostaway,2026-05-14T00:00:00.000000,1,0,0,0,1,519.0,1
427313,hostaway,2026-05-15T00:00:00.000000,1,0,0,0,1,618.0,1
427313,hostaway,2026-05-16T00:00:00.000000,1,0,0,0,1,618.0,1
427313,hostaway,2026-05-17T00:00:00.000000,1,0,0,0,1,519.0,1
427313,hostaway,2026-05-18T00:00:00.000000,1,0,0,0,1,413.0,1
427313,hostaway,2026-05-19T00:00:00.000000,1,0,0,0,1,413.0,1
427313,hostaway,2026-05-20T00:00:00.000000,1,0,0,0,1,413.0,1
427313,hostaway,2026-05-21T00:00:00.000000,1,0,0,0,1,519.0,1
427313,hostaway,2026-05-22T00:00:00.000000,1,0,0,0,1,772.0,1
427313,hostaway,2026-05-23T00:00:00.000000,1,0,0,0,1,849.0,1
427313,hostaway,2026-05-24T00:00:00.000000,1,0,0,0,1,649.0,1
427313,hostaway,2026-05-25T00:00:00.000000,1,0,0,0,1,449.0,1
427313,hostaway,2026-05-26T00:00:00.000000,1,0,0,0,1,359.0,1
427313,hostaway,2026-05-27T00:00:00.000000,1,0,0,0,1,359.0,1
427313,hostaway,2026-05-28T00:00:00.000000,1,0,0,0,1,451.0,1
427313,hostaway,2026-05-29T00:00:00.000000,1,0,0,0,1,537.0,1
427313,hostaway,2026-05-30T00:00:00.000000,1,0,0,0,1,537.0,1
427313,hostaway,2026-05-31T00:00:00.000000,1,0,0,0,1,496.0,1
427313,hostaway,2026-06-01T00:00:00.000000,1,0,0,0,1,421.0,1
427313,hostaway,2026-06-02T00:00:00.000000,1,0,0,0,1,421.0,1
427313,hostaway,2026-06-03T00:00:00.000000,1,0,0,0,1,383.0,1
427313,hostaway,2026-06-04T00:00:00.000000,1,0,0,0,1,479.0,1
427313,hostaway,2026-06-05T00:00:00.000000,1,0,0,0,1,563.0,1
427313,hostaway,2026-06-06T00:00:00.000000,1,0,0,0,1,563.0,1
427313,hostaway,2026-06-07T00:00:00.000000,1,0,0,0,1,479.0,1
427313,hostaway,2026-06-08T00:00:00.000000,1,0,0,0,1,383.0,1
427313,hostaway,2026-06-09T00:00:00.000000,1,0,0,0,1,383.0,1
427313,hostaway,2026-06-10T00:00:00.000000,1,0,0,0,1,383.0,1
427313,hostaway,2026-06-11T00:00:00.000000,1,0,0,0,1,479.0,1
427313,hostaway,2026-06-12T00:00:00.000000,1,0,0,0,1,563.0,1
427313,hostaway,2026-06-13T00:00:00.000000,1,0,0,0,1,563.0,1
427313,hostaway,2026-06-14T00:00:00.000000,1,0,0,0,1,479.0,1
427313,hostaway,2026-06-15T00:00:00.000000,1,0,0,0,1,383.0,1
427313,hostaway,2026-06-16T00:00:00.000000,1,0,0,0,1,383.0,1
427313,hostaway,2026-06-17T00:00:00.000000,1,0,0,0,1,383.0,1
427313,hostaway,2026-06-18T00:00:00.000000,1,1,0,0,1,479.0,0
427313,hostaway,2026-06-19T00:00:00.000000,1,1,0,0,1,563.0,0
427313,hostaway,2026-06-20T00:00:00.000000,1,1,0,0,1,563.0,0
427313,hostaway,2026-06-21T00:00:00.000000,1,1,0,0,1,479.0,0
427313,hostaway,2026-06-22T00:00:00.000000,1,0,0,0,1,421.0,1
427313,hostaway,2026-06-23T00:00:00.000000,1,1,0,0,1,351.0,0
427313,hostaway,2026-06-24T00:00:00.000000,1,1,0,0,1,351.0,0
427313,hostaway,2026-06-25T00:00:00.000000,1,0,0,0,1,560.0,1
427313,hostaway,2026-06-26T00:00:00.000000,1,0,0,0,1,1090.0,1
427313,hostaway,2026-06-27T00:00:00.000000,1,0,0,0,1,1090.0,1
427313,hostaway,2026-06-28T00:00:00.000000,1,0,0,0,1,560.0,1
427313,hostaway,2026-06-29T00:00:00.000000,1,0,0,0,1,421.0,1
427313,hostaway,2026-06-30T00:00:00.000000,1,0,0,0,1,421.0,1
427313,hostaway,2026-07-01T00:00:00.000000,1,0,0,0,1,421.0,1
427313,hostaway,2026-07-02T00:00:00.000000,1,0,0,0,1,514.0,1
427313,hostaway,2026-07-03T00:00:00.000000,1,0,0,0,1,1092.0,1
427313,hostaway,2026-07-04T00:00:00.000000,1,0,0,0,1,1092.0,1
427313,hostaway,2026-07-05T00:00:00.000000,1,0,0,0,1,514.0,1
427313,hostaway,2026-07-06T00:00:00.000000,1,0,0,0,1,386.0,1
427313,hostaway,2026-07-07T00:00:00.000000,1,0,0,0,1,386.0,1
427313,hostaway,2026-07-08T00:00:00.000000,1,0,0,0,1,386.0,1
427313,hostaway,2026-07-09T00:00:00.000000,1,0,0,0,1,514.0,1
427313,hostaway,2026-07-10T00:00:00.000000,1,0,0,0,1,991.0,1
427313,hostaway,2026-07-11T00:00:00.000000,1,0,0,0,1,991.0,1
427313,hostaway,2026-07-12T00:00:00.000000,1,0,0,0,1,467.0,1
427313,hostaway,2026-07-13T00:00:00.000000,1,0,0,0,1,351.0,1
427313,hostaway,2026-07-14T00:00:00.000000,1,0,0,0,1,351.0,1
427313,hostaway,2026-07-15T00:00:00.000000,1,0,0,0,1,351.0,1
427313,hostaway,2026-07-16T00:00:00.000000,1,0,0,0,1,467.0,1
427313,hostaway,2026-07-17T00:00:00.000000,1,0,0,0,1,991.0,1
427313,hostaway,2026-07-18T00:00:00.000000,1,0,0,0,1,991.0,1
427313,hostaway,2026-07-19T00:00:00.000000,1,0,0,0,1,467.0,1
427313,hostaway,2026-07-20T00:00:00.000000,1,0,0,0,1,351.0,1
427313,hostaway,2026-07-21T00:00:00.000000,1,0,0,0,1,351.0,1
427313,hostaway,2026-07-22T00:00:00.000000,1,0,0,0,1,351.0,1
427313,hostaway,2026-07-23T00:00:00.000000,1,0,0,0,1,467.0,1
427313,hostaway,2026-07-24T00:00:00.000000,1,0,0,0,1,991.0,1
427313,hostaway,2026-07-25T00:00:00.000000,1,0,0,0,1,991.0,1
427313,hostaway,2026-07-26T00:00:00.000000,1,0,0,0,1,467.0,1
427313,hostaway,2026-07-27T00:00:00.000000,1,0,0,0,1,351.0,1
427313,hostaway,2026-07-28T00:00:00.000000,1,0,0,0,1,351.0,1
427313,hostaway,2026-07-29T00:00:00.000000,1,0,0,0,1,351.0,1
427313,hostaway,2026-07-30T00:00:00.000000,1,0,0,0,1,467.0,1
427313,hostaway,2026-07-31T00:00:00.000000,1,0,0,0,1,991.0,1
427313,hostaway,2026-08-01T00:00:00.000000,1,0,0,0,1,991.0,1
427313,hostaway,2026-08-02T00:00:00.000000,1,0,0,0,1,467.0,1
427313,hostaway,2026-08-03T00:00:00.000000,1,0,0,0,1,419.0,1
427313,hostaway,2026-08-04T00:00:00.000000,1,0,0,0,1,419.0,1
427313,hostaway,2026-08-05T00:00:00.000000,1,0,0,0,1,419.0,1
427313,hostaway,2026-08-06T00:00:00.000000,1,0,0,0,1,548.0,1
427313,hostaway,2026-08-07T00:00:00.000000,1,0,0,0,1,779.0,1
427313,hostaway,2026-08-08T00:00:00.000000,1,0,0,0,1,779.0,1
427313,hostaway,2026-08-09T00:00:00.000000,1,0,0,0,1,548.0,1
427313,hostaway,2026-08-10T00:00:00.000000,1,0,0,0,1,419.0,1
427313,hostaway,2026-08-11T00:00:00.000000,1,0,0,0,1,419.0,1
427313,hostaway,2026-08-12T00:00:00.000000,1,0,0,0,1,419.0,1
427313,hostaway,2026-08-13T00:00:00.000000,1,0,0,0,1,548.0,1
427313,hostaway,2026-08-14T00:00:00.000000,1,0,0,0,1,779.0,1
427313,hostaway,2026-08-15T00:00:00.000000,1,0,0,0,1,779.0,1
427313,hostaway,2026-08-16T00:00:00.000000,1,0,0,0,1,548.0,1
427313,hostaway,2026-08-17T00:00:00.000000,1,0,0,0,1,419.0,1
427313,hostaway,2026-08-18T00:00:00.000000,1,0,0,0,1,419.0,1
427313,hostaway,2026-08-19T00:00:00.000000,1,0,0,0,1,419.0,1
427313,hostaway,2026-08-20T00:00:00.000000,1,0,0,0,1,548.0,1
427313,hostaway,2026-08-21T00:00:00.000000,1,0,0,0,1,779.0,1
427313,hostaway,2026-08-22T00:00:00.000000,1,0,0,0,1,779.0,1
427313,hostaway,2026-08-23T00:00:00.000000,1,0,0,0,1,548.0,1
427313,hostaway,2026-08-24T00:00:00.000000,1,0,0,0,1,419.0,1
427313,hostaway,2026-08-25T00:00:00.000000,1,0,0,0,1,419.0,1
427313,hostaway,2026-08-26T00:00:00.000000,1,0,0,0,1,419.0,1
427313,hostaway,2026-08-27T00:00:00.000000,1,0,0,0,1,548.0,1
427313,hostaway,2026-08-28T00:00:00.000000,1,0,0,0,1,779.0,1
427313,hostaway,2026-08-29T00:00:00.000000,1,0,0,0,1,779.0,1
427313,hostaway,2026-08-30T00:00:00.000000,1,0,0,0,1,548.0,1
427313,hostaway,2026-08-31T00:00:00.000000,1,0,0,0,1,419.0,1
427313,hostaway,2026-09-01T00:00:00.000000,1,0,0,0,1,377.0,1
427313,hostaway,2026-09-02T00:00:00.000000,1,0,0,0,1,377.0,1
427313,hostaway,2026-09-03T00:00:00.000000,1,0,0,0,1,493.0,1
427313,hostaway,2026-09-04T00:00:00.000000,1,0,0,0,1,841.0,1
427313,hostaway,2026-09-05T00:00:00.000000,1,0,0,0,1,841.0,1
427313,hostaway,2026-09-06T00:00:00.000000,1,0,0,0,1,591.0,1
427313,hostaway,2026-09-07T00:00:00.000000,1,0,0,0,1,453.0,1
427313,hostaway,2026-09-08T00:00:00.000000,1,0,0,0,1,377.0,1
427313,hostaway,2026-09-09T00:00:00.000000,1,0,0,0,1,377.0,1
427313,hostaway,2026-09-10T00:00:00.000000,1,0,0,0,1,493.0,1
427313,hostaway,2026-09-11T00:00:00.000000,1,0,0,0,1,701.0,1
427313,hostaway,2026-09-12T00:00:00.000000,1,0,0,0,1,701.0,1
427313,hostaway,2026-09-13T00:00:00.000000,1,0,0,0,1,493.0,1
427313,hostaway,2026-09-14T00:00:00.000000,1,0,0,0,1,377.0,1
427313,hostaway,2026-09-15T00:00:00.000000,1,0,0,0,1,377.0,1
427313,hostaway,2026-09-16T00:00:00.000000,1,0,0,0,1,377.0,1
427313,hostaway,2026-09-17T00:00:00.000000,1,0,0,0,1,493.0,1
427313,hostaway,2026-09-18T00:00:00.000000,1,0,0,0,1,701.0,1
427313,hostaway,2026-09-19T00:00:00.000000,1,0,0,0,1,701.0,1
427313,hostaway,2026-09-20T00:00:00.000000,1,0,0,0,1,493.0,1
427313,hostaway,2026-09-21T00:00:00.000000,1,0,0,0,1,377.0,1
427313,hostaway,2026-09-22T00:00:00.000000,1,0,0,0,1,377.0,1
427313,hostaway,2026-09-23T00:00:00.000000,1,0,0,0,1,377.0,1
427313,hostaway,2026-09-24T00:00:00.000000,1,0,0,0,1,493.0,1
427313,hostaway,2026-09-25T00:00:00.000000,1,0,0,0,1,701.0,1
427313,hostaway,2026-09-26T00:00:00.000000,1,0,0,0,1,701.0,1
427313,hostaway,2026-09-27T00:00:00.000000,1,0,0,0,1,493.0,1
427313,hostaway,2026-09-28T00:00:00.000000,1,0,0,0,1,377.0,1
427313,hostaway,2026-09-29T00:00:00.000000,1,0,0,0,1,377.0,1
427313,hostaway,2026-09-30T00:00:00.000000,1,0,0,0,1,377.0,1
427313,hostaway,2026-10-01T00:00:00.000000,1,0,0,0,1,444.0,1
427313,hostaway,2026-10-02T00:00:00.000000,1,0,0,0,1,631.0,1
427313,hostaway,2026-10-03T00:00:00.000000,1,0,0,0,1,631.0,1
427313,hostaway,2026-10-04T00:00:00.000000,1,0,0,0,1,444.0,1
427313,hostaway,2026-10-05T00:00:00.000000,1,0,0,0,1,339.0,1
427313,hostaway,2026-10-06T00:00:00.000000,1,0,0,0,1,339.0,1
427313,hostaway,2026-10-07T00:00:00.000000,1,0,0,0,1,339.0,1
427313,hostaway,2026-10-08T00:00:00.000000,1,0,0,0,1,444.0,1
427313,hostaway,2026-10-09T00:00:00.000000,1,0,0,0,1,631.0,1
427313,hostaway,2026-10-10T00:00:00.000000,1,0,0,0,1,631.0,1
427313,hostaway,2026-10-11T00:00:00.000000,1,0,0,0,1,444.0,1
427313,hostaway,2026-10-12T00:00:00.000000,1,0,0,0,1,339.0,1
427313,hostaway,2026-10-13T00:00:00.000000,1,0,0,0,1,339.0,1
427313,hostaway,2026-10-14T00:00:00.000000,1,0,0,0,1,339.0,1
427313,hostaway,2026-10-15T00:00:00.000000,1,0,0,0,1,444.0,1
427313,hostaway,2026-10-16T00:00:00.000000,1,0,0,0,1,631.0,1
427313,hostaway,2026-10-17T00:00:00.000000,1,0,0,0,1,631.0,1
427313,hostaway,2026-10-18T00:00:00.000000,1,0,0,0,1,444.0,1
427313,hostaway,2026-10-19T00:00:00.000000,1,0,0,0,1,339.0,1
427313,hostaway,2026-10-20T00:00:00.000000,1,0,0,0,1,339.0,1
427313,hostaway,2026-10-21T00:00:00.000000,1,0,0,0,1,339.0,1
427313,hostaway,2026-10-22T00:00:00.000000,1,0,0,0,1,444.0,1
427313,hostaway,2026-10-23T00:00:00.000000,1,0,0,0,1,631.0,1
427313,hostaway,2026-10-24T00:00:00.000000,1,0,0,0,1,631.0,1
427313,hostaway,2026-10-25T00:00:00.000000,1,0,0,0,1,444.0,1
427313,hostaway,2026-10-26T00:00:00.000000,1,0,0,0,1,339.0,1
427313,hostaway,2026-10-27T00:00:00.000000,1,0,0,0,1,339.0,1
427313,hostaway,2026-10-28T00:00:00.000000,1,0,0,0,1,339.0,1
427313,hostaway,2026-10-29T00:00:00.000000,1,0,0,0,1,444.0,1
427313,hostaway,2026-10-30T00:00:00.000000,1,0,0,0,1,631.0,1
427313,hostaway,2026-10-31T00:00:00.000000,1,0,0,0,1,631.0,1
427313,hostaway,2026-11-01T00:00:00.000000,1,0,0,0,1,399.0,1
427313,hostaway,2026-11-02T00:00:00.000000,1,0,0,0,1,305.0,1
427313,hostaway,2026-11-03T00:00:00.000000,1,0,0,0,1,305.0,1
427313,hostaway,2026-11-04T00:00:00.000000,1,0,0,0,1,305.0,1
427313,hostaway,2026-11-05T00:00:00.000000,1,0,0,0,1,399.0,1
427313,hostaway,2026-11-06T00:00:00.000000,1,0,0,0,1,568.0,1
427313,hostaway,2026-11-07T00:00:00.000000,1,0,0,0,1,568.0,1
427313,hostaway,2026-11-08T00:00:00.000000,1,0,0,0,1,399.0,1
427313,hostaway,2026-11-09T00:00:00.000000,1,0,0,0,1,305.0,1
427313,hostaway,2026-11-10T00:00:00.000000,1,0,0,0,1,305.0,1
427313,hostaway,2026-11-11T00:00:00.000000,1,0,0,0,1,305.0,1
427313,hostaway,2026-11-12T00:00:00.000000,1,0,0,0,1,399.0,1
427313,hostaway,2026-11-13T00:00:00.000000,1,0,0,0,1,568.0,1
427313,hostaway,2026-11-14T00:00:00.000000,1,0,0,0,1,568.0,1
427313,hostaway,2026-11-15T00:00:00.000000,1,0,0,0,1,399.0,1
427313,hostaway,2026-11-16T00:00:00.000000,1,0,0,0,1,305.0,1
427313,hostaway,2026-11-17T00:00:00.000000,1,0,0,0,1,305.0,1
427313,hostaway,2026-11-18T00:00:00.000000,1,0,0,0,1,305.0,1
427313,hostaway,2026-11-19T00:00:00.000000,1,0,0,0,1,399.0,1
427313,hostaway,2026-11-20T00:00:00.000000,1,0,0,0,1,568.0,1
427313,hostaway,2026-11-21T00:00:00.000000,1,0,0,0,1,568.0,1
427313,hostaway,2026-11-22T00:00:00.000000,1,0,0,0,1,399.0,1
427313,hostaway,2026-11-23T00:00:00.000000,1,0,0,0,1,305.0,1
427313,hostaway,2026-11-24T00:00:00.000000,1,0,0,0,1,305.0,1
427313,hostaway,2026-11-25T00:00:00.000000,1,0,0,0,1,305.0,1
427313,hostaway,2026-11-26T00:00:00.000000,1,0,0,0,1,559.0,1
427313,hostaway,2026-11-27T00:00:00.000000,1,0,0,0,1,568.0,1
427313,hostaway,2026-11-28T00:00:00.000000,1,0,0,0,1,568.0,1
427313,hostaway,2026-11-29T00:00:00.000000,1,0,0,0,1,399.0,1
427313,hostaway,2026-11-30T00:00:00.000000,1,0,0,0,1,305.0,1
427313,hostaway,2026-12-01T00:00:00.000000,1,0,0,0,1,275.0,1
427313,hostaway,2026-12-02T00:00:00.000000,1,0,0,0,1,275.0,1
427313,hostaway,2026-12-03T00:00:00.000000,1,0,0,0,1,359.0,1
427313,hostaway,2026-12-04T00:00:00.000000,1,0,0,0,1,511.0,1
427313,hostaway,2026-12-05T00:00:00.000000,1,0,0,0,1,511.0,1
427313,hostaway,2026-12-06T00:00:00.000000,1,0,0,0,1,359.0,1
427313,hostaway,2026-12-07T00:00:00.000000,1,0,0,0,1,275.0,1
427313,hostaway,2026-12-08T00:00:00.000000,1,0,0,0,1,275.0,1
427313,hostaway,2026-12-09T00:00:00.000000,1,0,0,0,1,275.0,1
427313,hostaway,2026-12-10T00:00:00.000000,1,0,0,0,1,359.0,1
427313,hostaway,2026-12-11T00:00:00.000000,1,0,0,0,1,511.0,1
427313,hostaway,2026-12-12T00:00:00.000000,1,0,0,0,1,511.0,1
427313,hostaway,2026-12-13T00:00:00.000000,1,0,0,0,1,359.0,1
427313,hostaway,2026-12-14T00:00:00.000000,1,0,0,0,1,275.0,1
427313,hostaway,2026-12-15T00:00:00.000000,1,0,0,0,1,275.0,1
427313,hostaway,2026-12-16T00:00:00.000000,1,0,0,0,1,275.0,1
427313,hostaway,2026-12-17T00:00:00.000000,1,0,0,0,1,431.0,1
427313,hostaway,2026-12-18T00:00:00.000000,1,0,0,0,1,613.0,1
427313,hostaway,2026-12-19T00:00:00.000000,1,0,0,0,1,613.0,1
427313,hostaway,2026-12-20T00:00:00.000000,1,0,0,0,1,431.0,1
427313,hostaway,2026-12-21T00:00:00.000000,1,0,0,0,1,330.0,1
427313,hostaway,2026-12-22T00:00:00.000000,1,0,0,0,1,330.0,1
427313,hostaway,2026-12-23T00:00:00.000000,1,0,0,0,1,330.0,1
427313,hostaway,2026-12-24T00:00:00.000000,1,0,0,0,1,503.0,1
427313,hostaway,2026-12-25T00:00:00.000000,1,0,0,0,1,920.0,1
427313,hostaway,2026-12-26T00:00:00.000000,1,0,0,0,1,920.0,1
427313,hostaway,2026-12-27T00:00:00.000000,1,0,0,0,1,359.0,1
427313,hostaway,2026-12-28T00:00:00.000000,1,0,0,0,1,275.0,1
427313,hostaway,2026-12-29T00:00:00.000000,1,0,0,0,1,275.0,1
427313,hostaway,2026-12-30T00:00:00.000000,1,0,0,0,1,1100.0,1
427313,hostaway,2026-12-31T00:00:00.000000,1,0,0,0,1,1100.0,1
427313,hostaway,2027-01-01T00:00:00.000000,1,0,0,0,1,409.0,1
427313,hostaway,2027-01-02T00:00:00.000000,1,0,0,0,1,409.0,1
427313,hostaway,2027-01-03T00:00:00.000000,1,0,0,0,1,341.0,1
422608,hostaway,2026-02-02T00:00:00.000000,1,0,0,0,1,250.0,1
422608,hostaway,2026-02-03T00:00:00.000000,1,0,0,0,1,250.0,1
422608,hostaway,2026-02-04T00:00:00.000000,1,1,0,0,1,301.0,0
422608,hostaway,2026-02-05T00:00:00.000000,1,1,0,0,1,343.0,0
422608,hostaway,2026-02-06T00:00:00.000000,1,1,0,0,1,403.0,0
422608,hostaway,2026-02-07T00:00:00.000000,1,0,0,0,1,403.0,1
422608,hostaway,2026-02-08T00:00:00.000000,1,0,0,0,1,274.0,1
422608,hostaway,2026-02-09T00:00:00.000000,1,0,0,0,1,250.0,1
422608,hostaway,2026-02-10T00:00:00.000000,1,0,0,0,1,250.0,1
422608,hostaway,2026-02-11T00:00:00.000000,1,0,0,0,1,287.0,1
422608,hostaway,2026-02-12T00:00:00.000000,1,0,0,0,1,343.0,1
422608,hostaway,2026-02-13T00:00:00.000000,1,0,0,0,1,611.0,1
422608,hostaway,2026-02-14T00:00:00.000000,1,1,0,0,1,587.0,0
422608,hostaway,2026-02-15T00:00:00.000000,1,1,0,0,1,394.0,0
422608,hostaway,2026-02-16T00:00:00.000000,1,0,0,0,1,346.0,1
422608,hostaway,2026-02-17T00:00:00.000000,1,0,0,0,1,346.0,1
422608,hostaway,2026-02-18T00:00:00.000000,1,0,0,0,1,301.0,1
422608,hostaway,2026-02-19T00:00:00.000000,1,0,0,0,1,343.0,1
422608,hostaway,2026-02-20T00:00:00.000000,1,0,0,0,1,443.0,1
422608,hostaway,2026-02-21T00:00:00.000000,1,1,0,0,1,463.0,0
422608,hostaway,2026-02-22T00:00:00.000000,1,1,0,0,1,343.0,0
422608,hostaway,2026-02-23T00:00:00.000000,1,0,0,0,1,301.0,1
422608,hostaway,2026-02-24T00:00:00.000000,1,0,0,0,1,301.0,1
422608,hostaway,2026-02-25T00:00:00.000000,1,0,0,0,1,301.0,1
422608,hostaway,2026-02-26T00:00:00.000000,1,0,0,0,1,343.0,1
422608,hostaway,2026-02-27T00:00:00.000000,1,0,0,0,1,403.0,1
422608,hostaway,2026-02-28T00:00:00.000000,1,0,0,0,1,403.0,1
422608,hostaway,2026-03-01T00:00:00.000000,1,0,0,0,1,393.0,1
422608,hostaway,2026-03-02T00:00:00.000000,1,0,0,0,1,335.0,1
422608,hostaway,2026-03-03T00:00:00.000000,1,0,0,0,1,335.0,1
422608,hostaway,2026-03-04T00:00:00.000000,1,0,0,0,1,335.0,1
422608,hostaway,2026-03-05T00:00:00.000000,1,0,0,0,1,452.0,1
422608,hostaway,2026-03-06T00:00:00.000000,1,0,0,0,1,575.0,1
422608,hostaway,2026-03-07T00:00:00.000000,1,0,0,0,1,601.0,1
422608,hostaway,2026-03-08T00:00:00.000000,1,0,0,0,1,452.0,1
422608,hostaway,2026-03-09T00:00:00.000000,1,0,0,0,1,335.0,1
422608,hostaway,2026-03-10T00:00:00.000000,1,0,0,0,1,335.0,1
422608,hostaway,2026-03-11T00:00:00.000000,1,0,0,0,1,335.0,1
422608,hostaway,2026-03-12T00:00:00.000000,1,0,0,0,1,432.0,1
422608,hostaway,2026-03-13T00:00:00.000000,1,0,0,0,1,601.0,1
422608,hostaway,2026-03-14T00:00:00.000000,1,0,0,0,1,601.0,1
422608,hostaway,2026-03-15T00:00:00.000000,1,0,0,0,1,519.0,1
422608,hostaway,2026-03-16T00:00:00.000000,1,0,0,0,1,402.0,1
422608,hostaway,2026-03-17T00:00:00.000000,1,0,0,0,1,402.0,1
422608,hostaway,2026-03-18T00:00:00.000000,1,0,0,0,1,402.0,1
422608,hostaway,2026-03-19T00:00:00.000000,1,0,0,0,1,442.0,1
422608,hostaway,2026-03-20T00:00:00.000000,1,1,0,0,1,546.0,0
422608,hostaway,2026-03-21T00:00:00.000000,1,1,0,0,1,472.0,0
422608,hostaway,2026-03-22T00:00:00.000000,1,0,0,0,1,402.0,1
422608,hostaway,2026-03-23T00:00:00.000000,1,0,0,0,1,335.0,1
422608,hostaway,2026-03-24T00:00:00.000000,1,0,0,0,1,335.0,1
422608,hostaway,2026-03-25T00:00:00.000000,1,0,0,0,1,335.0,1
422608,hostaway,2026-03-26T00:00:00.000000,1,0,0,0,1,393.0,1
422608,hostaway,2026-03-27T00:00:00.000000,1,0,0,0,1,628.0,1
422608,hostaway,2026-03-28T00:00:00.000000,1,0,0,0,1,523.0,1
422608,hostaway,2026-03-29T00:00:00.000000,1,0,0,0,1,472.0,1
422608,hostaway,2026-03-30T00:00:00.000000,1,0,0,0,1,335.0,1
422608,hostaway,2026-03-31T00:00:00.000000,1,0,0,0,1,335.0,1
422608,hostaway,2026-04-01T00:00:00.000000,1,0,0,0,1,361.0,1
422608,hostaway,2026-04-02T00:00:00.000000,1,0,0,0,1,443.0,1
422608,hostaway,2026-04-03T00:00:00.000000,1,0,0,0,1,517.0,1
422608,hostaway,2026-04-04T00:00:00.000000,1,0,0,0,1,517.0,1
422608,hostaway,2026-04-05T00:00:00.000000,1,0,0,0,1,443.0,1
422608,hostaway,2026-04-06T00:00:00.000000,1,0,0,0,1,361.0,1
422608,hostaway,2026-04-07T00:00:00.000000,1,0,0,0,1,361.0,1
422608,hostaway,2026-04-08T00:00:00.000000,1,0,0,0,1,361.0,1
422608,hostaway,2026-04-09T00:00:00.000000,1,0,0,0,1,443.0,1
422608,hostaway,2026-04-10T00:00:00.000000,1,0,0,0,1,517.0,1
422608,hostaway,2026-04-11T00:00:00.000000,1,0,0,0,1,517.0,1
422608,hostaway,2026-04-12T00:00:00.000000,1,0,0,0,1,443.0,1
422608,hostaway,2026-04-13T00:00:00.000000,1,0,0,0,1,361.0,1
422608,hostaway,2026-04-14T00:00:00.000000,1,0,0,0,1,361.0,1
422608,hostaway,2026-04-15T00:00:00.000000,1,0,0,0,1,361.0,1
422608,hostaway,2026-04-16T00:00:00.000000,1,0,0,0,1,443.0,1
422608,hostaway,2026-04-17T00:00:00.000000,1,0,0,0,1,517.0,1
422608,hostaway,2026-04-18T00:00:00.000000,1,0,0,0,1,517.0,1
422608,hostaway,2026-04-19T00:00:00.000000,1,0,0,0,1,443.0,1
422608,hostaway,2026-04-20T00:00:00.000000,1,0,0,0,1,361.0,1
422608,hostaway,2026-04-21T00:00:00.000000,1,0,0,0,1,361.0,1
422608,hostaway,2026-04-22T00:00:00.000000,1,0,0,0,1,361.0,1
422608,hostaway,2026-04-23T00:00:00.000000,1,0,0,0,1,443.0,1
422608,hostaway,2026-04-24T00:00:00.000000,1,0,0,0,1,517.0,1
422608,hostaway,2026-04-25T00:00:00.000000,1,0,0,0,1,517.0,1
422608,hostaway,2026-04-26T00:00:00.000000,1,0,0,0,1,443.0,1
422608,hostaway,2026-04-27T00:00:00.000000,1,0,0,0,1,361.0,1
422608,hostaway,2026-04-28T00:00:00.000000,1,0,0,0,1,361.0,1
422608,hostaway,2026-04-29T00:00:00.000000,1,0,0,0,1,361.0,1
422608,hostaway,2026-04-30T00:00:00.000000,1,0,0,0,1,443.0,1
422608,hostaway,2026-05-01T00:00:00.000000,1,0,0,0,1,581.0,1
422608,hostaway,2026-05-02T00:00:00.000000,1,0,0,0,1,581.0,1
422608,hostaway,2026-05-03T00:00:00.000000,1,0,0,0,1,487.0,1
422608,hostaway,2026-05-04T00:00:00.000000,1,0,0,0,1,399.0,1
422608,hostaway,2026-05-05T00:00:00.000000,1,0,0,0,1,399.0,1
422608,hostaway,2026-05-06T00:00:00.000000,1,0,0,0,1,399.0,1
422608,hostaway,2026-05-07T00:00:00.000000,1,0,0,0,1,487.0,1
422608,hostaway,2026-05-08T00:00:00.000000,1,0,0,0,1,581.0,1
422608,hostaway,2026-05-09T00:00:00.000000,1,0,0,0,1,581.0,1
422608,hostaway,2026-05-10T00:00:00.000000,1,0,0,0,1,487.0,1
422608,hostaway,2026-05-11T00:00:00.000000,1,0,0,0,1,399.0,1
422608,hostaway,2026-05-12T00:00:00.000000,1,0,0,0,1,399.0,1
422608,hostaway,2026-05-13T00:00:00.000000,1,0,0,0,1,399.0,1
422608,hostaway,2026-05-14T00:00:00.000000,1,0,0,0,1,560.0,1
422608,hostaway,2026-05-15T00:00:00.000000,1,0,0,0,1,668.0,1
422608,hostaway,2026-05-16T00:00:00.000000,1,0,0,0,1,668.0,1
422608,hostaway,2026-05-17T00:00:00.000000,1,0,0,0,1,560.0,1
422608,hostaway,2026-05-18T00:00:00.000000,1,0,0,0,1,459.0,1
422608,hostaway,2026-05-19T00:00:00.000000,1,0,0,0,1,459.0,1
422608,hostaway,2026-05-20T00:00:00.000000,1,0,0,0,1,459.0,1
422608,hostaway,2026-05-21T00:00:00.000000,1,0,0,0,1,560.0,1
422608,hostaway,2026-05-22T00:00:00.000000,1,0,0,0,1,835.0,1
422608,hostaway,2026-05-23T00:00:00.000000,1,0,0,0,1,919.0,1
422608,hostaway,2026-05-24T00:00:00.000000,1,0,0,0,1,700.0,1
422608,hostaway,2026-05-25T00:00:00.000000,1,0,0,0,1,499.0,1
422608,hostaway,2026-05-26T00:00:00.000000,1,0,0,0,1,399.0,1
422608,hostaway,2026-05-27T00:00:00.000000,1,0,0,0,1,399.0,1
422608,hostaway,2026-05-28T00:00:00.000000,1,0,0,0,1,487.0,1
422608,hostaway,2026-05-29T00:00:00.000000,1,0,0,0,1,581.0,1
422608,hostaway,2026-05-30T00:00:00.000000,1,0,0,0,1,581.0,1
422608,hostaway,2026-05-31T00:00:00.000000,1,0,0,0,1,536.0,1
422608,hostaway,2026-06-01T00:00:00.000000,1,0,0,0,1,468.0,1
422608,hostaway,2026-06-02T00:00:00.000000,1,0,0,0,1,468.0,1
422608,hostaway,2026-06-03T00:00:00.000000,1,0,0,0,1,425.0,1
422608,hostaway,2026-06-04T00:00:00.000000,1,0,0,0,1,519.0,1
422608,hostaway,2026-06-05T00:00:00.000000,1,0,0,0,1,605.0,1
422608,hostaway,2026-06-06T00:00:00.000000,1,0,0,0,1,605.0,1
422608,hostaway,2026-06-07T00:00:00.000000,1,0,0,0,1,519.0,1
422608,hostaway,2026-06-08T00:00:00.000000,1,0,0,0,1,425.0,1
422608,hostaway,2026-06-09T00:00:00.000000,1,0,0,0,1,425.0,1
422608,hostaway,2026-06-10T00:00:00.000000,1,0,0,0,1,425.0,1
422608,hostaway,2026-06-11T00:00:00.000000,1,0,0,0,1,519.0,1
422608,hostaway,2026-06-12T00:00:00.000000,1,0,0,0,1,605.0,1
422608,hostaway,2026-06-13T00:00:00.000000,1,0,0,0,1,605.0,1
422608,hostaway,2026-06-14T00:00:00.000000,1,0,0,0,1,519.0,1
422608,hostaway,2026-06-15T00:00:00.000000,1,0,0,0,1,425.0,1
422608,hostaway,2026-06-16T00:00:00.000000,1,0,0,0,1,425.0,1
422608,hostaway,2026-06-17T00:00:00.000000,1,0,0,0,1,425.0,1
422608,hostaway,2026-06-18T00:00:00.000000,1,0,0,0,1,675.0,1
422608,hostaway,2026-06-19T00:00:00.000000,1,0,0,0,1,905.0,1
422608,hostaway,2026-06-20T00:00:00.000000,1,0,0,0,1,996.0,1
422608,hostaway,2026-06-21T00:00:00.000000,1,0,0,0,1,742.0,1
422608,hostaway,2026-06-22T00:00:00.000000,1,0,0,0,1,646.0,1
422608,hostaway,2026-06-23T00:00:00.000000,1,0,0,0,1,646.0,1
422608,hostaway,2026-06-24T00:00:00.000000,1,0,0,0,1,646.0,1
422608,hostaway,2026-06-25T00:00:00.000000,1,0,0,0,1,846.0,1
422608,hostaway,2026-06-26T00:00:00.000000,1,0,0,0,1,1453.0,1
422608,hostaway,2026-06-27T00:00:00.000000,1,0,0,0,1,1453.0,1
422608,hostaway,2026-06-28T00:00:00.000000,1,0,0,0,1,846.0,1
422608,hostaway,2026-06-29T00:00:00.000000,1,0,0,0,1,646.0,1
422608,hostaway,2026-06-30T00:00:00.000000,1,0,0,0,1,646.0,1
422608,hostaway,2026-07-01T00:00:00.000000,1,0,0,0,1,646.0,1
422608,hostaway,2026-07-02T00:00:00.000000,1,0,0,0,1,775.0,1
422608,hostaway,2026-07-03T00:00:00.000000,1,0,0,0,1,1447.0,1
422608,hostaway,2026-07-04T00:00:00.000000,1,0,0,0,1,1447.0,1
422608,hostaway,2026-07-05T00:00:00.000000,1,0,0,0,1,775.0,1
422608,hostaway,2026-07-06T00:00:00.000000,1,0,0,0,1,538.0,1
422608,hostaway,2026-07-07T00:00:00.000000,1,0,0,0,1,538.0,1
422608,hostaway,2026-07-08T00:00:00.000000,1,0,0,0,1,538.0,1
422608,hostaway,2026-07-09T00:00:00.000000,1,0,0,0,1,705.0,1
422608,hostaway,2026-07-10T00:00:00.000000,1,0,0,0,1,1321.0,1
422608,hostaway,2026-07-11T00:00:00.000000,1,0,0,0,1,1321.0,1
422608,hostaway,2026-07-12T00:00:00.000000,1,0,0,0,1,705.0,1
422608,hostaway,2026-07-13T00:00:00.000000,1,0,0,0,1,538.0,1
422608,hostaway,2026-07-14T00:00:00.000000,1,0,0,0,1,538.0,1
422608,hostaway,2026-07-15T00:00:00.000000,1,0,0,0,1,538.0,1
422608,hostaway,2026-07-16T00:00:00.000000,1,0,0,0,1,705.0,1
422608,hostaway,2026-07-17T00:00:00.000000,1,0,0,0,1,1321.0,1
422608,hostaway,2026-07-18T00:00:00.000000,1,0,0,0,1,1321.0,1
422608,hostaway,2026-07-19T00:00:00.000000,1,0,0,0,1,705.0,1
422608,hostaway,2026-07-20T00:00:00.000000,1,0,0,0,1,538.0,1
422608,hostaway,2026-07-21T00:00:00.000000,1,0,0,0,1,538.0,1
422608,hostaway,2026-07-22T00:00:00.000000,1,0,0,0,1,538.0,1
422608,hostaway,2026-07-23T00:00:00.000000,1,0,0,0,1,705.0,1
422608,hostaway,2026-07-24T00:00:00.000000,1,0,0,0,1,1321.0,1
422608,hostaway,2026-07-25T00:00:00.000000,1,0,0,0,1,1321.0,1
422608,hostaway,2026-07-26T00:00:00.000000,1,0,0,0,1,705.0,1
422608,hostaway,2026-07-27T00:00:00.000000,1,0,0,0,1,538.0,1
422608,hostaway,2026-07-28T00:00:00.000000,1,0,0,0,1,538.0,1
422608,hostaway,2026-07-29T00:00:00.000000,1,0,0,0,1,538.0,1
422608,hostaway,2026-07-30T00:00:00.000000,1,0,0,0,1,705.0,1
422608,hostaway,2026-07-31T00:00:00.000000,1,0,0,0,1,1321.0,1
422608,hostaway,2026-08-01T00:00:00.000000,1,0,0,0,1,1321.0,1
422608,hostaway,2026-08-02T00:00:00.000000,1,0,0,0,1,705.0,1
422608,hostaway,2026-08-03T00:00:00.000000,1,0,0,0,1,475.0,1
422608,hostaway,2026-08-04T00:00:00.000000,1,0,0,0,1,465.0,1
422608,hostaway,2026-08-05T00:00:00.000000,1,0,0,0,1,561.0,1
422608,hostaway,2026-08-06T00:00:00.000000,1,0,0,0,1,536.0,1
422608,hostaway,2026-08-07T00:00:00.000000,1,0,0,0,1,728.0,1
422608,hostaway,2026-08-08T00:00:00.000000,1,0,0,0,1,876.0,1
422608,hostaway,2026-08-09T00:00:00.000000,1,0,0,0,1,972.0,1
422608,hostaway,2026-08-10T00:00:00.000000,1,0,0,0,1,1311.0,1
422608,hostaway,2026-08-11T00:00:00.000000,1,0,0,0,1,1099.0,1
422608,hostaway,2026-08-12T00:00:00.000000,1,0,0,0,1,643.0,1
422608,hostaway,2026-08-13T00:00:00.000000,1,0,0,0,1,602.0,1
422608,hostaway,2026-08-14T00:00:00.000000,1,0,0,0,1,686.0,1
422608,hostaway,2026-08-15T00:00:00.000000,1,0,0,0,1,697.0,1
422608,hostaway,2026-08-16T00:00:00.000000,1,0,0,0,1,561.0,1
422608,hostaway,2026-08-17T00:00:00.000000,1,0,0,0,1,558.0,1
422608,hostaway,2026-08-18T00:00:00.000000,1,0,0,0,1,554.0,1
422608,hostaway,2026-08-19T00:00:00.000000,1,0,0,0,1,550.0,1
422608,hostaway,2026-08-20T00:00:00.000000,1,0,0,0,1,525.0,1
422608,hostaway,2026-08-21T00:00:00.000000,1,0,0,0,1,1285.0,1
422608,hostaway,2026-08-22T00:00:00.000000,1,0,0,0,1,1285.0,1
422608,hostaway,2026-08-23T00:00:00.000000,1,0,0,0,1,498.0,1
422608,hostaway,2026-08-24T00:00:00.000000,1,0,0,0,1,452.0,1
422608,hostaway,2026-08-25T00:00:00.000000,1,0,0,0,1,450.0,1
422608,hostaway,2026-08-26T00:00:00.000000,1,0,0,0,1,467.0,1
422608,hostaway,2026-08-27T00:00:00.000000,1,0,0,0,1,540.0,1
422608,hostaway,2026-08-28T00:00:00.000000,1,0,0,0,1,1285.0,1
422608,hostaway,2026-08-29T00:00:00.000000,1,0,0,0,1,1285.0,1
422608,hostaway,2026-08-30T00:00:00.000000,1,0,0,0,1,491.0,1
422608,hostaway,2026-08-31T00:00:00.000000,1,0,0,0,1,431.0,1
422608,hostaway,2026-09-01T00:00:00.000000,1,0,0,0,1,428.0,1
422608,hostaway,2026-09-02T00:00:00.000000,1,0,0,0,1,428.0,1
422608,hostaway,2026-09-03T00:00:00.000000,1,0,0,0,1,518.0,1
422608,hostaway,2026-09-04T00:00:00.000000,1,0,0,0,1,1285.0,1
422608,hostaway,2026-09-05T00:00:00.000000,1,0,0,0,1,1285.0,1
422608,hostaway,2026-09-06T00:00:00.000000,1,0,0,0,1,620.0,1
422608,hostaway,2026-09-07T00:00:00.000000,1,0,0,0,1,528.0,1
422608,hostaway,2026-09-08T00:00:00.000000,1,0,0,0,1,528.0,1
422608,hostaway,2026-09-09T00:00:00.000000,1,0,0,0,1,425.0,1
422608,hostaway,2026-09-10T00:00:00.000000,1,0,0,0,1,588.0,1
422608,hostaway,2026-09-11T00:00:00.000000,1,0,0,0,1,1285.0,1
422608,hostaway,2026-09-12T00:00:00.000000,1,0,0,0,1,1285.0,1
422608,hostaway,2026-09-13T00:00:00.000000,1,0,0,0,1,617.0,1
422608,hostaway,2026-09-14T00:00:00.000000,1,0,0,0,1,452.0,1
422608,hostaway,2026-09-15T00:00:00.000000,1,0,0,0,1,535.0,1
422608,hostaway,2026-09-16T00:00:00.000000,1,0,0,0,1,567.0,1
422608,hostaway,2026-09-17T00:00:00.000000,1,0,0,0,1,638.0,1
422608,hostaway,2026-09-18T00:00:00.000000,1,0,0,0,1,1285.0,1
422608,hostaway,2026-09-19T00:00:00.000000,1,0,0,0,1,1285.0,1
422608,hostaway,2026-09-20T00:00:00.000000,1,0,0,0,1,571.0,1
422608,hostaway,2026-09-21T00:00:00.000000,1,0,0,0,1,535.0,1
422608,hostaway,2026-09-22T00:00:00.000000,1,0,0,0,1,535.0,1
422608,hostaway,2026-09-23T00:00:00.000000,1,0,0,0,1,535.0,1
422608,hostaway,2026-09-24T00:00:00.000000,1,0,0,0,1,535.0,1
422608,hostaway,2026-09-25T00:00:00.000000,1,0,0,0,1,1285.0,1
422608,hostaway,2026-09-26T00:00:00.000000,1,0,0,0,1,1285.0,1
422608,hostaway,2026-09-27T00:00:00.000000,1,0,0,0,1,538.0,1
422608,hostaway,2026-09-28T00:00:00.000000,1,0,0,0,1,522.0,1
422608,hostaway,2026-09-29T00:00:00.000000,1,0,0,0,1,416.0,1
422608,hostaway,2026-09-30T00:00:00.000000,1,0,0,0,1,431.0,1
422608,hostaway,2026-10-01T00:00:00.000000,1,0,0,0,1,495.0,1
422608,hostaway,2026-10-02T00:00:00.000000,1,0,0,0,1,1285.0,1
422608,hostaway,2026-10-03T00:00:00.000000,1,0,0,0,1,1285.0,1
422608,hostaway,2026-10-04T00:00:00.000000,1,0,0,0,1,537.0,1
422608,hostaway,2026-10-05T00:00:00.000000,1,0,0,0,1,515.0,1
422608,hostaway,2026-10-06T00:00:00.000000,1,0,0,0,1,409.0,1
422608,hostaway,2026-10-07T00:00:00.000000,1,0,0,0,1,519.0,1
422608,hostaway,2026-10-08T00:00:00.000000,1,0,0,0,1,520.0,1
422608,hostaway,2026-10-09T00:00:00.000000,1,0,0,0,1,1285.0,1
422608,hostaway,2026-10-10T00:00:00.000000,1,0,0,0,1,1285.0,1
422608,hostaway,2026-10-11T00:00:00.000000,1,0,0,0,1,637.0,1
422608,hostaway,2026-10-12T00:00:00.000000,1,0,0,0,1,421.0,1
422608,hostaway,2026-10-13T00:00:00.000000,1,0,0,0,1,398.0,1
422608,hostaway,2026-10-14T00:00:00.000000,1,0,0,0,1,424.0,1
422608,hostaway,2026-10-15T00:00:00.000000,1,0,0,0,1,511.0,1
422608,hostaway,2026-10-16T00:00:00.000000,1,0,0,0,1,1285.0,1
422608,hostaway,2026-10-17T00:00:00.000000,1,0,0,0,1,1285.0,1
422608,hostaway,2026-10-18T00:00:00.000000,1,0,0,0,1,517.0,1
422608,hostaway,2026-10-19T00:00:00.000000,1,0,0,0,1,408.0,1
422608,hostaway,2026-10-20T00:00:00.000000,1,0,0,0,1,401.0,1
422608,hostaway,2026-10-21T00:00:00.000000,1,0,0,0,1,414.0,1
422608,hostaway,2026-10-22T00:00:00.000000,1,0,0,0,1,498.0,1
422608,hostaway,2026-10-23T00:00:00.000000,1,0,0,0,1,1285.0,1
422608,hostaway,2026-10-24T00:00:00.000000,1,0,0,0,1,1285.0,1
422608,hostaway,2026-10-25T00:00:00.000000,1,0,0,0,1,481.0,1
422608,hostaway,2026-10-26T00:00:00.000000,1,0,0,0,1,415.0,1
422608,hostaway,2026-10-27T00:00:00.000000,1,0,0,0,1,401.0,1
422608,hostaway,2026-10-28T00:00:00.000000,1,0,0,0,1,411.0,1
422608,hostaway,2026-10-29T00:00:00.000000,1,0,0,0,1,514.0,1
422608,hostaway,2026-10-30T00:00:00.000000,1,0,0,0,1,1285.0,1
422608,hostaway,2026-10-31T00:00:00.000000,1,0,0,0,1,1285.0,1
422608,hostaway,2026-11-01T00:00:00.000000,1,0,0,0,1,477.0,1
422608,hostaway,2026-11-02T00:00:00.000000,1,0,0,0,1,411.0,1
422608,hostaway,2026-11-03T00:00:00.000000,1,0,0,0,1,398.0,1
422608,hostaway,2026-11-04T00:00:00.000000,1,0,0,0,1,401.0,1
422608,hostaway,2026-11-05T00:00:00.000000,1,0,0,0,1,481.0,1
422608,hostaway,2026-11-06T00:00:00.000000,1,0,0,0,1,1285.0,1
422608,hostaway,2026-11-07T00:00:00.000000,1,0,0,0,1,1285.0,1
422608,hostaway,2026-11-08T00:00:00.000000,1,0,0,0,1,431.0,1
422608,hostaway,2026-11-09T00:00:00.000000,1,0,0,0,1,391.0,1
422608,hostaway,2026-11-10T00:00:00.000000,1,0,0,0,1,580.0,1
422608,hostaway,2026-11-11T00:00:00.000000,1,0,0,0,1,580.0,1
422608,hostaway,2026-11-12T00:00:00.000000,1,0,0,0,1,580.0,1
422608,hostaway,2026-11-13T00:00:00.000000,1,0,0,0,1,1285.0,1
422608,hostaway,2026-11-14T00:00:00.000000,1,0,0,0,1,1285.0,1
422608,hostaway,2026-11-15T00:00:00.000000,1,0,0,0,1,428.0,1
422608,hostaway,2026-11-16T00:00:00.000000,1,0,0,0,1,395.0,1
422608,hostaway,2026-11-17T00:00:00.000000,1,0,0,0,1,422.0,1
422608,hostaway,2026-11-18T00:00:00.000000,1,0,0,0,1,465.0,1
422608,hostaway,2026-11-19T00:00:00.000000,1,0,0,0,1,505.0,1
422608,hostaway,2026-11-20T00:00:00.000000,1,0,0,0,1,1285.0,1
422608,hostaway,2026-11-21T00:00:00.000000,1,0,0,0,1,1285.0,1
422608,hostaway,2026-11-22T00:00:00.000000,1,0,0,0,1,438.0,1
422608,hostaway,2026-11-23T00:00:00.000000,1,0,0,0,1,398.0,1
422608,hostaway,2026-11-24T00:00:00.000000,1,0,0,0,1,418.0,1
422608,hostaway,2026-11-25T00:00:00.000000,1,0,0,0,1,682.0,1
422608,hostaway,2026-11-26T00:00:00.000000,1,0,0,0,1,709.0,1
422608,hostaway,2026-11-27T00:00:00.000000,1,0,0,0,1,1285.0,1
422608,hostaway,2026-11-28T00:00:00.000000,1,0,0,0,1,1285.0,1
422608,hostaway,2026-11-29T00:00:00.000000,1,0,0,0,1,460.0,1
422608,hostaway,2026-11-30T00:00:00.000000,1,0,0,0,1,397.0,1
422608,hostaway,2026-12-01T00:00:00.000000,1,0,0,0,1,417.0,1
422608,hostaway,2026-12-02T00:00:00.000000,1,0,0,0,1,467.0,1
422608,hostaway,2026-12-03T00:00:00.000000,1,0,0,0,1,510.0,1
422608,hostaway,2026-12-04T00:00:00.000000,1,0,0,0,1,1285.0,1
422608,hostaway,2026-12-05T00:00:00.000000,1,0,0,0,1,1285.0,1
422608,hostaway,2026-12-06T00:00:00.000000,1,0,0,0,1,434.0,1
422608,hostaway,2026-12-07T00:00:00.000000,1,0,0,0,1,374.0,1
422608,hostaway,2026-12-08T00:00:00.000000,1,0,0,0,1,368.0,1
422608,hostaway,2026-12-09T00:00:00.000000,1,0,0,0,1,371.0,1
422608,hostaway,2026-12-10T00:00:00.000000,1,0,0,0,1,479.0,1
422608,hostaway,2026-12-11T00:00:00.000000,1,0,0,0,1,1285.0,1
422608,hostaway,2026-12-12T00:00:00.000000,1,0,0,0,1,1285.0,1
422608,hostaway,2026-12-13T00:00:00.000000,1,0,0,0,1,478.0,1
422608,hostaway,2026-12-14T00:00:00.000000,1,0,0,0,1,479.0,1
422608,hostaway,2026-12-15T00:00:00.000000,1,0,0,0,1,398.0,1
422608,hostaway,2026-12-16T00:00:00.000000,1,0,0,0,1,394.0,1
422608,hostaway,2026-12-17T00:00:00.000000,1,0,0,0,1,431.0,1
422608,hostaway,2026-12-18T00:00:00.000000,1,0,0,0,1,1285.0,1
422608,hostaway,2026-12-19T00:00:00.000000,1,0,0,0,1,1285.0,1
422608,hostaway,2026-12-20T00:00:00.000000,1,0,0,0,1,497.0,1
422608,hostaway,2026-12-21T00:00:00.000000,1,0,0,0,1,507.0,1
422608,hostaway,2026-12-22T00:00:00.000000,1,0,0,0,1,504.0,1
422608,hostaway,2026-12-23T00:00:00.000000,1,0,0,0,1,524.0,1
422608,hostaway,2026-12-24T00:00:00.000000,1,0,0,0,1,544.0,1
422608,hostaway,2026-12-25T00:00:00.000000,1,0,0,0,1,1285.0,1
422608,hostaway,2026-12-26T00:00:00.000000,1,0,0,0,1,1285.0,1
422608,hostaway,2026-12-27T00:00:00.000000,1,0,0,0,1,457.0,1
422608,hostaway,2026-12-28T00:00:00.000000,1,0,0,0,1,454.0,1
422608,hostaway,2026-12-29T00:00:00.000000,1,0,0,0,1,460.0,1
422608,hostaway,2026-12-30T00:00:00.000000,1,0,0,0,1,599.0,1
422608,hostaway,2026-12-31T00:00:00.000000,1,0,0,0,1,599.0,1
422608,hostaway,2027-01-01T00:00:00.000000,1,0,0,0,1,599.0,1
422608,hostaway,2027-01-02T00:00:00.000000,1,0,0,0,1,599.0,1
422608,hostaway,2027-01-03T00:00:00.000000,1,0,0,0,1,457.0,1
407612,hostaway,2026-02-02T00:00:00.000000,1,0,0,0,1,150.0,1
407612,hostaway,2026-02-03T00:00:00.000000,1,0,0,0,1,150.0,1
407612,hostaway,2026-02-04T00:00:00.000000,1,1,0,0,1,150.0,0
407612,hostaway,2026-02-05T00:00:00.000000,1,1,0,0,1,198.0,0
407612,hostaway,2026-02-06T00:00:00.000000,1,0,0,0,1,255.0,1
407612,hostaway,2026-02-07T00:00:00.000000,1,0,0,0,1,283.0,1
407612,hostaway,2026-02-08T00:00:00.000000,1,0,0,0,1,198.0,1
407612,hostaway,2026-02-09T00:00:00.000000,1,0,0,0,1,150.0,1
407612,hostaway,2026-02-10T00:00:00.000000,1,0,0,0,1,150.0,1
407612,hostaway,2026-02-11T00:00:00.000000,1,0,0,0,1,172.0,1
407612,hostaway,2026-02-12T00:00:00.000000,1,0,0,0,1,189.0,1
407612,hostaway,2026-02-13T00:00:00.000000,1,1,0,0,1,358.0,0
407612,hostaway,2026-02-14T00:00:00.000000,1,1,0,0,1,358.0,0
407612,hostaway,2026-02-15T00:00:00.000000,1,0,0,0,1,285.0,1
407612,hostaway,2026-02-16T00:00:00.000000,1,0,0,0,1,248.0,1
407612,hostaway,2026-02-17T00:00:00.000000,1,0,0,0,1,248.0,1
407612,hostaway,2026-02-18T00:00:00.000000,1,0,0,0,1,216.0,1
407612,hostaway,2026-02-19T00:00:00.000000,1,0,0,0,1,248.0,1
407612,hostaway,2026-02-20T00:00:00.000000,1,0,0,0,1,311.0,1
407612,hostaway,2026-02-21T00:00:00.000000,1,0,0,0,1,325.0,1
407612,hostaway,2026-02-22T00:00:00.000000,1,0,0,0,1,248.0,1
407612,hostaway,2026-02-23T00:00:00.000000,1,0,0,0,1,216.0,1
407612,hostaway,2026-02-24T00:00:00.000000,1,0,0,0,1,216.0,1
407612,hostaway,2026-02-25T00:00:00.000000,1,0,0,0,1,216.0,1
407612,hostaway,2026-02-26T00:00:00.000000,1,0,0,0,1,248.0,1
407612,hostaway,2026-02-27T00:00:00.000000,1,0,0,0,1,283.0,1
407612,hostaway,2026-02-28T00:00:00.000000,1,0,0,0,1,283.0,1
407612,hostaway,2026-03-01T00:00:00.000000,1,0,0,0,1,273.0,1
407612,hostaway,2026-03-02T00:00:00.000000,1,0,0,0,1,230.0,1
407612,hostaway,2026-03-03T00:00:00.000000,1,0,0,0,1,230.0,1
407612,hostaway,2026-03-04T00:00:00.000000,1,0,0,0,1,230.0,1
407612,hostaway,2026-03-05T00:00:00.000000,1,0,0,0,1,314.0,1
407612,hostaway,2026-03-06T00:00:00.000000,1,0,0,0,1,411.0,1
407612,hostaway,2026-03-07T00:00:00.000000,1,0,0,0,1,430.0,1
407612,hostaway,2026-03-08T00:00:00.000000,1,0,0,0,1,314.0,1
407612,hostaway,2026-03-09T00:00:00.000000,1,0,0,0,1,230.0,1
407612,hostaway,2026-03-10T00:00:00.000000,1,0,0,0,1,230.0,1
407612,hostaway,2026-03-11T00:00:00.000000,1,0,0,0,1,230.0,1
407612,hostaway,2026-03-12T00:00:00.000000,1,1,0,0,1,273.0,0
407612,hostaway,2026-03-13T00:00:00.000000,1,1,0,0,1,390.0,0
407612,hostaway,2026-03-14T00:00:00.000000,1,1,0,0,1,390.0,0
407612,hostaway,2026-03-15T00:00:00.000000,1,1,0,0,1,328.0,0
407612,hostaway,2026-03-16T00:00:00.000000,1,0,0,0,1,276.0,1
407612,hostaway,2026-03-17T00:00:00.000000,1,0,0,0,1,276.0,1
407612,hostaway,2026-03-18T00:00:00.000000,1,0,0,0,1,276.0,1
407612,hostaway,2026-03-19T00:00:00.000000,1,0,0,0,1,390.0,1
407612,hostaway,2026-03-20T00:00:00.000000,1,0,0,0,1,390.0,1
407612,hostaway,2026-03-21T00:00:00.000000,1,1,0,0,1,328.0,0
407612,hostaway,2026-03-22T00:00:00.000000,1,1,0,0,1,276.0,0
407612,hostaway,2026-03-23T00:00:00.000000,1,0,0,0,1,230.0,1
407612,hostaway,2026-03-24T00:00:00.000000,1,0,0,0,1,230.0,1
407612,hostaway,2026-03-25T00:00:00.000000,1,0,0,0,1,230.0,1
407612,hostaway,2026-03-26T00:00:00.000000,1,0,0,0,1,273.0,1
407612,hostaway,2026-03-27T00:00:00.000000,1,0,0,0,1,449.0,1
407612,hostaway,2026-03-28T00:00:00.000000,1,0,0,0,1,374.0,1
407612,hostaway,2026-03-29T00:00:00.000000,1,0,0,0,1,327.0,1
407612,hostaway,2026-03-30T00:00:00.000000,1,0,0,0,1,230.0,1
407612,hostaway,2026-03-31T00:00:00.000000,1,0,0,0,1,230.0,1
407612,hostaway,2026-04-01T00:00:00.000000,1,0,0,0,1,251.0,1
407612,hostaway,2026-04-02T00:00:00.000000,1,0,0,0,1,323.0,1
407612,hostaway,2026-04-03T00:00:00.000000,1,0,0,0,1,377.0,1
407612,hostaway,2026-04-04T00:00:00.000000,1,0,0,0,1,377.0,1
407612,hostaway,2026-04-05T00:00:00.000000,1,0,0,0,1,323.0,1
407612,hostaway,2026-04-06T00:00:00.000000,1,0,0,0,1,251.0,1
407612,hostaway,2026-04-07T00:00:00.000000,1,0,0,0,1,251.0,1
407612,hostaway,2026-04-08T00:00:00.000000,1,0,0,0,1,251.0,1
407612,hostaway,2026-04-09T00:00:00.000000,1,0,0,0,1,323.0,1
407612,hostaway,2026-04-10T00:00:00.000000,1,0,0,0,1,377.0,1
407612,hostaway,2026-04-11T00:00:00.000000,1,0,0,0,1,377.0,1
407612,hostaway,2026-04-12T00:00:00.000000,1,0,0,0,1,323.0,1
407612,hostaway,2026-04-13T00:00:00.000000,1,0,0,0,1,251.0,1
407612,hostaway,2026-04-14T00:00:00.000000,1,0,0,0,1,251.0,1
407612,hostaway,2026-04-15T00:00:00.000000,1,0,0,0,1,251.0,1
407612,hostaway,2026-04-16T00:00:00.000000,1,0,0,0,1,323.0,1
407612,hostaway,2026-04-17T00:00:00.000000,1,0,0,0,1,377.0,1
407612,hostaway,2026-04-18T00:00:00.000000,1,1,0,0,1,377.0,0
407612,hostaway,2026-04-19T00:00:00.000000,1,1,0,0,1,323.0,0
407612,hostaway,2026-04-20T00:00:00.000000,1,0,0,0,1,251.0,1
407612,hostaway,2026-04-21T00:00:00.000000,1,0,0,0,1,251.0,1
407612,hostaway,2026-04-22T00:00:00.000000,1,0,0,0,1,251.0,1
407612,hostaway,2026-04-23T00:00:00.000000,1,0,0,0,1,323.0,1
407612,hostaway,2026-04-24T00:00:00.000000,1,0,0,0,1,377.0,1
407612,hostaway,2026-04-25T00:00:00.000000,1,0,0,0,1,377.0,1
407612,hostaway,2026-04-26T00:00:00.000000,1,0,0,0,1,323.0,1
407612,hostaway,2026-04-27T00:00:00.000000,1,0,0,0,1,251.0,1
407612,hostaway,2026-04-28T00:00:00.000000,1,0,0,0,1,251.0,1
407612,hostaway,2026-04-29T00:00:00.000000,1,0,0,0,1,251.0,1
407612,hostaway,2026-04-30T00:00:00.000000,1,0,0,0,1,323.0,1
407612,hostaway,2026-05-01T00:00:00.000000,1,0,0,0,1,471.0,1
407612,hostaway,2026-05-02T00:00:00.000000,1,0,0,0,1,471.0,1
407612,hostaway,2026-05-03T00:00:00.000000,1,0,0,0,1,397.0,1
407612,hostaway,2026-05-04T00:00:00.000000,1,0,0,0,1,299.0,1
407612,hostaway,2026-05-05T00:00:00.000000,1,0,0,0,1,299.0,1
407612,hostaway,2026-05-06T00:00:00.000000,1,0,0,0,1,299.0,1
407612,hostaway,2026-05-07T00:00:00.000000,1,0,0,0,1,397.0,1
407612,hostaway,2026-05-08T00:00:00.000000,1,0,0,0,1,471.0,1
407612,hostaway,2026-05-09T00:00:00.000000,1,0,0,0,1,471.0,1
407612,hostaway,2026-05-10T00:00:00.000000,1,0,0,0,1,397.0,1
407612,hostaway,2026-05-11T00:00:00.000000,1,0,0,0,1,299.0,1
407612,hostaway,2026-05-12T00:00:00.000000,1,0,0,0,1,299.0,1
407612,hostaway,2026-05-13T00:00:00.000000,1,0,0,0,1,299.0,1
407612,hostaway,2026-05-14T00:00:00.000000,1,0,0,0,1,457.0,1
407612,hostaway,2026-05-15T00:00:00.000000,1,0,0,0,1,542.0,1
407612,hostaway,2026-05-16T00:00:00.000000,1,0,0,0,1,542.0,1
407612,hostaway,2026-05-17T00:00:00.000000,1,0,0,0,1,457.0,1
407612,hostaway,2026-05-18T00:00:00.000000,1,0,0,0,1,344.0,1
407612,hostaway,2026-05-19T00:00:00.000000,1,0,0,0,1,344.0,1
407612,hostaway,2026-05-20T00:00:00.000000,1,0,0,0,1,344.0,1
407612,hostaway,2026-05-21T00:00:00.000000,1,0,0,0,1,457.0,1
407612,hostaway,2026-05-22T00:00:00.000000,1,1,0,0,1,589.0,0
407612,hostaway,2026-05-23T00:00:00.000000,1,1,0,0,1,589.0,0
407612,hostaway,2026-05-24T00:00:00.000000,1,0,0,0,1,570.0,1
407612,hostaway,2026-05-25T00:00:00.000000,1,0,0,0,1,374.0,1
407612,hostaway,2026-05-26T00:00:00.000000,1,0,0,0,1,299.0,1
407612,hostaway,2026-05-27T00:00:00.000000,1,0,0,0,1,299.0,1
407612,hostaway,2026-05-28T00:00:00.000000,1,0,0,0,1,397.0,1
407612,hostaway,2026-05-29T00:00:00.000000,1,0,0,0,1,471.0,1
407612,hostaway,2026-05-30T00:00:00.000000,1,0,0,0,1,471.0,1
407612,hostaway,2026-05-31T00:00:00.000000,1,0,0,0,1,437.0,1
407612,hostaway,2026-06-01T00:00:00.000000,1,0,0,0,1,352.0,1
407612,hostaway,2026-06-02T00:00:00.000000,1,0,0,0,1,352.0,1
407612,hostaway,2026-06-03T00:00:00.000000,1,0,0,0,1,320.0,1
407612,hostaway,2026-06-04T00:00:00.000000,1,0,0,0,1,419.0,1
407612,hostaway,2026-06-05T00:00:00.000000,1,0,0,0,1,500.0,1
407612,hostaway,2026-06-06T00:00:00.000000,1,0,0,0,1,500.0,1
407612,hostaway,2026-06-07T00:00:00.000000,1,0,0,0,1,419.0,1
407612,hostaway,2026-06-08T00:00:00.000000,1,0,0,0,1,320.0,1
407612,hostaway,2026-06-09T00:00:00.000000,1,0,0,0,1,320.0,1
407612,hostaway,2026-06-10T00:00:00.000000,1,0,0,0,1,320.0,1
407612,hostaway,2026-06-11T00:00:00.000000,1,0,0,0,1,419.0,1
407612,hostaway,2026-06-12T00:00:00.000000,1,0,0,0,1,500.0,1
407612,hostaway,2026-06-13T00:00:00.000000,1,0,0,0,1,500.0,1
407612,hostaway,2026-06-14T00:00:00.000000,1,0,0,0,1,419.0,1
407612,hostaway,2026-06-15T00:00:00.000000,1,0,0,0,1,320.0,1
407612,hostaway,2026-06-16T00:00:00.000000,1,0,0,0,1,320.0,1
407612,hostaway,2026-06-17T00:00:00.000000,1,0,0,0,1,320.0,1
407612,hostaway,2026-06-18T00:00:00.000000,1,0,0,0,1,545.0,1
407612,hostaway,2026-06-19T00:00:00.000000,1,0,0,0,1,748.0,1
407612,hostaway,2026-06-20T00:00:00.000000,1,0,0,0,1,823.0,1
407612,hostaway,2026-06-21T00:00:00.000000,1,0,0,0,1,599.0,1
407612,hostaway,2026-06-22T00:00:00.000000,1,0,0,0,1,382.0,1
407612,hostaway,2026-06-23T00:00:00.000000,1,0,0,0,1,382.0,1
407612,hostaway,2026-06-24T00:00:00.000000,1,0,0,0,1,382.0,1
407612,hostaway,2026-06-25T00:00:00.000000,1,0,0,0,1,499.0,1
407612,hostaway,2026-06-26T00:00:00.000000,1,0,0,0,1,876.0,1
407612,hostaway,2026-06-27T00:00:00.000000,1,0,0,0,1,876.0,1
407612,hostaway,2026-06-28T00:00:00.000000,1,0,0,0,1,499.0,1
407612,hostaway,2026-06-29T00:00:00.000000,1,0,0,0,1,382.0,1
407612,hostaway,2026-06-30T00:00:00.000000,1,0,0,0,1,382.0,1
407612,hostaway,2026-07-01T00:00:00.000000,1,0,0,0,1,382.0,1
407612,hostaway,2026-07-02T00:00:00.000000,1,1,0,0,1,416.0,0
407612,hostaway,2026-07-03T00:00:00.000000,1,1,0,0,1,868.0,0
407612,hostaway,2026-07-04T00:00:00.000000,1,1,0,0,1,868.0,0
407612,hostaway,2026-07-05T00:00:00.000000,1,1,0,0,1,416.0,0
407612,hostaway,2026-07-06T00:00:00.000000,1,0,0,0,1,350.0,1
407612,hostaway,2026-07-07T00:00:00.000000,1,0,0,0,1,350.0,1
407612,hostaway,2026-07-08T00:00:00.000000,1,0,0,0,1,350.0,1
407612,hostaway,2026-07-09T00:00:00.000000,1,0,0,0,1,458.0,1
407612,hostaway,2026-07-10T00:00:00.000000,1,0,0,0,1,796.0,1
407612,hostaway,2026-07-11T00:00:00.000000,1,0,0,0,1,796.0,1
407612,hostaway,2026-07-12T00:00:00.000000,1,0,0,0,1,416.0,1
407612,hostaway,2026-07-13T00:00:00.000000,1,0,0,0,1,318.0,1
407612,hostaway,2026-07-14T00:00:00.000000,1,0,0,0,1,318.0,1
407612,hostaway,2026-07-15T00:00:00.000000,1,0,0,0,1,318.0,1
407612,hostaway,2026-07-16T00:00:00.000000,1,0,0,0,1,416.0,1
407612,hostaway,2026-07-17T00:00:00.000000,1,0,0,0,1,796.0,1
407612,hostaway,2026-07-18T00:00:00.000000,1,0,0,0,1,796.0,1
407612,hostaway,2026-07-19T00:00:00.000000,1,0,0,0,1,416.0,1
407612,hostaway,2026-07-20T00:00:00.000000,1,0,0,0,1,318.0,1
407612,hostaway,2026-07-21T00:00:00.000000,1,0,0,0,1,318.0,1
407612,hostaway,2026-07-22T00:00:00.000000,1,0,0,0,1,318.0,1
407612,hostaway,2026-07-23T00:00:00.000000,1,0,0,0,1,416.0,1
407612,hostaway,2026-07-24T00:00:00.000000,1,0,0,0,1,796.0,1
407612,hostaway,2026-07-25T00:00:00.000000,1,0,0,0,1,796.0,1
407612,hostaway,2026-07-26T00:00:00.000000,1,0,0,0,1,416.0,1
407612,hostaway,2026-07-27T00:00:00.000000,1,0,0,0,1,318.0,1
407612,hostaway,2026-07-28T00:00:00.000000,1,0,0,0,1,318.0,1
407612,hostaway,2026-07-29T00:00:00.000000,1,0,0,0,1,318.0,1
407612,hostaway,2026-07-30T00:00:00.000000,1,0,0,0,1,416.0,1
407612,hostaway,2026-07-31T00:00:00.000000,1,0,0,0,1,796.0,1
407612,hostaway,2026-08-01T00:00:00.000000,1,0,0,0,1,796.0,1
407612,hostaway,2026-08-02T00:00:00.000000,1,0,0,0,1,416.0,1
407612,hostaway,2026-08-03T00:00:00.000000,1,0,0,0,1,359.0,1
407612,hostaway,2026-08-04T00:00:00.000000,1,0,0,0,1,359.0,1
407612,hostaway,2026-08-05T00:00:00.000000,1,0,0,0,1,359.0,1
407612,hostaway,2026-08-06T00:00:00.000000,1,0,0,0,1,469.0,1
407612,hostaway,2026-08-07T00:00:00.000000,1,0,0,0,1,668.0,1
407612,hostaway,2026-08-08T00:00:00.000000,1,0,0,0,1,668.0,1
407612,hostaway,2026-08-09T00:00:00.000000,1,0,0,0,1,469.0,1
407612,hostaway,2026-08-10T00:00:00.000000,1,0,0,0,1,359.0,1
407612,hostaway,2026-08-11T00:00:00.000000,1,0,0,0,1,359.0,1
407612,hostaway,2026-08-12T00:00:00.000000,1,0,0,0,1,359.0,1
407612,hostaway,2026-08-13T00:00:00.000000,1,0,0,0,1,469.0,1
407612,hostaway,2026-08-14T00:00:00.000000,1,0,0,0,1,668.0,1
407612,hostaway,2026-08-15T00:00:00.000000,1,0,0,0,1,668.0,1
407612,hostaway,2026-08-16T00:00:00.000000,1,0,0,0,1,469.0,1
407612,hostaway,2026-08-17T00:00:00.000000,1,0,0,0,1,359.0,1
407612,hostaway,2026-08-18T00:00:00.000000,1,0,0,0,1,359.0,1
407612,hostaway,2026-08-19T00:00:00.000000,1,0,0,0,1,359.0,1
407612,hostaway,2026-08-20T00:00:00.000000,1,0,0,0,1,394.0,1
407612,hostaway,2026-08-21T00:00:00.000000,1,1,0,0,1,699.0,0
407612,hostaway,2026-08-22T00:00:00.000000,1,1,0,0,1,699.0,0
407612,hostaway,2026-08-23T00:00:00.000000,1,1,0,0,1,490.0,0
407612,hostaway,2026-08-24T00:00:00.000000,1,0,0,0,1,359.0,1
407612,hostaway,2026-08-25T00:00:00.000000,1,0,0,0,1,359.0,1
407612,hostaway,2026-08-26T00:00:00.000000,1,0,0,0,1,359.0,1
407612,hostaway,2026-08-27T00:00:00.000000,1,0,0,0,1,469.0,1
407612,hostaway,2026-08-28T00:00:00.000000,1,0,0,0,1,668.0,1
407612,hostaway,2026-08-29T00:00:00.000000,1,0,0,0,1,668.0,1
407612,hostaway,2026-08-30T00:00:00.000000,1,0,0,0,1,469.0,1
407612,hostaway,2026-08-31T00:00:00.000000,1,0,0,0,1,359.0,1
407612,hostaway,2026-09-01T00:00:00.000000,1,0,0,0,1,323.0,1
407612,hostaway,2026-09-02T00:00:00.000000,1,0,0,0,1,323.0,1
407612,hostaway,2026-09-03T00:00:00.000000,1,0,0,0,1,423.0,1
407612,hostaway,2026-09-04T00:00:00.000000,1,0,0,0,1,721.0,1
407612,hostaway,2026-09-05T00:00:00.000000,1,0,0,0,1,721.0,1
407612,hostaway,2026-09-06T00:00:00.000000,1,0,0,0,1,507.0,1
407612,hostaway,2026-09-07T00:00:00.000000,1,0,0,0,1,388.0,1
407612,hostaway,2026-09-08T00:00:00.000000,1,0,0,0,1,323.0,1
407612,hostaway,2026-09-09T00:00:00.000000,1,0,0,0,1,323.0,1
407612,hostaway,2026-09-10T00:00:00.000000,1,0,0,0,1,423.0,1
407612,hostaway,2026-09-11T00:00:00.000000,1,0,0,0,1,601.0,1
407612,hostaway,2026-09-12T00:00:00.000000,1,0,0,0,1,601.0,1
407612,hostaway,2026-09-13T00:00:00.000000,1,0,0,0,1,423.0,1
407612,hostaway,2026-09-14T00:00:00.000000,1,0,0,0,1,323.0,1
407612,hostaway,2026-09-15T00:00:00.000000,1,0,0,0,1,323.0,1
407612,hostaway,2026-09-16T00:00:00.000000,1,0,0,0,1,323.0,1
407612,hostaway,2026-09-17T00:00:00.000000,1,0,0,0,1,423.0,1
407612,hostaway,2026-09-18T00:00:00.000000,1,0,0,0,1,601.0,1
407612,hostaway,2026-09-19T00:00:00.000000,1,0,0,0,1,601.0,1
407612,hostaway,2026-09-20T00:00:00.000000,1,0,0,0,1,423.0,1
407612,hostaway,2026-09-21T00:00:00.000000,1,0,0,0,1,323.0,1
407612,hostaway,2026-09-22T00:00:00.000000,1,0,0,0,1,323.0,1
407612,hostaway,2026-09-23T00:00:00.000000,1,0,0,0,1,323.0,1
407612,hostaway,2026-09-24T00:00:00.000000,1,0,0,0,1,423.0,1
407612,hostaway,2026-09-25T00:00:00.000000,1,0,0,0,1,601.0,1
407612,hostaway,2026-09-26T00:00:00.000000,1,0,0,0,1,601.0,1
407612,hostaway,2026-09-27T00:00:00.000000,1,0,0,0,1,423.0,1
407612,hostaway,2026-09-28T00:00:00.000000,1,0,0,0,1,323.0,1
407612,hostaway,2026-09-29T00:00:00.000000,1,0,0,0,1,323.0,1
407612,hostaway,2026-09-30T00:00:00.000000,1,0,0,0,1,323.0,1
407612,hostaway,2026-10-01T00:00:00.000000,1,0,0,0,1,380.0,1
407612,hostaway,2026-10-02T00:00:00.000000,1,0,0,0,1,541.0,1
407612,hostaway,2026-10-03T00:00:00.000000,1,0,0,0,1,541.0,1
407612,hostaway,2026-10-04T00:00:00.000000,1,0,0,0,1,380.0,1
407612,hostaway,2026-10-05T00:00:00.000000,1,0,0,0,1,291.0,1
407612,hostaway,2026-10-06T00:00:00.000000,1,0,0,0,1,291.0,1
407612,hostaway,2026-10-07T00:00:00.000000,1,0,0,0,1,291.0,1
407612,hostaway,2026-10-08T00:00:00.000000,1,0,0,0,1,380.0,1
407612,hostaway,2026-10-09T00:00:00.000000,1,0,0,0,1,541.0,1
407612,hostaway,2026-10-10T00:00:00.000000,1,0,0,0,1,541.0,1
407612,hostaway,2026-10-11T00:00:00.000000,1,0,0,0,1,380.0,1
407612,hostaway,2026-10-12T00:00:00.000000,1,0,0,0,1,291.0,1
407612,hostaway,2026-10-13T00:00:00.000000,1,0,0,0,1,291.0,1
407612,hostaway,2026-10-14T00:00:00.000000,1,0,0,0,1,291.0,1
407612,hostaway,2026-10-15T00:00:00.000000,1,0,0,0,1,380.0,1
407612,hostaway,2026-10-16T00:00:00.000000,1,0,0,0,1,541.0,1
407612,hostaway,2026-10-17T00:00:00.000000,1,0,0,0,1,541.0,1
407612,hostaway,2026-10-18T00:00:00.000000,1,0,0,0,1,380.0,1
407612,hostaway,2026-10-19T00:00:00.000000,1,0,0,0,1,291.0,1
407612,hostaway,2026-10-20T00:00:00.000000,1,0,0,0,1,291.0,1
407612,hostaway,2026-10-21T00:00:00.000000,1,0,0,0,1,291.0,1
407612,hostaway,2026-10-22T00:00:00.000000,1,0,0,0,1,380.0,1
407612,hostaway,2026-10-23T00:00:00.000000,1,0,0,0,1,541.0,1
407612,hostaway,2026-10-24T00:00:00.000000,1,0,0,0,1,541.0,1
407612,hostaway,2026-10-25T00:00:00.000000,1,0,0,0,1,380.0,1
407612,hostaway,2026-10-26T00:00:00.000000,1,0,0,0,1,291.0,1
407612,hostaway,2026-10-27T00:00:00.000000,1,0,0,0,1,291.0,1
407612,hostaway,2026-10-28T00:00:00.000000,1,0,0,0,1,291.0,1
407612,hostaway,2026-10-29T00:00:00.000000,1,0,0,0,1,380.0,1
407612,hostaway,2026-10-30T00:00:00.000000,1,0,0,0,1,541.0,1
407612,hostaway,2026-10-31T00:00:00.000000,1,0,0,0,1,541.0,1
407612,hostaway,2026-11-01T00:00:00.000000,1,0,0,0,1,342.0,1
407612,hostaway,2026-11-02T00:00:00.000000,1,0,0,0,1,262.0,1
407612,hostaway,2026-11-03T00:00:00.000000,1,0,0,0,1,262.0,1
407612,hostaway,2026-11-04T00:00:00.000000,1,0,0,0,1,262.0,1
407612,hostaway,2026-11-05T00:00:00.000000,1,0,0,0,1,342.0,1
407612,hostaway,2026-11-06T00:00:00.000000,1,0,0,0,1,487.0,1
407612,hostaway,2026-11-07T00:00:00.000000,1,0,0,0,1,487.0,1
407612,hostaway,2026-11-08T00:00:00.000000,1,0,0,0,1,342.0,1
407612,hostaway,2026-11-09T00:00:00.000000,1,0,0,0,1,262.0,1
407612,hostaway,2026-11-10T00:00:00.000000,1,0,0,0,1,262.0,1
407612,hostaway,2026-11-11T00:00:00.000000,1,0,0,0,1,262.0,1
407612,hostaway,2026-11-12T00:00:00.000000,1,0,0,0,1,342.0,1
407612,hostaway,2026-11-13T00:00:00.000000,1,0,0,0,1,487.0,1
407612,hostaway,2026-11-14T00:00:00.000000,1,0,0,0,1,487.0,1
407612,hostaway,2026-11-15T00:00:00.000000,1,0,0,0,1,342.0,1
407612,hostaway,2026-11-16T00:00:00.000000,1,0,0,0,1,262.0,1
407612,hostaway,2026-11-17T00:00:00.000000,1,0,0,0,1,262.0,1
407612,hostaway,2026-11-18T00:00:00.000000,1,0,0,0,1,262.0,1
407612,hostaway,2026-11-19T00:00:00.000000,1,0,0,0,1,342.0,1
407612,hostaway,2026-11-20T00:00:00.000000,1,0,0,0,1,487.0,1
407612,hostaway,2026-11-21T00:00:00.000000,1,0,0,0,1,487.0,1
407612,hostaway,2026-11-22T00:00:00.000000,1,0,0,0,1,342.0,1
407612,hostaway,2026-11-23T00:00:00.000000,1,0,0,0,1,262.0,1
407612,hostaway,2026-11-24T00:00:00.000000,1,0,0,0,1,262.0,1
407612,hostaway,2026-11-25T00:00:00.000000,1,0,0,0,1,262.0,1
407612,hostaway,2026-11-26T00:00:00.000000,1,0,0,0,1,479.0,1
407612,hostaway,2026-11-27T00:00:00.000000,1,0,0,0,1,487.0,1
407612,hostaway,2026-11-28T00:00:00.000000,1,0,0,0,1,487.0,1
407612,hostaway,2026-11-29T00:00:00.000000,1,0,0,0,1,342.0,1
407612,hostaway,2026-11-30T00:00:00.000000,1,0,0,0,1,262.0,1
407612,hostaway,2026-12-01T00:00:00.000000,1,0,0,0,1,236.0,1
407612,hostaway,2026-12-02T00:00:00.000000,1,0,0,0,1,236.0,1
407612,hostaway,2026-12-03T00:00:00.000000,1,0,0,0,1,308.0,1
407612,hostaway,2026-12-04T00:00:00.000000,1,0,0,0,1,438.0,1
407612,hostaway,2026-12-05T00:00:00.000000,1,0,0,0,1,438.0,1
407612,hostaway,2026-12-06T00:00:00.000000,1,0,0,0,1,308.0,1
407612,hostaway,2026-12-07T00:00:00.000000,1,0,0,0,1,236.0,1
407612,hostaway,2026-12-08T00:00:00.000000,1,0,0,0,1,236.0,1
407612,hostaway,2026-12-09T00:00:00.000000,1,0,0,0,1,236.0,1
407612,hostaway,2026-12-10T00:00:00.000000,1,0,0,0,1,308.0,1
407612,hostaway,2026-12-11T00:00:00.000000,1,0,0,0,1,438.0,1
407612,hostaway,2026-12-12T00:00:00.000000,1,0,0,0,1,438.0,1
407612,hostaway,2026-12-13T00:00:00.000000,1,0,0,0,1,308.0,1
407612,hostaway,2026-12-14T00:00:00.000000,1,0,0,0,1,236.0,1
407612,hostaway,2026-12-15T00:00:00.000000,1,0,0,0,1,236.0,1
407612,hostaway,2026-12-16T00:00:00.000000,1,0,0,0,1,236.0,1
407612,hostaway,2026-12-17T00:00:00.000000,1,0,0,0,1,370.0,1
407612,hostaway,2026-12-18T00:00:00.000000,1,0,0,0,1,526.0,1
407612,hostaway,2026-12-19T00:00:00.000000,1,0,0,0,1,526.0,1
407612,hostaway,2026-12-20T00:00:00.000000,1,0,0,0,1,370.0,1
407612,hostaway,2026-12-21T00:00:00.000000,1,0,0,0,1,283.0,1
407612,hostaway,2026-12-22T00:00:00.000000,1,0,0,0,1,283.0,1
407612,hostaway,2026-12-23T00:00:00.000000,1,0,0,0,1,283.0,1
407612,hostaway,2026-12-24T00:00:00.000000,1,0,0,0,1,431.0,1
407612,hostaway,2026-12-25T00:00:00.000000,1,0,0,0,1,789.0,1
407612,hostaway,2026-12-26T00:00:00.000000,1,0,0,0,1,789.0,1
407612,hostaway,2026-12-27T00:00:00.000000,1,0,0,0,1,308.0,1
407612,hostaway,2026-12-28T00:00:00.000000,1,0,0,0,1,236.0,1
407612,hostaway,2026-12-29T00:00:00.000000,1,0,0,0,1,236.0,1
407612,hostaway,2026-12-30T00:00:00.000000,1,0,0,0,1,943.0,1
407612,hostaway,2026-12-31T00:00:00.000000,1,0,0,0,1,943.0,1
407612,hostaway,2027-01-01T00:00:00.000000,1,0,0,0,1,351.0,1
407612,hostaway,2027-01-02T00:00:00.000000,1,0,0,0,1,351.0,1
407612,hostaway,2027-01-03T00:00:00.000000,1,0,0,0,1,293.0,1
